method,regime,noise,seed,TPR,FPR,CS
LPCMCI,lingauss1,0.1,0,1.0,0.0,1.0
LPCMCI,lingauss1,0.1,1,1.0,0.0,1.0
LPCMCI,lingauss1,0.1,2,1.0,0.0,1.0
LPCMCI,lingauss1,0.1,3,1.0,0.0,1.0
LPCMCI,lingauss1,0.1,4,1.0,0.111111,0.888889
LPCMCI,lingauss1,0.1,5,1.0,0.111111,0.888889
LPCMCI,lingauss1,0.1,6,0.666667,0.111111,0.555556
LPCMCI,lingauss1,0.1,7,0.666667,0.333333,0.333333
LPCMCI,lingauss1,0.1,8,1.0,0.0,1.0
LPCMCI,lingauss1,0.1,9,1.0,0.0,1.0
LPCMCI,lingauss1,0.1,10,1.0,0.111111,0.888889
LPCMCI,lingauss1,0.1,11,1.0,0.333333,0.666667
LPCMCI,lingauss1,0.1,12,1.0,0.222222,0.777778
LPCMCI,lingauss1,0.1,13,1.0,0.0,1.0
LPCMCI,lingauss1,0.1,14,1.0,0.111111,0.888889
LPCMCI,lingauss1,0.1,15,1.0,0.0,1.0
LPCMCI,lingauss1,0.1,16,1.0,0.0,1.0
LPCMCI,lingauss1,0.1,17,1.0,0.0,1.0
LPCMCI,lingauss1,0.1,18,1.0,0.0,1.0
LPCMCI,lingauss1,0.1,19,1.0,0.0,1.0
LPCMCI,lingauss1,0.1,20,1.0,0.0,1.0
LPCMCI,lingauss1,0.1,21,1.0,0.0,1.0
LPCMCI,lingauss1,0.1,22,1.0,0.0,1.0
LPCMCI,lingauss1,0.1,23,0.666667,0.222222,0.444444
LPCMCI,lingauss1,0.1,24,1.0,0.111111,0.888889
LPCMCI,lingauss1,0.1,25,1.0,0.111111,0.888889
LPCMCI,lingauss1,0.1,26,1.0,0.111111,0.888889
LPCMCI,lingauss1,0.1,27,0.666667,0.111111,0.555556
LPCMCI,lingauss1,0.1,28,1.0,0.0,1.0
LPCMCI,lingauss1,0.1,29,1.0,0.0,1.0
LPCMCI,lingauss1,0.1,30,1.0,0.111111,0.888889
LPCMCI,lingauss1,0.1,31,1.0,0.0,1.0
LPCMCI,lingauss1,0.1,32,1.0,0.0,1.0
LPCMCI,lingauss1,0.1,33,1.0,0.0,1.0
LPCMCI,lingauss1,0.1,34,1.0,0.0,1.0
LPCMCI,lingauss1,0.1,35,0.666667,0.222222,0.444444
LPCMCI,lingauss1,0.1,36,1.0,0.333333,0.666667
LPCMCI,lingauss1,0.1,37,1.0,0.0,1.0
LPCMCI,lingauss1,0.1,38,1.0,0.0,1.0
LPCMCI,lingauss1,0.1,39,1.0,0.0,1.0
LPCMCI,lingauss1,0.1,40,0.666667,0.111111,0.555556
LPCMCI,lingauss1,0.1,41,1.0,0.111111,0.888889
LPCMCI,lingauss1,0.1,42,1.0,0.0,1.0
LPCMCI,lingauss1,0.1,43,1.0,0.0,1.0
LPCMCI,lingauss1,0.1,44,1.0,0.0,1.0
LPCMCI,lingauss1,0.1,45,1.0,0.111111,0.888889
LPCMCI,lingauss1,0.1,46,1.0,0.0,1.0
LPCMCI,lingauss1,0.1,47,1.0,0.0,1.0
LPCMCI,lingauss1,0.1,48,1.0,0.111111,0.888889
LPCMCI,lingauss1,0.1,49,0.666667,0.222222,0.444444
LPCMCI,lingauss1,0.5,0,1.0,0.0,1.0
LPCMCI,lingauss1,0.5,1,1.0,0.0,1.0
LPCMCI,lingauss1,0.5,2,1.0,0.0,1.0
LPCMCI,lingauss1,0.5,3,1.0,0.0,1.0
LPCMCI,lingauss1,0.5,4,1.0,0.111111,0.888889
LPCMCI,lingauss1,0.5,5,1.0,0.111111,0.888889
LPCMCI,lingauss1,0.5,6,0.666667,0.111111,0.555556
LPCMCI,lingauss1,0.5,7,0.666667,0.333333,0.333333
LPCMCI,lingauss1,0.5,8,1.0,0.0,1.0
LPCMCI,lingauss1,0.5,9,1.0,0.0,1.0
LPCMCI,lingauss1,0.5,10,1.0,0.111111,0.888889
LPCMCI,lingauss1,0.5,11,1.0,0.333333,0.666667
LPCMCI,lingauss1,0.5,12,1.0,0.111111,0.888889
LPCMCI,lingauss1,0.5,13,1.0,0.0,1.0
LPCMCI,lingauss1,0.5,14,1.0,0.0,1.0
LPCMCI,lingauss1,0.5,15,1.0,0.0,1.0
LPCMCI,lingauss1,0.5,16,1.0,0.0,1.0
LPCMCI,lingauss1,0.5,17,1.0,0.0,1.0
LPCMCI,lingauss1,0.5,18,1.0,0.0,1.0
LPCMCI,lingauss1,0.5,19,1.0,0.0,1.0
LPCMCI,lingauss1,0.5,20,1.0,0.0,1.0
LPCMCI,lingauss1,0.5,21,1.0,0.0,1.0
LPCMCI,lingauss1,0.5,22,1.0,0.0,1.0
LPCMCI,lingauss1,0.5,23,0.666667,0.222222,0.444444
LPCMCI,lingauss1,0.5,24,1.0,0.111111,0.888889
LPCMCI,lingauss1,0.5,25,1.0,0.111111,0.888889
LPCMCI,lingauss1,0.5,26,1.0,0.111111,0.888889
LPCMCI,lingauss1,0.5,27,0.666667,0.111111,0.555556
LPCMCI,lingauss1,0.5,28,1.0,0.0,1.0
LPCMCI,lingauss1,0.5,29,1.0,0.0,1.0
LPCMCI,lingauss1,0.5,30,1.0,0.111111,0.888889
LPCMCI,lingauss1,0.5,31,1.0,0.0,1.0
LPCMCI,lingauss1,0.5,32,1.0,0.0,1.0
LPCMCI,lingauss1,0.5,33,1.0,0.0,1.0
LPCMCI,lingauss1,0.5,34,1.0,0.0,1.0
LPCMCI,lingauss1,0.5,35,0.666667,0.222222,0.444444
LPCMCI,lingauss1,0.5,36,1.0,0.222222,0.777778
LPCMCI,lingauss1,0.5,37,1.0,0.0,1.0
LPCMCI,lingauss1,0.5,38,1.0,0.0,1.0
LPCMCI,lingauss1,0.5,39,1.0,0.0,1.0
LPCMCI,lingauss1,0.5,40,0.666667,0.111111,0.555556
LPCMCI,lingauss1,0.5,41,1.0,0.111111,0.888889
LPCMCI,lingauss1,0.5,42,1.0,0.0,1.0
LPCMCI,lingauss1,0.5,43,1.0,0.0,1.0
LPCMCI,lingauss1,0.5,44,1.0,0.0,1.0
LPCMCI,lingauss1,0.5,45,1.0,0.222222,0.777778
LPCMCI,lingauss1,0.5,46,1.0,0.0,1.0
LPCMCI,lingauss1,0.5,47,1.0,0.0,1.0
LPCMCI,lingauss1,0.5,48,1.0,0.111111,0.888889
LPCMCI,lingauss1,0.5,49,0.666667,0.222222,0.444444
LPCMCI,lingauss1,1,0,1.0,0.0,1.0
LPCMCI,lingauss1,1,1,1.0,0.0,1.0
LPCMCI,lingauss1,1,2,1.0,0.0,1.0
LPCMCI,lingauss1,1,3,1.0,0.0,1.0
LPCMCI,lingauss1,1,4,1.0,0.111111,0.888889
LPCMCI,lingauss1,1,5,1.0,0.111111,0.888889
LPCMCI,lingauss1,1,6,0.666667,0.111111,0.555556
LPCMCI,lingauss1,1,7,0.666667,0.333333,0.333333
LPCMCI,lingauss1,1,8,1.0,0.0,1.0
LPCMCI,lingauss1,1,9,1.0,0.0,1.0
LPCMCI,lingauss1,1,10,1.0,0.111111,0.888889
LPCMCI,lingauss1,1,11,1.0,0.333333,0.666667
LPCMCI,lingauss1,1,12,1.0,0.111111,0.888889
LPCMCI,lingauss1,1,13,1.0,0.0,1.0
LPCMCI,lingauss1,1,14,1.0,0.0,1.0
LPCMCI,lingauss1,1,15,1.0,0.0,1.0
LPCMCI,lingauss1,1,16,1.0,0.0,1.0
LPCMCI,lingauss1,1,17,1.0,0.0,1.0
LPCMCI,lingauss1,1,18,1.0,0.0,1.0
LPCMCI,lingauss1,1,19,1.0,0.0,1.0
LPCMCI,lingauss1,1,20,1.0,0.0,1.0
LPCMCI,lingauss1,1,21,1.0,0.0,1.0
LPCMCI,lingauss1,1,22,1.0,0.0,1.0
LPCMCI,lingauss1,1,23,0.666667,0.222222,0.444444
LPCMCI,lingauss1,1,24,1.0,0.111111,0.888889
LPCMCI,lingauss1,1,25,1.0,0.111111,0.888889
LPCMCI,lingauss1,1,26,1.0,0.111111,0.888889
LPCMCI,lingauss1,1,27,0.666667,0.111111,0.555556
LPCMCI,lingauss1,1,28,1.0,0.0,1.0
LPCMCI,lingauss1,1,29,1.0,0.0,1.0
LPCMCI,lingauss1,1,30,1.0,0.111111,0.888889
LPCMCI,lingauss1,1,31,1.0,0.0,1.0
LPCMCI,lingauss1,1,32,1.0,0.0,1.0
LPCMCI,lingauss1,1,33,1.0,0.0,1.0
LPCMCI,lingauss1,1,34,1.0,0.0,1.0
LPCMCI,lingauss1,1,35,0.666667,0.222222,0.444444
LPCMCI,lingauss1,1,36,1.0,0.222222,0.777778
LPCMCI,lingauss1,1,37,1.0,0.0,1.0
LPCMCI,lingauss1,1,38,1.0,0.0,1.0
LPCMCI,lingauss1,1,39,1.0,0.0,1.0
LPCMCI,lingauss1,1,40,0.666667,0.111111,0.555556
LPCMCI,lingauss1,1,41,1.0,0.111111,0.888889
LPCMCI,lingauss1,1,42,1.0,0.0,1.0
LPCMCI,lingauss1,1,43,1.0,0.0,1.0
LPCMCI,lingauss1,1,44,1.0,0.0,1.0
LPCMCI,lingauss1,1,45,1.0,0.222222,0.777778
LPCMCI,lingauss1,1,46,1.0,0.0,1.0
LPCMCI,lingauss1,1,47,1.0,0.0,1.0
LPCMCI,lingauss1,1,48,1.0,0.111111,0.888889
LPCMCI,lingauss1,1,49,0.666667,0.222222,0.444444
LPCMCI,lingauss1,1.5,0,1.0,0.0,1.0
LPCMCI,lingauss1,1.5,1,1.0,0.0,1.0
LPCMCI,lingauss1,1.5,2,1.0,0.0,1.0
LPCMCI,lingauss1,1.5,3,1.0,0.0,1.0
LPCMCI,lingauss1,1.5,4,1.0,0.111111,0.888889
LPCMCI,lingauss1,1.5,5,1.0,0.111111,0.888889
LPCMCI,lingauss1,1.5,6,0.666667,0.111111,0.555556
LPCMCI,lingauss1,1.5,7,0.666667,0.333333,0.333333
LPCMCI,lingauss1,1.5,8,1.0,0.0,1.0
LPCMCI,lingauss1,1.5,9,1.0,0.0,1.0
LPCMCI,lingauss1,1.5,10,1.0,0.111111,0.888889
LPCMCI,lingauss1,1.5,11,1.0,0.333333,0.666667
LPCMCI,lingauss1,1.5,12,1.0,0.111111,0.888889
LPCMCI,lingauss1,1.5,13,1.0,0.0,1.0
LPCMCI,lingauss1,1.5,14,1.0,0.0,1.0
LPCMCI,lingauss1,1.5,15,1.0,0.0,1.0
LPCMCI,lingauss1,1.5,16,1.0,0.0,1.0
LPCMCI,lingauss1,1.5,17,1.0,0.0,1.0
LPCMCI,lingauss1,1.5,18,1.0,0.0,1.0
LPCMCI,lingauss1,1.5,19,1.0,0.0,1.0
LPCMCI,lingauss1,1.5,20,1.0,0.0,1.0
LPCMCI,lingauss1,1.5,21,1.0,0.0,1.0
LPCMCI,lingauss1,1.5,22,1.0,0.0,1.0
LPCMCI,lingauss1,1.5,23,0.666667,0.222222,0.444444
LPCMCI,lingauss1,1.5,24,1.0,0.111111,0.888889
LPCMCI,lingauss1,1.5,25,1.0,0.111111,0.888889
LPCMCI,lingauss1,1.5,26,1.0,0.111111,0.888889
LPCMCI,lingauss1,1.5,27,0.666667,0.111111,0.555556
LPCMCI,lingauss1,1.5,28,1.0,0.0,1.0
LPCMCI,lingauss1,1.5,29,1.0,0.0,1.0
LPCMCI,lingauss1,1.5,30,1.0,0.111111,0.888889
LPCMCI,lingauss1,1.5,31,1.0,0.0,1.0
LPCMCI,lingauss1,1.5,32,1.0,0.0,1.0
LPCMCI,lingauss1,1.5,33,1.0,0.0,1.0
LPCMCI,lingauss1,1.5,34,1.0,0.0,1.0
LPCMCI,lingauss1,1.5,35,0.666667,0.222222,0.444444
LPCMCI,lingauss1,1.5,36,1.0,0.222222,0.777778
LPCMCI,lingauss1,1.5,37,1.0,0.0,1.0
LPCMCI,lingauss1,1.5,38,1.0,0.0,1.0
LPCMCI,lingauss1,1.5,39,1.0,0.0,1.0
LPCMCI,lingauss1,1.5,40,0.666667,0.111111,0.555556
LPCMCI,lingauss1,1.5,41,1.0,0.111111,0.888889
LPCMCI,lingauss1,1.5,42,1.0,0.0,1.0
LPCMCI,lingauss1,1.5,43,1.0,0.0,1.0
LPCMCI,lingauss1,1.5,44,1.0,0.0,1.0
LPCMCI,lingauss1,1.5,45,1.0,0.222222,0.777778
LPCMCI,lingauss1,1.5,46,1.0,0.0,1.0
LPCMCI,lingauss1,1.5,47,1.0,0.0,1.0
LPCMCI,lingauss1,1.5,48,1.0,0.111111,0.888889
LPCMCI,lingauss1,1.5,49,0.666667,0.222222,0.444444
LPCMCI,lingauss1,2,0,1.0,0.0,1.0
LPCMCI,lingauss1,2,1,1.0,0.0,1.0
LPCMCI,lingauss1,2,2,1.0,0.0,1.0
LPCMCI,lingauss1,2,3,1.0,0.0,1.0
LPCMCI,lingauss1,2,4,1.0,0.111111,0.888889
LPCMCI,lingauss1,2,5,1.0,0.111111,0.888889
LPCMCI,lingauss1,2,6,0.666667,0.111111,0.555556
LPCMCI,lingauss1,2,7,0.666667,0.333333,0.333333
LPCMCI,lingauss1,2,8,1.0,0.0,1.0
LPCMCI,lingauss1,2,9,1.0,0.0,1.0
LPCMCI,lingauss1,2,10,1.0,0.111111,0.888889
LPCMCI,lingauss1,2,11,1.0,0.333333,0.666667
LPCMCI,lingauss1,2,12,1.0,0.111111,0.888889
LPCMCI,lingauss1,2,13,1.0,0.0,1.0
LPCMCI,lingauss1,2,14,1.0,0.0,1.0
LPCMCI,lingauss1,2,15,1.0,0.0,1.0
LPCMCI,lingauss1,2,16,1.0,0.0,1.0
LPCMCI,lingauss1,2,17,1.0,0.0,1.0
LPCMCI,lingauss1,2,18,1.0,0.0,1.0
LPCMCI,lingauss1,2,19,1.0,0.0,1.0
LPCMCI,lingauss1,2,20,1.0,0.0,1.0
LPCMCI,lingauss1,2,21,1.0,0.0,1.0
LPCMCI,lingauss1,2,22,1.0,0.0,1.0
LPCMCI,lingauss1,2,23,0.666667,0.222222,0.444444
LPCMCI,lingauss1,2,24,1.0,0.111111,0.888889
LPCMCI,lingauss1,2,25,1.0,0.111111,0.888889
LPCMCI,lingauss1,2,26,1.0,0.111111,0.888889
LPCMCI,lingauss1,2,27,0.666667,0.111111,0.555556
LPCMCI,lingauss1,2,28,1.0,0.0,1.0
LPCMCI,lingauss1,2,29,1.0,0.0,1.0
LPCMCI,lingauss1,2,30,1.0,0.111111,0.888889
LPCMCI,lingauss1,2,31,1.0,0.0,1.0
LPCMCI,lingauss1,2,32,1.0,0.0,1.0
LPCMCI,lingauss1,2,33,1.0,0.0,1.0
LPCMCI,lingauss1,2,34,1.0,0.0,1.0
LPCMCI,lingauss1,2,35,0.666667,0.222222,0.444444
LPCMCI,lingauss1,2,36,1.0,0.222222,0.777778
LPCMCI,lingauss1,2,37,1.0,0.0,1.0
LPCMCI,lingauss1,2,38,1.0,0.0,1.0
LPCMCI,lingauss1,2,39,1.0,0.0,1.0
LPCMCI,lingauss1,2,40,0.666667,0.111111,0.555556
LPCMCI,lingauss1,2,41,1.0,0.111111,0.888889
LPCMCI,lingauss1,2,42,1.0,0.0,1.0
LPCMCI,lingauss1,2,43,1.0,0.0,1.0
LPCMCI,lingauss1,2,44,1.0,0.0,1.0
LPCMCI,lingauss1,2,45,1.0,0.222222,0.777778
LPCMCI,lingauss1,2,46,1.0,0.0,1.0
LPCMCI,lingauss1,2,47,1.0,0.0,1.0
LPCMCI,lingauss1,2,48,1.0,0.111111,0.888889
LPCMCI,lingauss1,2,49,0.666667,0.222222,0.444444
LPCMCI,lingauss1,2.5,0,1.0,0.0,1.0
LPCMCI,lingauss1,2.5,1,1.0,0.0,1.0
LPCMCI,lingauss1,2.5,2,1.0,0.0,1.0
LPCMCI,lingauss1,2.5,3,1.0,0.0,1.0
LPCMCI,lingauss1,2.5,4,1.0,0.111111,0.888889
LPCMCI,lingauss1,2.5,5,1.0,0.111111,0.888889
LPCMCI,lingauss1,2.5,6,0.666667,0.111111,0.555556
LPCMCI,lingauss1,2.5,7,0.666667,0.333333,0.333333
LPCMCI,lingauss1,2.5,8,1.0,0.0,1.0
LPCMCI,lingauss1,2.5,9,1.0,0.0,1.0
LPCMCI,lingauss1,2.5,10,1.0,0.111111,0.888889
LPCMCI,lingauss1,2.5,11,1.0,0.333333,0.666667
LPCMCI,lingauss1,2.5,12,1.0,0.111111,0.888889
LPCMCI,lingauss1,2.5,13,1.0,0.0,1.0
LPCMCI,lingauss1,2.5,14,1.0,0.0,1.0
LPCMCI,lingauss1,2.5,15,1.0,0.0,1.0
LPCMCI,lingauss1,2.5,16,1.0,0.0,1.0
LPCMCI,lingauss1,2.5,17,1.0,0.0,1.0
LPCMCI,lingauss1,2.5,18,1.0,0.0,1.0
LPCMCI,lingauss1,2.5,19,1.0,0.0,1.0
LPCMCI,lingauss1,2.5,20,1.0,0.0,1.0
LPCMCI,lingauss1,2.5,21,1.0,0.0,1.0
LPCMCI,lingauss1,2.5,22,1.0,0.0,1.0
LPCMCI,lingauss1,2.5,23,0.666667,0.222222,0.444444
LPCMCI,lingauss1,2.5,24,1.0,0.111111,0.888889
LPCMCI,lingauss1,2.5,25,1.0,0.111111,0.888889
LPCMCI,lingauss1,2.5,26,1.0,0.111111,0.888889
LPCMCI,lingauss1,2.5,27,0.666667,0.111111,0.555556
LPCMCI,lingauss1,2.5,28,1.0,0.0,1.0
LPCMCI,lingauss1,2.5,29,1.0,0.0,1.0
LPCMCI,lingauss1,2.5,30,1.0,0.111111,0.888889
LPCMCI,lingauss1,2.5,31,1.0,0.0,1.0
LPCMCI,lingauss1,2.5,32,1.0,0.0,1.0
LPCMCI,lingauss1,2.5,33,1.0,0.0,1.0
LPCMCI,lingauss1,2.5,34,1.0,0.0,1.0
LPCMCI,lingauss1,2.5,35,0.666667,0.222222,0.444444
LPCMCI,lingauss1,2.5,36,1.0,0.222222,0.777778
LPCMCI,lingauss1,2.5,37,1.0,0.0,1.0
LPCMCI,lingauss1,2.5,38,1.0,0.0,1.0
LPCMCI,lingauss1,2.5,39,1.0,0.0,1.0
LPCMCI,lingauss1,2.5,40,0.666667,0.111111,0.555556
LPCMCI,lingauss1,2.5,41,1.0,0.111111,0.888889
LPCMCI,lingauss1,2.5,42,1.0,0.0,1.0
LPCMCI,lingauss1,2.5,43,1.0,0.0,1.0
LPCMCI,lingauss1,2.5,44,1.0,0.0,1.0
LPCMCI,lingauss1,2.5,45,1.0,0.222222,0.777778
LPCMCI,lingauss1,2.5,46,1.0,0.0,1.0
LPCMCI,lingauss1,2.5,47,1.0,0.0,1.0
LPCMCI,lingauss1,2.5,48,1.0,0.111111,0.888889
LPCMCI,lingauss1,2.5,49,0.666667,0.222222,0.444444
LPCMCI,lingauss1,3,0,1.0,0.0,1.0
LPCMCI,lingauss1,3,1,1.0,0.0,1.0
LPCMCI,lingauss1,3,2,1.0,0.0,1.0
LPCMCI,lingauss1,3,3,1.0,0.0,1.0
LPCMCI,lingauss1,3,4,1.0,0.111111,0.888889
LPCMCI,lingauss1,3,5,1.0,0.111111,0.888889
LPCMCI,lingauss1,3,6,0.666667,0.111111,0.555556
LPCMCI,lingauss1,3,7,0.666667,0.333333,0.333333
LPCMCI,lingauss1,3,8,1.0,0.0,1.0
LPCMCI,lingauss1,3,9,1.0,0.0,1.0
LPCMCI,lingauss1,3,10,1.0,0.111111,0.888889
LPCMCI,lingauss1,3,11,1.0,0.333333,0.666667
LPCMCI,lingauss1,3,12,1.0,0.111111,0.888889
LPCMCI,lingauss1,3,13,1.0,0.0,1.0
LPCMCI,lingauss1,3,14,1.0,0.0,1.0
LPCMCI,lingauss1,3,15,1.0,0.0,1.0
LPCMCI,lingauss1,3,16,1.0,0.0,1.0
LPCMCI,lingauss1,3,17,1.0,0.0,1.0
LPCMCI,lingauss1,3,18,1.0,0.0,1.0
LPCMCI,lingauss1,3,19,1.0,0.0,1.0
LPCMCI,lingauss1,3,20,1.0,0.0,1.0
LPCMCI,lingauss1,3,21,1.0,0.0,1.0
LPCMCI,lingauss1,3,22,1.0,0.0,1.0
LPCMCI,lingauss1,3,23,0.666667,0.222222,0.444444
LPCMCI,lingauss1,3,24,1.0,0.111111,0.888889
LPCMCI,lingauss1,3,25,1.0,0.111111,0.888889
LPCMCI,lingauss1,3,26,1.0,0.111111,0.888889
LPCMCI,lingauss1,3,27,0.666667,0.111111,0.555556
LPCMCI,lingauss1,3,28,1.0,0.0,1.0
LPCMCI,lingauss1,3,29,1.0,0.0,1.0
LPCMCI,lingauss1,3,30,1.0,0.111111,0.888889
LPCMCI,lingauss1,3,31,1.0,0.0,1.0
LPCMCI,lingauss1,3,32,1.0,0.0,1.0
LPCMCI,lingauss1,3,33,1.0,0.0,1.0
LPCMCI,lingauss1,3,34,1.0,0.0,1.0
LPCMCI,lingauss1,3,35,0.666667,0.222222,0.444444
LPCMCI,lingauss1,3,36,1.0,0.222222,0.777778
LPCMCI,lingauss1,3,37,1.0,0.0,1.0
LPCMCI,lingauss1,3,38,1.0,0.0,1.0
LPCMCI,lingauss1,3,39,1.0,0.0,1.0
LPCMCI,lingauss1,3,40,0.666667,0.111111,0.555556
LPCMCI,lingauss1,3,41,1.0,0.111111,0.888889
LPCMCI,lingauss1,3,42,1.0,0.0,1.0
LPCMCI,lingauss1,3,43,1.0,0.0,1.0
LPCMCI,lingauss1,3,44,1.0,0.0,1.0
LPCMCI,lingauss1,3,45,1.0,0.222222,0.777778
LPCMCI,lingauss1,3,46,1.0,0.0,1.0
LPCMCI,lingauss1,3,47,1.0,0.0,1.0
LPCMCI,lingauss1,3,48,1.0,0.111111,0.888889
LPCMCI,lingauss1,3,49,0.666667,0.222222,0.444444
LPCMCI,lingauss1,3.5,0,1.0,0.0,1.0
LPCMCI,lingauss1,3.5,1,1.0,0.0,1.0
LPCMCI,lingauss1,3.5,2,1.0,0.0,1.0
LPCMCI,lingauss1,3.5,3,1.0,0.0,1.0
LPCMCI,lingauss1,3.5,4,1.0,0.111111,0.888889
LPCMCI,lingauss1,3.5,5,1.0,0.111111,0.888889
LPCMCI,lingauss1,3.5,6,0.666667,0.111111,0.555556
LPCMCI,lingauss1,3.5,7,0.666667,0.333333,0.333333
LPCMCI,lingauss1,3.5,8,1.0,0.0,1.0
LPCMCI,lingauss1,3.5,9,1.0,0.0,1.0
LPCMCI,lingauss1,3.5,10,1.0,0.111111,0.888889
LPCMCI,lingauss1,3.5,11,1.0,0.333333,0.666667
LPCMCI,lingauss1,3.5,12,1.0,0.111111,0.888889
LPCMCI,lingauss1,3.5,13,1.0,0.0,1.0
LPCMCI,lingauss1,3.5,14,1.0,0.0,1.0
LPCMCI,lingauss1,3.5,15,1.0,0.0,1.0
LPCMCI,lingauss1,3.5,16,1.0,0.0,1.0
LPCMCI,lingauss1,3.5,17,1.0,0.0,1.0
LPCMCI,lingauss1,3.5,18,1.0,0.0,1.0
LPCMCI,lingauss1,3.5,19,1.0,0.0,1.0
LPCMCI,lingauss1,3.5,20,1.0,0.0,1.0
LPCMCI,lingauss1,3.5,21,1.0,0.0,1.0
LPCMCI,lingauss1,3.5,22,1.0,0.0,1.0
LPCMCI,lingauss1,3.5,23,0.666667,0.222222,0.444444
LPCMCI,lingauss1,3.5,24,1.0,0.111111,0.888889
LPCMCI,lingauss1,3.5,25,1.0,0.111111,0.888889
LPCMCI,lingauss1,3.5,26,1.0,0.111111,0.888889
LPCMCI,lingauss1,3.5,27,0.666667,0.111111,0.555556
LPCMCI,lingauss1,3.5,28,1.0,0.0,1.0
LPCMCI,lingauss1,3.5,29,1.0,0.0,1.0
LPCMCI,lingauss1,3.5,30,1.0,0.111111,0.888889
LPCMCI,lingauss1,3.5,31,1.0,0.0,1.0
LPCMCI,lingauss1,3.5,32,1.0,0.0,1.0
LPCMCI,lingauss1,3.5,33,1.0,0.0,1.0
LPCMCI,lingauss1,3.5,34,1.0,0.0,1.0
LPCMCI,lingauss1,3.5,35,0.666667,0.222222,0.444444
LPCMCI,lingauss1,3.5,36,1.0,0.222222,0.777778
LPCMCI,lingauss1,3.5,37,1.0,0.0,1.0
LPCMCI,lingauss1,3.5,38,1.0,0.0,1.0
LPCMCI,lingauss1,3.5,39,1.0,0.0,1.0
LPCMCI,lingauss1,3.5,40,0.666667,0.111111,0.555556
LPCMCI,lingauss1,3.5,41,1.0,0.111111,0.888889
LPCMCI,lingauss1,3.5,42,1.0,0.0,1.0
LPCMCI,lingauss1,3.5,43,1.0,0.0,1.0
LPCMCI,lingauss1,3.5,44,1.0,0.0,1.0
LPCMCI,lingauss1,3.5,45,1.0,0.222222,0.777778
LPCMCI,lingauss1,3.5,46,1.0,0.0,1.0
LPCMCI,lingauss1,3.5,47,1.0,0.0,1.0
LPCMCI,lingauss1,3.5,48,1.0,0.111111,0.888889
LPCMCI,lingauss1,3.5,49,0.666667,0.222222,0.444444
LPCMCI,lingauss2,0.1,0,1.0,0.0,1.0
LPCMCI,lingauss2,0.1,1,1.0,0.0,1.0
LPCMCI,lingauss2,0.1,2,1.0,0.0,1.0
LPCMCI,lingauss2,0.1,3,1.0,0.0,1.0
LPCMCI,lingauss2,0.1,4,1.0,0.0,1.0
LPCMCI,lingauss2,0.1,5,1.0,0.125,0.875
LPCMCI,lingauss2,0.1,6,0.75,0.125,0.625
LPCMCI,lingauss2,0.1,7,1.0,0.25,0.75
LPCMCI,lingauss2,0.1,8,1.0,0.0,1.0
LPCMCI,lingauss2,0.1,9,1.0,0.125,0.875
LPCMCI,lingauss2,0.1,10,1.0,0.0,1.0
LPCMCI,lingauss2,0.1,11,1.0,0.125,0.875
LPCMCI,lingauss2,0.1,12,1.0,0.0,1.0
LPCMCI,lingauss2,0.1,13,1.0,0.0,1.0
LPCMCI,lingauss2,0.1,14,1.0,0.125,0.875
LPCMCI,lingauss2,0.1,15,1.0,0.0,1.0
LPCMCI,lingauss2,0.1,16,1.0,0.0,1.0
LPCMCI,lingauss2,0.1,17,1.0,0.0,1.0
LPCMCI,lingauss2,0.1,18,1.0,0.0,1.0
LPCMCI,lingauss2,0.1,19,1.0,0.0,1.0
LPCMCI,lingauss2,0.1,20,1.0,0.0,1.0
LPCMCI,lingauss2,0.1,21,1.0,0.0,1.0
LPCMCI,lingauss2,0.1,22,1.0,0.0,1.0
LPCMCI,lingauss2,0.1,23,1.0,0.125,0.875
LPCMCI,lingauss2,0.1,24,1.0,0.0,1.0
LPCMCI,lingauss2,0.1,25,1.0,0.125,0.875
LPCMCI,lingauss2,0.1,26,1.0,0.0,1.0
LPCMCI,lingauss2,0.1,27,1.0,0.0,1.0
LPCMCI,lingauss2,0.1,28,1.0,0.0,1.0
LPCMCI,lingauss2,0.1,29,1.0,0.0,1.0
LPCMCI,lingauss2,0.1,30,1.0,0.0,1.0
LPCMCI,lingauss2,0.1,31,1.0,0.0,1.0
LPCMCI,lingauss2,0.1,32,1.0,0.0,1.0
LPCMCI,lingauss2,0.1,33,1.0,0.0,1.0
LPCMCI,lingauss2,0.1,34,1.0,0.0,1.0
LPCMCI,lingauss2,0.1,35,1.0,0.0,1.0
LPCMCI,lingauss2,0.1,36,1.0,0.125,0.875
LPCMCI,lingauss2,0.1,37,1.0,0.0,1.0
LPCMCI,lingauss2,0.1,38,1.0,0.0,1.0
LPCMCI,lingauss2,0.1,39,1.0,0.0,1.0
LPCMCI,lingauss2,0.1,40,1.0,0.0,1.0
LPCMCI,lingauss2,0.1,41,1.0,0.0,1.0
LPCMCI,lingauss2,0.1,42,1.0,0.0,1.0
LPCMCI,lingauss2,0.1,43,1.0,0.0,1.0
LPCMCI,lingauss2,0.1,44,0.75,0.125,0.625
LPCMCI,lingauss2,0.1,45,1.0,0.0,1.0
LPCMCI,lingauss2,0.1,46,1.0,0.0,1.0
LPCMCI,lingauss2,0.1,47,1.0,0.0,1.0
LPCMCI,lingauss2,0.1,48,1.0,0.0,1.0
LPCMCI,lingauss2,0.1,49,1.0,0.125,0.875
LPCMCI,lingauss2,0.5,0,1.0,0.0,1.0
LPCMCI,lingauss2,0.5,1,1.0,0.0,1.0
LPCMCI,lingauss2,0.5,2,1.0,0.0,1.0
LPCMCI,lingauss2,0.5,3,1.0,0.0,1.0
LPCMCI,lingauss2,0.5,4,1.0,0.0,1.0
LPCMCI,lingauss2,0.5,5,1.0,0.125,0.875
LPCMCI,lingauss2,0.5,6,0.75,0.125,0.625
LPCMCI,lingauss2,0.5,7,1.0,0.25,0.75
LPCMCI,lingauss2,0.5,8,1.0,0.0,1.0
LPCMCI,lingauss2,0.5,9,1.0,0.125,0.875
LPCMCI,lingauss2,0.5,10,1.0,0.0,1.0
LPCMCI,lingauss2,0.5,11,1.0,0.125,0.875
LPCMCI,lingauss2,0.5,12,1.0,0.0,1.0
LPCMCI,lingauss2,0.5,13,1.0,0.0,1.0
LPCMCI,lingauss2,0.5,14,1.0,0.125,0.875
LPCMCI,lingauss2,0.5,15,1.0,0.0,1.0
LPCMCI,lingauss2,0.5,16,1.0,0.0,1.0
LPCMCI,lingauss2,0.5,17,1.0,0.0,1.0
LPCMCI,lingauss2,0.5,18,1.0,0.0,1.0
LPCMCI,lingauss2,0.5,19,1.0,0.0,1.0
LPCMCI,lingauss2,0.5,20,1.0,0.0,1.0
LPCMCI,lingauss2,0.5,21,1.0,0.0,1.0
LPCMCI,lingauss2,0.5,22,1.0,0.0,1.0
LPCMCI,lingauss2,0.5,23,1.0,0.125,0.875
LPCMCI,lingauss2,0.5,24,1.0,0.0,1.0
LPCMCI,lingauss2,0.5,25,1.0,0.125,0.875
LPCMCI,lingauss2,0.5,26,1.0,0.0,1.0
LPCMCI,lingauss2,0.5,27,1.0,0.0,1.0
LPCMCI,lingauss2,0.5,28,1.0,0.0,1.0
LPCMCI,lingauss2,0.5,29,1.0,0.0,1.0
LPCMCI,lingauss2,0.5,30,1.0,0.0,1.0
LPCMCI,lingauss2,0.5,31,1.0,0.0,1.0
LPCMCI,lingauss2,0.5,32,1.0,0.0,1.0
LPCMCI,lingauss2,0.5,33,1.0,0.0,1.0
LPCMCI,lingauss2,0.5,34,1.0,0.0,1.0
LPCMCI,lingauss2,0.5,35,1.0,0.0,1.0
LPCMCI,lingauss2,0.5,36,1.0,0.125,0.875
LPCMCI,lingauss2,0.5,37,1.0,0.0,1.0
LPCMCI,lingauss2,0.5,38,1.0,0.0,1.0
LPCMCI,lingauss2,0.5,39,1.0,0.0,1.0
LPCMCI,lingauss2,0.5,40,1.0,0.0,1.0
LPCMCI,lingauss2,0.5,41,1.0,0.0,1.0
LPCMCI,lingauss2,0.5,42,1.0,0.0,1.0
LPCMCI,lingauss2,0.5,43,1.0,0.0,1.0
LPCMCI,lingauss2,0.5,44,0.75,0.125,0.625
LPCMCI,lingauss2,0.5,45,1.0,0.0,1.0
LPCMCI,lingauss2,0.5,46,1.0,0.0,1.0
LPCMCI,lingauss2,0.5,47,1.0,0.0,1.0
LPCMCI,lingauss2,0.5,48,1.0,0.0,1.0
LPCMCI,lingauss2,0.5,49,1.0,0.125,0.875
LPCMCI,lingauss2,1,0,1.0,0.0,1.0
LPCMCI,lingauss2,1,1,1.0,0.0,1.0
LPCMCI,lingauss2,1,2,1.0,0.0,1.0
LPCMCI,lingauss2,1,3,1.0,0.0,1.0
LPCMCI,lingauss2,1,4,1.0,0.0,1.0
LPCMCI,lingauss2,1,5,1.0,0.125,0.875
LPCMCI,lingauss2,1,6,0.75,0.125,0.625
LPCMCI,lingauss2,1,7,1.0,0.25,0.75
LPCMCI,lingauss2,1,8,1.0,0.0,1.0
LPCMCI,lingauss2,1,9,1.0,0.125,0.875
LPCMCI,lingauss2,1,10,1.0,0.0,1.0
LPCMCI,lingauss2,1,11,1.0,0.125,0.875
LPCMCI,lingauss2,1,12,1.0,0.0,1.0
LPCMCI,lingauss2,1,13,1.0,0.0,1.0
LPCMCI,lingauss2,1,14,1.0,0.125,0.875
LPCMCI,lingauss2,1,15,1.0,0.0,1.0
LPCMCI,lingauss2,1,16,1.0,0.0,1.0
LPCMCI,lingauss2,1,17,1.0,0.0,1.0
LPCMCI,lingauss2,1,18,1.0,0.0,1.0
LPCMCI,lingauss2,1,19,1.0,0.0,1.0
LPCMCI,lingauss2,1,20,1.0,0.0,1.0
LPCMCI,lingauss2,1,21,1.0,0.0,1.0
LPCMCI,lingauss2,1,22,1.0,0.0,1.0
LPCMCI,lingauss2,1,23,1.0,0.125,0.875
LPCMCI,lingauss2,1,24,1.0,0.0,1.0
LPCMCI,lingauss2,1,25,1.0,0.125,0.875
LPCMCI,lingauss2,1,26,1.0,0.0,1.0
LPCMCI,lingauss2,1,27,1.0,0.0,1.0
LPCMCI,lingauss2,1,28,1.0,0.0,1.0
LPCMCI,lingauss2,1,29,1.0,0.0,1.0
LPCMCI,lingauss2,1,30,1.0,0.0,1.0
LPCMCI,lingauss2,1,31,1.0,0.0,1.0
LPCMCI,lingauss2,1,32,1.0,0.0,1.0
LPCMCI,lingauss2,1,33,1.0,0.0,1.0
LPCMCI,lingauss2,1,34,1.0,0.0,1.0
LPCMCI,lingauss2,1,35,1.0,0.0,1.0
LPCMCI,lingauss2,1,36,1.0,0.125,0.875
LPCMCI,lingauss2,1,37,1.0,0.0,1.0
LPCMCI,lingauss2,1,38,1.0,0.0,1.0
LPCMCI,lingauss2,1,39,1.0,0.0,1.0
LPCMCI,lingauss2,1,40,1.0,0.0,1.0
LPCMCI,lingauss2,1,41,1.0,0.0,1.0
LPCMCI,lingauss2,1,42,1.0,0.0,1.0
LPCMCI,lingauss2,1,43,1.0,0.0,1.0
LPCMCI,lingauss2,1,44,0.75,0.125,0.625
LPCMCI,lingauss2,1,45,1.0,0.0,1.0
LPCMCI,lingauss2,1,46,1.0,0.0,1.0
LPCMCI,lingauss2,1,47,1.0,0.0,1.0
LPCMCI,lingauss2,1,48,1.0,0.0,1.0
LPCMCI,lingauss2,1,49,1.0,0.125,0.875
LPCMCI,lingauss2,1.5,0,1.0,0.0,1.0
LPCMCI,lingauss2,1.5,1,1.0,0.0,1.0
LPCMCI,lingauss2,1.5,2,1.0,0.0,1.0
LPCMCI,lingauss2,1.5,3,1.0,0.0,1.0
LPCMCI,lingauss2,1.5,4,1.0,0.0,1.0
LPCMCI,lingauss2,1.5,5,1.0,0.125,0.875
LPCMCI,lingauss2,1.5,6,0.75,0.125,0.625
LPCMCI,lingauss2,1.5,7,1.0,0.25,0.75
LPCMCI,lingauss2,1.5,8,1.0,0.0,1.0
LPCMCI,lingauss2,1.5,9,1.0,0.125,0.875
LPCMCI,lingauss2,1.5,10,1.0,0.0,1.0
LPCMCI,lingauss2,1.5,11,1.0,0.125,0.875
LPCMCI,lingauss2,1.5,12,1.0,0.0,1.0
LPCMCI,lingauss2,1.5,13,1.0,0.0,1.0
LPCMCI,lingauss2,1.5,14,1.0,0.125,0.875
LPCMCI,lingauss2,1.5,15,1.0,0.0,1.0
LPCMCI,lingauss2,1.5,16,1.0,0.0,1.0
LPCMCI,lingauss2,1.5,17,1.0,0.0,1.0
LPCMCI,lingauss2,1.5,18,1.0,0.0,1.0
LPCMCI,lingauss2,1.5,19,1.0,0.0,1.0
LPCMCI,lingauss2,1.5,20,1.0,0.0,1.0
LPCMCI,lingauss2,1.5,21,1.0,0.0,1.0
LPCMCI,lingauss2,1.5,22,1.0,0.0,1.0
LPCMCI,lingauss2,1.5,23,1.0,0.125,0.875
LPCMCI,lingauss2,1.5,24,1.0,0.0,1.0
LPCMCI,lingauss2,1.5,25,1.0,0.125,0.875
LPCMCI,lingauss2,1.5,26,1.0,0.0,1.0
LPCMCI,lingauss2,1.5,27,1.0,0.0,1.0
LPCMCI,lingauss2,1.5,28,1.0,0.0,1.0
LPCMCI,lingauss2,1.5,29,1.0,0.0,1.0
LPCMCI,lingauss2,1.5,30,1.0,0.0,1.0
LPCMCI,lingauss2,1.5,31,1.0,0.0,1.0
LPCMCI,lingauss2,1.5,32,1.0,0.0,1.0
LPCMCI,lingauss2,1.5,33,1.0,0.0,1.0
LPCMCI,lingauss2,1.5,34,1.0,0.0,1.0
LPCMCI,lingauss2,1.5,35,1.0,0.0,1.0
LPCMCI,lingauss2,1.5,36,1.0,0.125,0.875
LPCMCI,lingauss2,1.5,37,1.0,0.0,1.0
LPCMCI,lingauss2,1.5,38,1.0,0.0,1.0
LPCMCI,lingauss2,1.5,39,1.0,0.0,1.0
LPCMCI,lingauss2,1.5,40,1.0,0.0,1.0
LPCMCI,lingauss2,1.5,41,1.0,0.0,1.0
LPCMCI,lingauss2,1.5,42,1.0,0.0,1.0
LPCMCI,lingauss2,1.5,43,1.0,0.0,1.0
LPCMCI,lingauss2,1.5,44,0.75,0.125,0.625
LPCMCI,lingauss2,1.5,45,1.0,0.0,1.0
LPCMCI,lingauss2,1.5,46,1.0,0.0,1.0
LPCMCI,lingauss2,1.5,47,1.0,0.0,1.0
LPCMCI,lingauss2,1.5,48,1.0,0.0,1.0
LPCMCI,lingauss2,1.5,49,1.0,0.125,0.875
LPCMCI,lingauss2,2,0,1.0,0.0,1.0
LPCMCI,lingauss2,2,1,1.0,0.0,1.0
LPCMCI,lingauss2,2,2,1.0,0.0,1.0
LPCMCI,lingauss2,2,3,1.0,0.0,1.0
LPCMCI,lingauss2,2,4,1.0,0.0,1.0
LPCMCI,lingauss2,2,5,1.0,0.125,0.875
LPCMCI,lingauss2,2,6,0.75,0.125,0.625
LPCMCI,lingauss2,2,7,1.0,0.25,0.75
LPCMCI,lingauss2,2,8,1.0,0.0,1.0
LPCMCI,lingauss2,2,9,1.0,0.125,0.875
LPCMCI,lingauss2,2,10,1.0,0.0,1.0
LPCMCI,lingauss2,2,11,1.0,0.125,0.875
LPCMCI,lingauss2,2,12,1.0,0.0,1.0
LPCMCI,lingauss2,2,13,1.0,0.0,1.0
LPCMCI,lingauss2,2,14,1.0,0.125,0.875
LPCMCI,lingauss2,2,15,1.0,0.0,1.0
LPCMCI,lingauss2,2,16,1.0,0.0,1.0
LPCMCI,lingauss2,2,17,1.0,0.0,1.0
LPCMCI,lingauss2,2,18,1.0,0.0,1.0
LPCMCI,lingauss2,2,19,1.0,0.0,1.0
LPCMCI,lingauss2,2,20,1.0,0.0,1.0
LPCMCI,lingauss2,2,21,1.0,0.0,1.0
LPCMCI,lingauss2,2,22,1.0,0.0,1.0
LPCMCI,lingauss2,2,23,1.0,0.125,0.875
LPCMCI,lingauss2,2,24,1.0,0.0,1.0
LPCMCI,lingauss2,2,25,1.0,0.125,0.875
LPCMCI,lingauss2,2,26,1.0,0.0,1.0
LPCMCI,lingauss2,2,27,1.0,0.0,1.0
LPCMCI,lingauss2,2,28,1.0,0.0,1.0
LPCMCI,lingauss2,2,29,1.0,0.0,1.0
LPCMCI,lingauss2,2,30,1.0,0.0,1.0
LPCMCI,lingauss2,2,31,1.0,0.0,1.0
LPCMCI,lingauss2,2,32,1.0,0.0,1.0
LPCMCI,lingauss2,2,33,1.0,0.0,1.0
LPCMCI,lingauss2,2,34,1.0,0.0,1.0
LPCMCI,lingauss2,2,35,1.0,0.0,1.0
LPCMCI,lingauss2,2,36,1.0,0.125,0.875
LPCMCI,lingauss2,2,37,1.0,0.0,1.0
LPCMCI,lingauss2,2,38,1.0,0.0,1.0
LPCMCI,lingauss2,2,39,1.0,0.0,1.0
LPCMCI,lingauss2,2,40,1.0,0.0,1.0
LPCMCI,lingauss2,2,41,1.0,0.0,1.0
LPCMCI,lingauss2,2,42,1.0,0.0,1.0
LPCMCI,lingauss2,2,43,1.0,0.0,1.0
LPCMCI,lingauss2,2,44,0.75,0.125,0.625
LPCMCI,lingauss2,2,45,1.0,0.0,1.0
LPCMCI,lingauss2,2,46,1.0,0.0,1.0
LPCMCI,lingauss2,2,47,1.0,0.0,1.0
LPCMCI,lingauss2,2,48,1.0,0.0,1.0
LPCMCI,lingauss2,2,49,1.0,0.125,0.875
LPCMCI,lingauss2,2.5,0,1.0,0.0,1.0
LPCMCI,lingauss2,2.5,1,1.0,0.0,1.0
LPCMCI,lingauss2,2.5,2,1.0,0.0,1.0
LPCMCI,lingauss2,2.5,3,1.0,0.0,1.0
LPCMCI,lingauss2,2.5,4,1.0,0.0,1.0
LPCMCI,lingauss2,2.5,5,1.0,0.125,0.875
LPCMCI,lingauss2,2.5,6,0.75,0.125,0.625
LPCMCI,lingauss2,2.5,7,1.0,0.25,0.75
LPCMCI,lingauss2,2.5,8,1.0,0.0,1.0
LPCMCI,lingauss2,2.5,9,1.0,0.125,0.875
LPCMCI,lingauss2,2.5,10,1.0,0.0,1.0
LPCMCI,lingauss2,2.5,11,1.0,0.125,0.875
LPCMCI,lingauss2,2.5,12,1.0,0.0,1.0
LPCMCI,lingauss2,2.5,13,1.0,0.0,1.0
LPCMCI,lingauss2,2.5,14,1.0,0.125,0.875
LPCMCI,lingauss2,2.5,15,1.0,0.0,1.0
LPCMCI,lingauss2,2.5,16,1.0,0.0,1.0
LPCMCI,lingauss2,2.5,17,1.0,0.0,1.0
LPCMCI,lingauss2,2.5,18,1.0,0.0,1.0
LPCMCI,lingauss2,2.5,19,1.0,0.0,1.0
LPCMCI,lingauss2,2.5,20,1.0,0.0,1.0
LPCMCI,lingauss2,2.5,21,1.0,0.0,1.0
LPCMCI,lingauss2,2.5,22,1.0,0.0,1.0
LPCMCI,lingauss2,2.5,23,1.0,0.125,0.875
LPCMCI,lingauss2,2.5,24,1.0,0.0,1.0
LPCMCI,lingauss2,2.5,25,1.0,0.125,0.875
LPCMCI,lingauss2,2.5,26,1.0,0.0,1.0
LPCMCI,lingauss2,2.5,27,1.0,0.0,1.0
LPCMCI,lingauss2,2.5,28,1.0,0.0,1.0
LPCMCI,lingauss2,2.5,29,1.0,0.0,1.0
LPCMCI,lingauss2,2.5,30,1.0,0.0,1.0
LPCMCI,lingauss2,2.5,31,1.0,0.0,1.0
LPCMCI,lingauss2,2.5,32,1.0,0.0,1.0
LPCMCI,lingauss2,2.5,33,1.0,0.0,1.0
LPCMCI,lingauss2,2.5,34,1.0,0.0,1.0
LPCMCI,lingauss2,2.5,35,1.0,0.0,1.0
LPCMCI,lingauss2,2.5,36,1.0,0.125,0.875
LPCMCI,lingauss2,2.5,37,1.0,0.0,1.0
LPCMCI,lingauss2,2.5,38,1.0,0.0,1.0
LPCMCI,lingauss2,2.5,39,1.0,0.0,1.0
LPCMCI,lingauss2,2.5,40,1.0,0.0,1.0
LPCMCI,lingauss2,2.5,41,1.0,0.0,1.0
LPCMCI,lingauss2,2.5,42,1.0,0.0,1.0
LPCMCI,lingauss2,2.5,43,1.0,0.0,1.0
LPCMCI,lingauss2,2.5,44,0.75,0.125,0.625
LPCMCI,lingauss2,2.5,45,1.0,0.0,1.0
LPCMCI,lingauss2,2.5,46,1.0,0.0,1.0
LPCMCI,lingauss2,2.5,47,1.0,0.0,1.0
LPCMCI,lingauss2,2.5,48,1.0,0.0,1.0
LPCMCI,lingauss2,2.5,49,1.0,0.125,0.875
LPCMCI,lingauss2,3,0,1.0,0.0,1.0
LPCMCI,lingauss2,3,1,1.0,0.0,1.0
LPCMCI,lingauss2,3,2,1.0,0.0,1.0
LPCMCI,lingauss2,3,3,1.0,0.0,1.0
LPCMCI,lingauss2,3,4,1.0,0.0,1.0
LPCMCI,lingauss2,3,5,1.0,0.125,0.875
LPCMCI,lingauss2,3,6,0.75,0.125,0.625
LPCMCI,lingauss2,3,7,1.0,0.25,0.75
LPCMCI,lingauss2,3,8,1.0,0.0,1.0
LPCMCI,lingauss2,3,9,1.0,0.125,0.875
LPCMCI,lingauss2,3,10,1.0,0.0,1.0
LPCMCI,lingauss2,3,11,1.0,0.125,0.875
LPCMCI,lingauss2,3,12,1.0,0.0,1.0
LPCMCI,lingauss2,3,13,1.0,0.0,1.0
LPCMCI,lingauss2,3,14,1.0,0.125,0.875
LPCMCI,lingauss2,3,15,1.0,0.0,1.0
LPCMCI,lingauss2,3,16,1.0,0.0,1.0
LPCMCI,lingauss2,3,17,1.0,0.0,1.0
LPCMCI,lingauss2,3,18,1.0,0.0,1.0
LPCMCI,lingauss2,3,19,1.0,0.0,1.0
LPCMCI,lingauss2,3,20,1.0,0.0,1.0
LPCMCI,lingauss2,3,21,1.0,0.0,1.0
LPCMCI,lingauss2,3,22,1.0,0.0,1.0
LPCMCI,lingauss2,3,23,1.0,0.125,0.875
LPCMCI,lingauss2,3,24,1.0,0.0,1.0
LPCMCI,lingauss2,3,25,1.0,0.125,0.875
LPCMCI,lingauss2,3,26,1.0,0.0,1.0
LPCMCI,lingauss2,3,27,1.0,0.0,1.0
LPCMCI,lingauss2,3,28,1.0,0.0,1.0
LPCMCI,lingauss2,3,29,1.0,0.0,1.0
LPCMCI,lingauss2,3,30,1.0,0.0,1.0
LPCMCI,lingauss2,3,31,1.0,0.0,1.0
LPCMCI,lingauss2,3,32,1.0,0.0,1.0
LPCMCI,lingauss2,3,33,1.0,0.0,1.0
LPCMCI,lingauss2,3,34,1.0,0.0,1.0
LPCMCI,lingauss2,3,35,1.0,0.0,1.0
LPCMCI,lingauss2,3,36,1.0,0.125,0.875
LPCMCI,lingauss2,3,37,1.0,0.0,1.0
LPCMCI,lingauss2,3,38,1.0,0.0,1.0
LPCMCI,lingauss2,3,39,1.0,0.0,1.0
LPCMCI,lingauss2,3,40,1.0,0.0,1.0
LPCMCI,lingauss2,3,41,1.0,0.0,1.0
LPCMCI,lingauss2,3,42,1.0,0.0,1.0
LPCMCI,lingauss2,3,43,1.0,0.0,1.0
LPCMCI,lingauss2,3,44,0.75,0.125,0.625
LPCMCI,lingauss2,3,45,1.0,0.0,1.0
LPCMCI,lingauss2,3,46,1.0,0.0,1.0
LPCMCI,lingauss2,3,47,1.0,0.0,1.0
LPCMCI,lingauss2,3,48,1.0,0.0,1.0
LPCMCI,lingauss2,3,49,1.0,0.125,0.875
LPCMCI,lingauss2,3.5,0,1.0,0.0,1.0
LPCMCI,lingauss2,3.5,1,1.0,0.0,1.0
LPCMCI,lingauss2,3.5,2,1.0,0.0,1.0
LPCMCI,lingauss2,3.5,3,1.0,0.0,1.0
LPCMCI,lingauss2,3.5,4,1.0,0.0,1.0
LPCMCI,lingauss2,3.5,5,1.0,0.125,0.875
LPCMCI,lingauss2,3.5,6,0.75,0.125,0.625
LPCMCI,lingauss2,3.5,7,1.0,0.25,0.75
LPCMCI,lingauss2,3.5,8,1.0,0.0,1.0
LPCMCI,lingauss2,3.5,9,1.0,0.125,0.875
LPCMCI,lingauss2,3.5,10,1.0,0.0,1.0
LPCMCI,lingauss2,3.5,11,1.0,0.125,0.875
LPCMCI,lingauss2,3.5,12,1.0,0.0,1.0
LPCMCI,lingauss2,3.5,13,1.0,0.0,1.0
LPCMCI,lingauss2,3.5,14,1.0,0.125,0.875
LPCMCI,lingauss2,3.5,15,1.0,0.0,1.0
LPCMCI,lingauss2,3.5,16,1.0,0.0,1.0
LPCMCI,lingauss2,3.5,17,1.0,0.0,1.0
LPCMCI,lingauss2,3.5,18,1.0,0.0,1.0
LPCMCI,lingauss2,3.5,19,1.0,0.0,1.0
LPCMCI,lingauss2,3.5,20,1.0,0.0,1.0
LPCMCI,lingauss2,3.5,21,1.0,0.0,1.0
LPCMCI,lingauss2,3.5,22,1.0,0.0,1.0
LPCMCI,lingauss2,3.5,23,1.0,0.125,0.875
LPCMCI,lingauss2,3.5,24,1.0,0.0,1.0
LPCMCI,lingauss2,3.5,25,1.0,0.125,0.875
LPCMCI,lingauss2,3.5,26,1.0,0.0,1.0
LPCMCI,lingauss2,3.5,27,1.0,0.0,1.0
LPCMCI,lingauss2,3.5,28,1.0,0.0,1.0
LPCMCI,lingauss2,3.5,29,1.0,0.0,1.0
LPCMCI,lingauss2,3.5,30,1.0,0.0,1.0
LPCMCI,lingauss2,3.5,31,1.0,0.0,1.0
LPCMCI,lingauss2,3.5,32,1.0,0.0,1.0
LPCMCI,lingauss2,3.5,33,1.0,0.0,1.0
LPCMCI,lingauss2,3.5,34,1.0,0.0,1.0
LPCMCI,lingauss2,3.5,35,1.0,0.0,1.0
LPCMCI,lingauss2,3.5,36,1.0,0.125,0.875
LPCMCI,lingauss2,3.5,37,1.0,0.0,1.0
LPCMCI,lingauss2,3.5,38,1.0,0.0,1.0
LPCMCI,lingauss2,3.5,39,1.0,0.0,1.0
LPCMCI,lingauss2,3.5,40,1.0,0.0,1.0
LPCMCI,lingauss2,3.5,41,1.0,0.0,1.0
LPCMCI,lingauss2,3.5,42,1.0,0.0,1.0
LPCMCI,lingauss2,3.5,43,1.0,0.0,1.0
LPCMCI,lingauss2,3.5,44,0.75,0.125,0.625
LPCMCI,lingauss2,3.5,45,1.0,0.0,1.0
LPCMCI,lingauss2,3.5,46,1.0,0.0,1.0
LPCMCI,lingauss2,3.5,47,1.0,0.0,1.0
LPCMCI,lingauss2,3.5,48,1.0,0.0,1.0
LPCMCI,lingauss2,3.5,49,1.0,0.125,0.875
LPCMCI,nonlinnongauss1,0.1,0,1.0,0.0,1.0
LPCMCI,nonlinnongauss1,0.1,1,1.0,0.111111,0.888889
LPCMCI,nonlinnongauss1,0.1,2,1.0,0.0,1.0
LPCMCI,nonlinnongauss1,0.1,3,1.0,0.0,1.0
LPCMCI,nonlinnongauss1,0.1,4,1.0,0.0,1.0
LPCMCI,nonlinnongauss1,0.1,5,1.0,0.0,1.0
LPCMCI,nonlinnongauss1,0.1,6,1.0,0.0,1.0
LPCMCI,nonlinnongauss1,0.1,7,1.0,0.0,1.0
LPCMCI,nonlinnongauss1,0.1,8,0.666667,0.333333,0.333333
LPCMCI,nonlinnongauss1,0.1,9,0.666667,0.222222,0.444444
LPCMCI,nonlinnongauss1,0.1,10,1.0,0.0,1.0
LPCMCI,nonlinnongauss1,0.1,11,1.0,0.111111,0.888889
LPCMCI,nonlinnongauss1,0.1,12,1.0,0.0,1.0
LPCMCI,nonlinnongauss1,0.1,13,1.0,0.0,1.0
LPCMCI,nonlinnongauss1,0.1,14,1.0,0.0,1.0
LPCMCI,nonlinnongauss1,0.1,15,1.0,0.0,1.0
LPCMCI,nonlinnongauss1,0.1,16,1.0,0.0,1.0
LPCMCI,nonlinnongauss1,0.1,17,1.0,0.0,1.0
LPCMCI,nonlinnongauss1,0.1,18,0.333333,0.333333,0.0
LPCMCI,nonlinnongauss1,0.1,19,1.0,0.111111,0.888889
LPCMCI,nonlinnongauss1,0.1,20,1.0,0.111111,0.888889
LPCMCI,nonlinnongauss1,0.1,21,1.0,0.0,1.0
LPCMCI,nonlinnongauss1,0.1,22,1.0,0.111111,0.888889
LPCMCI,nonlinnongauss1,0.1,23,1.0,0.111111,0.888889
LPCMCI,nonlinnongauss1,0.1,24,0.666667,0.111111,0.555556
LPCMCI,nonlinnongauss1,0.1,25,1.0,0.0,1.0
LPCMCI,nonlinnongauss1,0.1,26,1.0,0.0,1.0
LPCMCI,nonlinnongauss1,0.1,27,1.0,0.0,1.0
LPCMCI,nonlinnongauss1,0.1,28,1.0,0.0,1.0
LPCMCI,nonlinnongauss1,0.1,29,1.0,0.111111,0.888889
LPCMCI,nonlinnongauss1,0.1,30,0.666667,0.222222,0.444444
LPCMCI,nonlinnongauss1,0.1,31,1.0,0.222222,0.777778
LPCMCI,nonlinnongauss1,0.1,32,0.333333,0.222222,0.111111
LPCMCI,nonlinnongauss1,0.1,33,1.0,0.222222,0.777778
LPCMCI,nonlinnongauss1,0.1,34,1.0,0.0,1.0
LPCMCI,nonlinnongauss1,0.1,35,1.0,0.111111,0.888889
LPCMCI,nonlinnongauss1,0.1,36,1.0,0.0,1.0
LPCMCI,nonlinnongauss1,0.1,37,1.0,0.222222,0.777778
LPCMCI,nonlinnongauss1,0.1,38,1.0,0.0,1.0
LPCMCI,nonlinnongauss1,0.1,39,0.666667,0.222222,0.444444
LPCMCI,nonlinnongauss1,0.1,40,1.0,0.0,1.0
LPCMCI,nonlinnongauss1,0.1,41,1.0,0.0,1.0
LPCMCI,nonlinnongauss1,0.1,42,1.0,0.333333,0.666667
LPCMCI,nonlinnongauss1,0.1,43,0.666667,0.111111,0.555556
LPCMCI,nonlinnongauss1,0.1,44,1.0,0.111111,0.888889
LPCMCI,nonlinnongauss1,0.1,45,1.0,0.0,1.0
LPCMCI,nonlinnongauss1,0.1,46,1.0,0.0,1.0
LPCMCI,nonlinnongauss1,0.1,47,1.0,0.111111,0.888889
LPCMCI,nonlinnongauss1,0.1,48,1.0,0.111111,0.888889
LPCMCI,nonlinnongauss1,0.1,49,1.0,0.0,1.0
LPCMCI,nonlinnongauss1,0.5,0,1.0,0.0,1.0
LPCMCI,nonlinnongauss1,0.5,1,1.0,0.111111,0.888889
LPCMCI,nonlinnongauss1,0.5,2,1.0,0.111111,0.888889
LPCMCI,nonlinnongauss1,0.5,3,1.0,0.0,1.0
LPCMCI,nonlinnongauss1,0.5,4,1.0,0.0,1.0
LPCMCI,nonlinnongauss1,0.5,5,1.0,0.111111,0.888889
LPCMCI,nonlinnongauss1,0.5,6,1.0,0.0,1.0
LPCMCI,nonlinnongauss1,0.5,7,1.0,0.0,1.0
LPCMCI,nonlinnongauss1,0.5,8,0.666667,0.111111,0.555556
LPCMCI,nonlinnongauss1,0.5,9,0.666667,0.111111,0.555556
LPCMCI,nonlinnongauss1,0.5,10,1.0,0.0,1.0
LPCMCI,nonlinnongauss1,0.5,11,1.0,0.222222,0.777778
LPCMCI,nonlinnongauss1,0.5,12,1.0,0.0,1.0
LPCMCI,nonlinnongauss1,0.5,13,1.0,0.0,1.0
LPCMCI,nonlinnongauss1,0.5,14,1.0,0.111111,0.888889
LPCMCI,nonlinnongauss1,0.5,15,1.0,0.111111,0.888889
LPCMCI,nonlinnongauss1,0.5,16,1.0,0.0,1.0
LPCMCI,nonlinnongauss1,0.5,17,0.666667,0.111111,0.555556
LPCMCI,nonlinnongauss1,0.5,18,0.333333,0.222222,0.111111
LPCMCI,nonlinnongauss1,0.5,19,1.0,0.222222,0.777778
LPCMCI,nonlinnongauss1,0.5,20,1.0,0.111111,0.888889
LPCMCI,nonlinnongauss1,0.5,21,1.0,0.0,1.0
LPCMCI,nonlinnongauss1,0.5,22,1.0,0.0,1.0
LPCMCI,nonlinnongauss1,0.5,23,1.0,0.111111,0.888889
LPCMCI,nonlinnongauss1,0.5,24,0.666667,0.111111,0.555556
LPCMCI,nonlinnongauss1,0.5,25,1.0,0.111111,0.888889
LPCMCI,nonlinnongauss1,0.5,26,1.0,0.0,1.0
LPCMCI,nonlinnongauss1,0.5,27,1.0,0.0,1.0
LPCMCI,nonlinnongauss1,0.5,28,1.0,0.111111,0.888889
LPCMCI,nonlinnongauss1,0.5,29,1.0,0.111111,0.888889
LPCMCI,nonlinnongauss1,0.5,30,0.666667,0.111111,0.555556
LPCMCI,nonlinnongauss1,0.5,31,1.0,0.222222,0.777778
LPCMCI,nonlinnongauss1,0.5,32,0.333333,0.222222,0.111111
LPCMCI,nonlinnongauss1,0.5,33,1.0,0.222222,0.777778
LPCMCI,nonlinnongauss1,0.5,34,1.0,0.111111,0.888889
LPCMCI,nonlinnongauss1,0.5,35,1.0,0.222222,0.777778
LPCMCI,nonlinnongauss1,0.5,36,1.0,0.0,1.0
LPCMCI,nonlinnongauss1,0.5,37,1.0,0.111111,0.888889
LPCMCI,nonlinnongauss1,0.5,38,1.0,0.0,1.0
LPCMCI,nonlinnongauss1,0.5,39,0.666667,0.111111,0.555556
LPCMCI,nonlinnongauss1,0.5,40,1.0,0.111111,0.888889
LPCMCI,nonlinnongauss1,0.5,41,1.0,0.0,1.0
LPCMCI,nonlinnongauss1,0.5,42,1.0,0.111111,0.888889
LPCMCI,nonlinnongauss1,0.5,43,0.666667,0.222222,0.444444
LPCMCI,nonlinnongauss1,0.5,44,1.0,0.222222,0.777778
LPCMCI,nonlinnongauss1,0.5,45,1.0,0.111111,0.888889
LPCMCI,nonlinnongauss1,0.5,46,1.0,0.0,1.0
LPCMCI,nonlinnongauss1,0.5,47,1.0,0.111111,0.888889
LPCMCI,nonlinnongauss1,0.5,48,1.0,0.222222,0.777778
LPCMCI,nonlinnongauss1,0.5,49,1.0,0.0,1.0
LPCMCI,nonlinnongauss1,1,0,1.0,0.111111,0.888889
LPCMCI,nonlinnongauss1,1,1,1.0,0.111111,0.888889
LPCMCI,nonlinnongauss1,1,2,1.0,0.0,1.0
LPCMCI,nonlinnongauss1,1,3,1.0,0.0,1.0
LPCMCI,nonlinnongauss1,1,4,1.0,0.222222,0.777778
LPCMCI,nonlinnongauss1,1,5,1.0,0.111111,0.888889
LPCMCI,nonlinnongauss1,1,6,1.0,0.222222,0.777778
LPCMCI,nonlinnongauss1,1,7,1.0,0.111111,0.888889
LPCMCI,nonlinnongauss1,1,8,0.666667,0.222222,0.444444
LPCMCI,nonlinnongauss1,1,9,0.666667,0.111111,0.555556
LPCMCI,nonlinnongauss1,1,10,1.0,0.111111,0.888889
LPCMCI,nonlinnongauss1,1,11,1.0,0.111111,0.888889
LPCMCI,nonlinnongauss1,1,12,1.0,0.0,1.0
LPCMCI,nonlinnongauss1,1,13,1.0,0.222222,0.777778
LPCMCI,nonlinnongauss1,1,14,1.0,0.111111,0.888889
LPCMCI,nonlinnongauss1,1,15,1.0,0.0,1.0
LPCMCI,nonlinnongauss1,1,16,1.0,0.111111,0.888889
LPCMCI,nonlinnongauss1,1,17,0.666667,0.111111,0.555556
LPCMCI,nonlinnongauss1,1,18,0.333333,0.222222,0.111111
LPCMCI,nonlinnongauss1,1,19,1.0,0.222222,0.777778
LPCMCI,nonlinnongauss1,1,20,1.0,0.0,1.0
LPCMCI,nonlinnongauss1,1,21,1.0,0.111111,0.888889
LPCMCI,nonlinnongauss1,1,22,1.0,0.0,1.0
LPCMCI,nonlinnongauss1,1,23,1.0,0.111111,0.888889
LPCMCI,nonlinnongauss1,1,24,0.666667,0.111111,0.555556
LPCMCI,nonlinnongauss1,1,25,1.0,0.0,1.0
LPCMCI,nonlinnongauss1,1,26,1.0,0.0,1.0
LPCMCI,nonlinnongauss1,1,27,1.0,0.111111,0.888889
LPCMCI,nonlinnongauss1,1,28,1.0,0.0,1.0
LPCMCI,nonlinnongauss1,1,29,1.0,0.0,1.0
LPCMCI,nonlinnongauss1,1,30,1.0,0.0,1.0
LPCMCI,nonlinnongauss1,1,31,1.0,0.111111,0.888889
LPCMCI,nonlinnongauss1,1,32,0.333333,0.222222,0.111111
LPCMCI,nonlinnongauss1,1,33,0.666667,0.222222,0.444444
LPCMCI,nonlinnongauss1,1,34,1.0,0.111111,0.888889
LPCMCI,nonlinnongauss1,1,35,1.0,0.111111,0.888889
LPCMCI,nonlinnongauss1,1,36,1.0,0.111111,0.888889
LPCMCI,nonlinnongauss1,1,37,1.0,0.111111,0.888889
LPCMCI,nonlinnongauss1,1,38,1.0,0.111111,0.888889
LPCMCI,nonlinnongauss1,1,39,0.666667,0.111111,0.555556
LPCMCI,nonlinnongauss1,1,40,1.0,0.0,1.0
LPCMCI,nonlinnongauss1,1,41,1.0,0.111111,0.888889
LPCMCI,nonlinnongauss1,1,42,1.0,0.222222,0.777778
LPCMCI,nonlinnongauss1,1,43,0.666667,0.222222,0.444444
LPCMCI,nonlinnongauss1,1,44,1.0,0.222222,0.777778
LPCMCI,nonlinnongauss1,1,45,1.0,0.111111,0.888889
LPCMCI,nonlinnongauss1,1,46,1.0,0.0,1.0
LPCMCI,nonlinnongauss1,1,47,1.0,0.111111,0.888889
LPCMCI,nonlinnongauss1,1,48,1.0,0.222222,0.777778
LPCMCI,nonlinnongauss1,1,49,1.0,0.0,1.0
LPCMCI,nonlinnongauss1,1.5,0,0.666667,0.222222,0.444444
LPCMCI,nonlinnongauss1,1.5,1,0.666667,0.222222,0.444444
LPCMCI,nonlinnongauss1,1.5,2,0.666667,0.222222,0.444444
LPCMCI,nonlinnongauss1,1.5,3,1.0,0.111111,0.888889
LPCMCI,nonlinnongauss1,1.5,4,0.666667,0.111111,0.555556
LPCMCI,nonlinnongauss1,1.5,5,0.666667,0.111111,0.555556
LPCMCI,nonlinnongauss1,1.5,6,0.666667,0.222222,0.444444
LPCMCI,nonlinnongauss1,1.5,7,0.666667,0.111111,0.555556
LPCMCI,nonlinnongauss1,1.5,8,0.333333,0.333333,0.0
LPCMCI,nonlinnongauss1,1.5,9,0.666667,0.333333,0.333333
LPCMCI,nonlinnongauss1,1.5,10,0.666667,0.111111,0.555556
LPCMCI,nonlinnongauss1,1.5,11,0.666667,0.222222,0.444444
LPCMCI,nonlinnongauss1,1.5,12,0.666667,0.111111,0.555556
LPCMCI,nonlinnongauss1,1.5,13,0.666667,0.222222,0.444444
LPCMCI,nonlinnongauss1,1.5,14,1.0,0.111111,0.888889
LPCMCI,nonlinnongauss1,1.5,15,0.666667,0.111111,0.555556
LPCMCI,nonlinnongauss1,1.5,16,0.666667,0.111111,0.555556
LPCMCI,nonlinnongauss1,1.5,17,0.333333,0.222222,0.111111
LPCMCI,nonlinnongauss1,1.5,18,0.0,0.444444,-0.444444
LPCMCI,nonlinnongauss1,1.5,19,0.666667,0.333333,0.333333
LPCMCI,nonlinnongauss1,1.5,20,0.666667,0.111111,0.555556
LPCMCI,nonlinnongauss1,1.5,21,0.666667,0.111111,0.555556
LPCMCI,nonlinnongauss1,1.5,22,0.666667,0.111111,0.555556
LPCMCI,nonlinnongauss1,1.5,23,1.0,0.111111,0.888889
LPCMCI,nonlinnongauss1,1.5,24,0.333333,0.222222,0.111111
LPCMCI,nonlinnongauss1,1.5,25,1.0,0.111111,0.888889
LPCMCI,nonlinnongauss1,1.5,26,0.666667,0.222222,0.444444
LPCMCI,nonlinnongauss1,1.5,27,0.666667,0.222222,0.444444
LPCMCI,nonlinnongauss1,1.5,28,0.666667,0.111111,0.555556
LPCMCI,nonlinnongauss1,1.5,29,0.666667,0.111111,0.555556
LPCMCI,nonlinnongauss1,1.5,30,0.666667,0.222222,0.444444
LPCMCI,nonlinnongauss1,1.5,31,0.666667,0.222222,0.444444
LPCMCI,nonlinnongauss1,1.5,32,0.333333,0.333333,0.0
LPCMCI,nonlinnongauss1,1.5,33,0.333333,0.222222,0.111111
LPCMCI,nonlinnongauss1,1.5,34,0.666667,0.111111,0.555556
LPCMCI,nonlinnongauss1,1.5,35,0.666667,0.222222,0.444444
LPCMCI,nonlinnongauss1,1.5,36,0.666667,0.111111,0.555556
LPCMCI,nonlinnongauss1,1.5,37,0.666667,0.333333,0.333333
LPCMCI,nonlinnongauss1,1.5,38,0.666667,0.111111,0.555556
LPCMCI,nonlinnongauss1,1.5,39,0.333333,0.333333,0.0
LPCMCI,nonlinnongauss1,1.5,40,0.666667,0.111111,0.555556
LPCMCI,nonlinnongauss1,1.5,41,0.666667,0.111111,0.555556
LPCMCI,nonlinnongauss1,1.5,42,0.666667,0.333333,0.333333
LPCMCI,nonlinnongauss1,1.5,43,0.666667,0.222222,0.444444
LPCMCI,nonlinnongauss1,1.5,44,0.666667,0.333333,0.333333
LPCMCI,nonlinnongauss1,1.5,45,0.666667,0.111111,0.555556
LPCMCI,nonlinnongauss1,1.5,46,0.666667,0.111111,0.555556
LPCMCI,nonlinnongauss1,1.5,47,0.666667,0.222222,0.444444
LPCMCI,nonlinnongauss1,1.5,48,1.0,0.222222,0.777778
LPCMCI,nonlinnongauss1,1.5,49,1.0,0.111111,0.888889
LPCMCI,nonlinnongauss1,2,0,0.666667,0.333333,0.333333
LPCMCI,nonlinnongauss1,2,1,0.666667,0.333333,0.333333
LPCMCI,nonlinnongauss1,2,2,0.666667,0.222222,0.444444
LPCMCI,nonlinnongauss1,2,3,1.0,0.222222,0.777778
LPCMCI,nonlinnongauss1,2,4,0.666667,0.222222,0.444444
LPCMCI,nonlinnongauss1,2,5,0.666667,0.222222,0.444444
LPCMCI,nonlinnongauss1,2,6,0.666667,0.222222,0.444444
LPCMCI,nonlinnongauss1,2,7,0.333333,0.333333,0.0
LPCMCI,nonlinnongauss1,2,8,0.666667,0.222222,0.444444
LPCMCI,nonlinnongauss1,2,9,0.333333,0.333333,0.0
LPCMCI,nonlinnongauss1,2,10,0.666667,0.222222,0.444444
LPCMCI,nonlinnongauss1,2,11,0.666667,0.333333,0.333333
LPCMCI,nonlinnongauss1,2,12,0.666667,0.222222,0.444444
LPCMCI,nonlinnongauss1,2,13,0.666667,0.222222,0.444444
LPCMCI,nonlinnongauss1,2,14,0.666667,0.222222,0.444444
LPCMCI,nonlinnongauss1,2,15,0.333333,0.333333,0.0
LPCMCI,nonlinnongauss1,2,16,0.666667,0.222222,0.444444
LPCMCI,nonlinnongauss1,2,17,0.666667,0.222222,0.444444
LPCMCI,nonlinnongauss1,2,18,0.333333,0.444444,-0.111111
LPCMCI,nonlinnongauss1,2,19,0.666667,0.444444,0.222222
LPCMCI,nonlinnongauss1,2,20,0.666667,0.222222,0.444444
LPCMCI,nonlinnongauss1,2,21,0.666667,0.222222,0.444444
LPCMCI,nonlinnongauss1,2,22,0.666667,0.222222,0.444444
LPCMCI,nonlinnongauss1,2,23,0.666667,0.222222,0.444444
LPCMCI,nonlinnongauss1,2,24,0.333333,0.333333,0.0
LPCMCI,nonlinnongauss1,2,25,0.666667,0.222222,0.444444
LPCMCI,nonlinnongauss1,2,26,0.666667,0.222222,0.444444
LPCMCI,nonlinnongauss1,2,27,0.666667,0.222222,0.444444
LPCMCI,nonlinnongauss1,2,28,0.666667,0.333333,0.333333
LPCMCI,nonlinnongauss1,2,29,0.666667,0.222222,0.444444
LPCMCI,nonlinnongauss1,2,30,0.666667,0.333333,0.333333
LPCMCI,nonlinnongauss1,2,31,0.666667,0.333333,0.333333
LPCMCI,nonlinnongauss1,2,32,0.666667,0.222222,0.444444
LPCMCI,nonlinnongauss1,2,33,0.333333,0.333333,0.0
LPCMCI,nonlinnongauss1,2,34,0.666667,0.222222,0.444444
LPCMCI,nonlinnongauss1,2,35,0.666667,0.333333,0.333333
LPCMCI,nonlinnongauss1,2,36,0.333333,0.333333,0.0
LPCMCI,nonlinnongauss1,2,37,0.666667,0.333333,0.333333
LPCMCI,nonlinnongauss1,2,38,1.0,0.222222,0.777778
LPCMCI,nonlinnongauss1,2,39,0.333333,0.444444,-0.111111
LPCMCI,nonlinnongauss1,2,40,0.666667,0.222222,0.444444
LPCMCI,nonlinnongauss1,2,41,0.666667,0.222222,0.444444
LPCMCI,nonlinnongauss1,2,42,0.666667,0.333333,0.333333
LPCMCI,nonlinnongauss1,2,43,1.0,0.333333,0.666667
LPCMCI,nonlinnongauss1,2,44,0.666667,0.333333,0.333333
LPCMCI,nonlinnongauss1,2,45,0.666667,0.222222,0.444444
LPCMCI,nonlinnongauss1,2,46,0.666667,0.333333,0.333333
LPCMCI,nonlinnongauss1,2,47,0.666667,0.333333,0.333333
LPCMCI,nonlinnongauss1,2,48,0.666667,0.333333,0.333333
LPCMCI,nonlinnongauss1,2,49,0.666667,0.222222,0.444444
LPCMCI,nonlinnongauss1,2.5,0,0.666667,0.222222,0.444444
LPCMCI,nonlinnongauss1,2.5,1,1.0,0.333333,0.666667
LPCMCI,nonlinnongauss1,2.5,2,1.0,0.222222,0.777778
LPCMCI,nonlinnongauss1,2.5,3,1.0,0.222222,0.777778
LPCMCI,nonlinnongauss1,2.5,4,1.0,0.333333,0.666667
LPCMCI,nonlinnongauss1,2.5,5,1.0,0.333333,0.666667
LPCMCI,nonlinnongauss1,2.5,6,1.0,0.222222,0.777778
LPCMCI,nonlinnongauss1,2.5,7,0.333333,0.333333,0.0
LPCMCI,nonlinnongauss1,2.5,8,1.0,0.222222,0.777778
LPCMCI,nonlinnongauss1,2.5,9,0.666667,0.333333,0.333333
LPCMCI,nonlinnongauss1,2.5,10,1.0,0.222222,0.777778
LPCMCI,nonlinnongauss1,2.5,11,1.0,0.444444,0.555556
LPCMCI,nonlinnongauss1,2.5,12,1.0,0.222222,0.777778
LPCMCI,nonlinnongauss1,2.5,13,1.0,0.222222,0.777778
LPCMCI,nonlinnongauss1,2.5,14,0.666667,0.333333,0.333333
LPCMCI,nonlinnongauss1,2.5,15,0.666667,0.333333,0.333333
LPCMCI,nonlinnongauss1,2.5,16,0.666667,0.222222,0.444444
LPCMCI,nonlinnongauss1,2.5,17,1.0,0.222222,0.777778
LPCMCI,nonlinnongauss1,2.5,18,0.666667,0.333333,0.333333
LPCMCI,nonlinnongauss1,2.5,19,1.0,0.333333,0.666667
LPCMCI,nonlinnongauss1,2.5,20,1.0,0.222222,0.777778
LPCMCI,nonlinnongauss1,2.5,21,1.0,0.222222,0.777778
LPCMCI,nonlinnongauss1,2.5,22,0.666667,0.333333,0.333333
LPCMCI,nonlinnongauss1,2.5,23,1.0,0.222222,0.777778
LPCMCI,nonlinnongauss1,2.5,24,0.666667,0.333333,0.333333
LPCMCI,nonlinnongauss1,2.5,25,1.0,0.222222,0.777778
LPCMCI,nonlinnongauss1,2.5,26,1.0,0.222222,0.777778
LPCMCI,nonlinnongauss1,2.5,27,1.0,0.222222,0.777778
LPCMCI,nonlinnongauss1,2.5,28,0.666667,0.444444,0.222222
LPCMCI,nonlinnongauss1,2.5,29,1.0,0.222222,0.777778
LPCMCI,nonlinnongauss1,2.5,30,1.0,0.333333,0.666667
LPCMCI,nonlinnongauss1,2.5,31,1.0,0.333333,0.666667
LPCMCI,nonlinnongauss1,2.5,32,1.0,0.222222,0.777778
LPCMCI,nonlinnongauss1,2.5,33,0.666667,0.333333,0.333333
LPCMCI,nonlinnongauss1,2.5,34,0.666667,0.333333,0.333333
LPCMCI,nonlinnongauss1,2.5,35,1.0,0.444444,0.555556
LPCMCI,nonlinnongauss1,2.5,36,0.666667,0.333333,0.333333
LPCMCI,nonlinnongauss1,2.5,37,0.666667,0.333333,0.333333
LPCMCI,nonlinnongauss1,2.5,38,0.666667,0.222222,0.444444
LPCMCI,nonlinnongauss1,2.5,39,0.666667,0.444444,0.222222
LPCMCI,nonlinnongauss1,2.5,40,0.666667,0.333333,0.333333
LPCMCI,nonlinnongauss1,2.5,41,0.666667,0.333333,0.333333
LPCMCI,nonlinnongauss1,2.5,42,0.666667,0.444444,0.222222
LPCMCI,nonlinnongauss1,2.5,43,1.0,0.222222,0.777778
LPCMCI,nonlinnongauss1,2.5,44,1.0,0.333333,0.666667
LPCMCI,nonlinnongauss1,2.5,45,1.0,0.333333,0.666667
LPCMCI,nonlinnongauss1,2.5,46,1.0,0.333333,0.666667
LPCMCI,nonlinnongauss1,2.5,47,1.0,0.333333,0.666667
LPCMCI,nonlinnongauss1,2.5,48,1.0,0.333333,0.666667
LPCMCI,nonlinnongauss1,2.5,49,1.0,0.222222,0.777778
LPCMCI,nonlinnongauss1,3,0,0.333333,0.111111,0.222222
LPCMCI,nonlinnongauss1,3,1,1.0,0.222222,0.777778
LPCMCI,nonlinnongauss1,3,2,1.0,0.0,1.0
LPCMCI,nonlinnongauss1,3,3,1.0,0.111111,0.888889
LPCMCI,nonlinnongauss1,3,4,0.666667,0.111111,0.555556
LPCMCI,nonlinnongauss1,3,5,1.0,0.111111,0.888889
LPCMCI,nonlinnongauss1,3,6,0.666667,0.222222,0.444444
LPCMCI,nonlinnongauss1,3,7,0.666667,0.222222,0.444444
LPCMCI,nonlinnongauss1,3,8,0.666667,0.222222,0.444444
LPCMCI,nonlinnongauss1,3,9,0.333333,0.222222,0.111111
LPCMCI,nonlinnongauss1,3,10,1.0,0.0,1.0
LPCMCI,nonlinnongauss1,3,11,0.666667,0.222222,0.444444
LPCMCI,nonlinnongauss1,3,12,1.0,0.111111,0.888889
LPCMCI,nonlinnongauss1,3,13,0.666667,0.222222,0.444444
LPCMCI,nonlinnongauss1,3,14,1.0,0.0,1.0
LPCMCI,nonlinnongauss1,3,15,1.0,0.0,1.0
LPCMCI,nonlinnongauss1,3,16,1.0,0.111111,0.888889
LPCMCI,nonlinnongauss1,3,17,0.666667,0.0,0.666667
LPCMCI,nonlinnongauss1,3,18,0.666667,0.111111,0.555556
LPCMCI,nonlinnongauss1,3,19,1.0,0.111111,0.888889
LPCMCI,nonlinnongauss1,3,20,1.0,0.0,1.0
LPCMCI,nonlinnongauss1,3,21,1.0,0.0,1.0
LPCMCI,nonlinnongauss1,3,22,1.0,0.0,1.0
LPCMCI,nonlinnongauss1,3,23,0.666667,0.0,0.666667
LPCMCI,nonlinnongauss1,3,24,0.666667,0.111111,0.555556
LPCMCI,nonlinnongauss1,3,25,1.0,0.0,1.0
LPCMCI,nonlinnongauss1,3,26,0.666667,0.0,0.666667
LPCMCI,nonlinnongauss1,3,27,0.666667,0.0,0.666667
LPCMCI,nonlinnongauss1,3,28,0.666667,0.111111,0.555556
LPCMCI,nonlinnongauss1,3,29,0.666667,0.222222,0.444444
LPCMCI,nonlinnongauss1,3,30,1.0,0.111111,0.888889
LPCMCI,nonlinnongauss1,3,31,0.666667,0.222222,0.444444
LPCMCI,nonlinnongauss1,3,32,1.0,0.111111,0.888889
LPCMCI,nonlinnongauss1,3,33,0.666667,0.222222,0.444444
LPCMCI,nonlinnongauss1,3,34,0.666667,0.111111,0.555556
LPCMCI,nonlinnongauss1,3,35,1.0,0.111111,0.888889
LPCMCI,nonlinnongauss1,3,36,0.666667,0.111111,0.555556
LPCMCI,nonlinnongauss1,3,37,1.0,0.333333,0.666667
LPCMCI,nonlinnongauss1,3,38,0.666667,0.111111,0.555556
LPCMCI,nonlinnongauss1,3,39,1.0,0.0,1.0
LPCMCI,nonlinnongauss1,3,40,0.666667,0.222222,0.444444
LPCMCI,nonlinnongauss1,3,41,0.333333,0.333333,0.0
LPCMCI,nonlinnongauss1,3,42,0.666667,0.222222,0.444444
LPCMCI,nonlinnongauss1,3,43,0.666667,0.111111,0.555556
LPCMCI,nonlinnongauss1,3,44,1.0,0.222222,0.777778
LPCMCI,nonlinnongauss1,3,45,1.0,0.0,1.0
LPCMCI,nonlinnongauss1,3,46,1.0,0.111111,0.888889
LPCMCI,nonlinnongauss1,3,47,0.666667,0.333333,0.333333
LPCMCI,nonlinnongauss1,3,48,1.0,0.111111,0.888889
LPCMCI,nonlinnongauss1,3,49,0.666667,0.0,0.666667
LPCMCI,nonlinnongauss1,3.5,0,0.666667,0.222222,0.444444
LPCMCI,nonlinnongauss1,3.5,1,1.0,0.111111,0.888889
LPCMCI,nonlinnongauss1,3.5,2,1.0,0.0,1.0
LPCMCI,nonlinnongauss1,3.5,3,1.0,0.111111,0.888889
LPCMCI,nonlinnongauss1,3.5,4,0.666667,0.222222,0.444444
LPCMCI,nonlinnongauss1,3.5,5,1.0,0.111111,0.888889
LPCMCI,nonlinnongauss1,3.5,6,0.333333,0.222222,0.111111
LPCMCI,nonlinnongauss1,3.5,7,1.0,0.0,1.0
LPCMCI,nonlinnongauss1,3.5,8,0.666667,0.222222,0.444444
LPCMCI,nonlinnongauss1,3.5,9,0.333333,0.222222,0.111111
LPCMCI,nonlinnongauss1,3.5,10,1.0,0.111111,0.888889
LPCMCI,nonlinnongauss1,3.5,11,1.0,0.111111,0.888889
LPCMCI,nonlinnongauss1,3.5,12,1.0,0.222222,0.777778
LPCMCI,nonlinnongauss1,3.5,13,1.0,0.111111,0.888889
LPCMCI,nonlinnongauss1,3.5,14,1.0,0.111111,0.888889
LPCMCI,nonlinnongauss1,3.5,15,1.0,0.111111,0.888889
LPCMCI,nonlinnongauss1,3.5,16,1.0,0.0,1.0
LPCMCI,nonlinnongauss1,3.5,17,1.0,0.111111,0.888889
LPCMCI,nonlinnongauss1,3.5,18,0.666667,0.222222,0.444444
LPCMCI,nonlinnongauss1,3.5,19,1.0,0.222222,0.777778
LPCMCI,nonlinnongauss1,3.5,20,0.666667,0.222222,0.444444
LPCMCI,nonlinnongauss1,3.5,21,1.0,0.111111,0.888889
LPCMCI,nonlinnongauss1,3.5,22,0.666667,0.222222,0.444444
LPCMCI,nonlinnongauss1,3.5,23,1.0,0.111111,0.888889
LPCMCI,nonlinnongauss1,3.5,24,1.0,0.111111,0.888889
LPCMCI,nonlinnongauss1,3.5,25,1.0,0.111111,0.888889
LPCMCI,nonlinnongauss1,3.5,26,1.0,0.111111,0.888889
LPCMCI,nonlinnongauss1,3.5,27,1.0,0.0,1.0
LPCMCI,nonlinnongauss1,3.5,28,1.0,0.111111,0.888889
LPCMCI,nonlinnongauss1,3.5,29,1.0,0.0,1.0
LPCMCI,nonlinnongauss1,3.5,30,1.0,0.111111,0.888889
LPCMCI,nonlinnongauss1,3.5,31,0.333333,0.333333,0.0
LPCMCI,nonlinnongauss1,3.5,32,1.0,0.111111,0.888889
LPCMCI,nonlinnongauss1,3.5,33,1.0,0.111111,0.888889
LPCMCI,nonlinnongauss1,3.5,34,0.666667,0.222222,0.444444
LPCMCI,nonlinnongauss1,3.5,35,1.0,0.222222,0.777778
LPCMCI,nonlinnongauss1,3.5,36,0.666667,0.222222,0.444444
LPCMCI,nonlinnongauss1,3.5,37,1.0,0.111111,0.888889
LPCMCI,nonlinnongauss1,3.5,38,0.666667,0.111111,0.555556
LPCMCI,nonlinnongauss1,3.5,39,1.0,0.222222,0.777778
LPCMCI,nonlinnongauss1,3.5,40,0.666667,0.222222,0.444444
LPCMCI,nonlinnongauss1,3.5,41,0.666667,0.333333,0.333333
LPCMCI,nonlinnongauss1,3.5,42,0.666667,0.222222,0.444444
LPCMCI,nonlinnongauss1,3.5,43,0.666667,0.111111,0.555556
LPCMCI,nonlinnongauss1,3.5,44,1.0,0.222222,0.777778
LPCMCI,nonlinnongauss1,3.5,45,1.0,0.111111,0.888889
LPCMCI,nonlinnongauss1,3.5,46,0.666667,0.222222,0.444444
LPCMCI,nonlinnongauss1,3.5,47,1.0,0.111111,0.888889
LPCMCI,nonlinnongauss1,3.5,48,1.0,0.222222,0.777778
LPCMCI,nonlinnongauss1,3.5,49,1.0,0.222222,0.777778
LPCMCI,nonlinnongauss2,0.1,0,0.5,0.125,0.375
LPCMCI,nonlinnongauss2,0.1,1,0.5,0.0,0.5
LPCMCI,nonlinnongauss2,0.1,2,0.5,0.0,0.5
LPCMCI,nonlinnongauss2,0.1,3,0.5,0.125,0.375
LPCMCI,nonlinnongauss2,0.1,4,0.5,0.0,0.5
LPCMCI,nonlinnongauss2,0.1,5,0.5,0.0,0.5
LPCMCI,nonlinnongauss2,0.1,6,0.75,0.0,0.75
LPCMCI,nonlinnongauss2,0.1,7,0.5,0.0,0.5
LPCMCI,nonlinnongauss2,0.1,8,0.5,0.25,0.25
LPCMCI,nonlinnongauss2,0.1,9,0.5,0.0,0.5
LPCMCI,nonlinnongauss2,0.1,10,0.75,0.0,0.75
LPCMCI,nonlinnongauss2,0.1,11,0.5,0.0,0.5
LPCMCI,nonlinnongauss2,0.1,12,0.5,0.0,0.5
LPCMCI,nonlinnongauss2,0.1,13,0.5,0.0,0.5
LPCMCI,nonlinnongauss2,0.1,14,0.5,0.0,0.5
LPCMCI,nonlinnongauss2,0.1,15,0.5,0.0,0.5
LPCMCI,nonlinnongauss2,0.1,16,0.5,0.0,0.5
LPCMCI,nonlinnongauss2,0.1,17,0.5,0.125,0.375
LPCMCI,nonlinnongauss2,0.1,18,0.5,0.125,0.375
LPCMCI,nonlinnongauss2,0.1,19,0.5,0.0,0.5
LPCMCI,nonlinnongauss2,0.1,20,0.5,0.375,0.125
LPCMCI,nonlinnongauss2,0.1,21,0.5,0.125,0.375
LPCMCI,nonlinnongauss2,0.1,22,0.5,0.0,0.5
LPCMCI,nonlinnongauss2,0.1,23,0.5,0.0,0.5
LPCMCI,nonlinnongauss2,0.1,24,0.5,0.0,0.5
LPCMCI,nonlinnongauss2,0.1,25,0.5,0.125,0.375
LPCMCI,nonlinnongauss2,0.1,26,0.5,0.125,0.375
LPCMCI,nonlinnongauss2,0.1,27,0.5,0.0,0.5
LPCMCI,nonlinnongauss2,0.1,28,0.5,0.125,0.375
LPCMCI,nonlinnongauss2,0.1,29,0.5,0.0,0.5
LPCMCI,nonlinnongauss2,0.1,30,0.5,0.125,0.375
LPCMCI,nonlinnongauss2,0.1,31,0.5,0.0,0.5
LPCMCI,nonlinnongauss2,0.1,32,0.5,0.125,0.375
LPCMCI,nonlinnongauss2,0.1,33,0.5,0.0,0.5
LPCMCI,nonlinnongauss2,0.1,34,0.5,0.25,0.25
LPCMCI,nonlinnongauss2,0.1,35,0.5,0.0,0.5
LPCMCI,nonlinnongauss2,0.1,36,0.5,0.0,0.5
LPCMCI,nonlinnongauss2,0.1,37,0.5,0.125,0.375
LPCMCI,nonlinnongauss2,0.1,38,0.5,0.0,0.5
LPCMCI,nonlinnongauss2,0.1,39,0.5,0.0,0.5
LPCMCI,nonlinnongauss2,0.1,40,0.25,0.125,0.125
LPCMCI,nonlinnongauss2,0.1,41,0.5,0.0,0.5
LPCMCI,nonlinnongauss2,0.1,42,0.5,0.0,0.5
LPCMCI,nonlinnongauss2,0.1,43,0.5,0.0,0.5
LPCMCI,nonlinnongauss2,0.1,44,0.5,0.125,0.375
LPCMCI,nonlinnongauss2,0.1,45,0.5,0.0,0.5
LPCMCI,nonlinnongauss2,0.1,46,0.5,0.0,0.5
LPCMCI,nonlinnongauss2,0.1,47,0.75,0.0,0.75
LPCMCI,nonlinnongauss2,0.1,48,0.5,0.0,0.5
LPCMCI,nonlinnongauss2,0.1,49,0.5,0.0,0.5
LPCMCI,nonlinnongauss2,0.5,0,0.5,0.125,0.375
LPCMCI,nonlinnongauss2,0.5,1,0.5,0.0,0.5
LPCMCI,nonlinnongauss2,0.5,2,0.5,0.0,0.5
LPCMCI,nonlinnongauss2,0.5,3,0.75,0.125,0.625
LPCMCI,nonlinnongauss2,0.5,4,0.5,0.0,0.5
LPCMCI,nonlinnongauss2,0.5,5,0.5,0.125,0.375
LPCMCI,nonlinnongauss2,0.5,6,0.75,0.0,0.75
LPCMCI,nonlinnongauss2,0.5,7,0.5,0.0,0.5
LPCMCI,nonlinnongauss2,0.5,8,0.5,0.25,0.25
LPCMCI,nonlinnongauss2,0.5,9,0.5,0.0,0.5
LPCMCI,nonlinnongauss2,0.5,10,0.75,0.0,0.75
LPCMCI,nonlinnongauss2,0.5,11,0.5,0.0,0.5
LPCMCI,nonlinnongauss2,0.5,12,0.5,0.125,0.375
LPCMCI,nonlinnongauss2,0.5,13,0.5,0.0,0.5
LPCMCI,nonlinnongauss2,0.5,14,0.5,0.0,0.5
LPCMCI,nonlinnongauss2,0.5,15,0.5,0.0,0.5
LPCMCI,nonlinnongauss2,0.5,16,0.5,0.0,0.5
LPCMCI,nonlinnongauss2,0.5,17,0.5,0.125,0.375
LPCMCI,nonlinnongauss2,0.5,18,0.5,0.125,0.375
LPCMCI,nonlinnongauss2,0.5,19,0.5,0.0,0.5
LPCMCI,nonlinnongauss2,0.5,20,0.5,0.375,0.125
LPCMCI,nonlinnongauss2,0.5,21,0.5,0.25,0.25
LPCMCI,nonlinnongauss2,0.5,22,0.5,0.0,0.5
LPCMCI,nonlinnongauss2,0.5,23,0.5,0.0,0.5
LPCMCI,nonlinnongauss2,0.5,24,0.5,0.0,0.5
LPCMCI,nonlinnongauss2,0.5,25,0.5,0.125,0.375
LPCMCI,nonlinnongauss2,0.5,26,0.5,0.125,0.375
LPCMCI,nonlinnongauss2,0.5,27,0.5,0.0,0.5
LPCMCI,nonlinnongauss2,0.5,28,0.5,0.125,0.375
LPCMCI,nonlinnongauss2,0.5,29,0.5,0.0,0.5
LPCMCI,nonlinnongauss2,0.5,30,0.5,0.125,0.375
LPCMCI,nonlinnongauss2,0.5,31,0.5,0.0,0.5
LPCMCI,nonlinnongauss2,0.5,32,0.5,0.125,0.375
LPCMCI,nonlinnongauss2,0.5,33,0.5,0.0,0.5
LPCMCI,nonlinnongauss2,0.5,34,0.5,0.25,0.25
LPCMCI,nonlinnongauss2,0.5,35,0.5,0.0,0.5
LPCMCI,nonlinnongauss2,0.5,36,0.5,0.0,0.5
LPCMCI,nonlinnongauss2,0.5,37,0.5,0.125,0.375
LPCMCI,nonlinnongauss2,0.5,38,0.5,0.0,0.5
LPCMCI,nonlinnongauss2,0.5,39,0.5,0.0,0.5
LPCMCI,nonlinnongauss2,0.5,40,0.25,0.125,0.125
LPCMCI,nonlinnongauss2,0.5,41,0.5,0.0,0.5
LPCMCI,nonlinnongauss2,0.5,42,0.5,0.0,0.5
LPCMCI,nonlinnongauss2,0.5,43,0.5,0.0,0.5
LPCMCI,nonlinnongauss2,0.5,44,0.5,0.125,0.375
LPCMCI,nonlinnongauss2,0.5,45,0.5,0.0,0.5
LPCMCI,nonlinnongauss2,0.5,46,0.5,0.0,0.5
LPCMCI,nonlinnongauss2,0.5,47,0.75,0.0,0.75
LPCMCI,nonlinnongauss2,0.5,48,0.5,0.0,0.5
LPCMCI,nonlinnongauss2,0.5,49,0.5,0.0,0.5
LPCMCI,nonlinnongauss2,1,0,0.5,0.125,0.375
LPCMCI,nonlinnongauss2,1,1,0.5,0.0,0.5
LPCMCI,nonlinnongauss2,1,2,0.5,0.0,0.5
LPCMCI,nonlinnongauss2,1,3,0.5,0.125,0.375
LPCMCI,nonlinnongauss2,1,4,0.5,0.0,0.5
LPCMCI,nonlinnongauss2,1,5,0.75,0.0,0.75
LPCMCI,nonlinnongauss2,1,6,0.75,0.0,0.75
LPCMCI,nonlinnongauss2,1,7,0.5,0.125,0.375
LPCMCI,nonlinnongauss2,1,8,0.5,0.125,0.375
LPCMCI,nonlinnongauss2,1,9,0.5,0.0,0.5
LPCMCI,nonlinnongauss2,1,10,0.75,0.0,0.75
LPCMCI,nonlinnongauss2,1,11,0.5,0.0,0.5
LPCMCI,nonlinnongauss2,1,12,0.5,0.125,0.375
LPCMCI,nonlinnongauss2,1,13,0.5,0.0,0.5
LPCMCI,nonlinnongauss2,1,14,0.5,0.0,0.5
LPCMCI,nonlinnongauss2,1,15,0.5,0.0,0.5
LPCMCI,nonlinnongauss2,1,16,0.5,0.0,0.5
LPCMCI,nonlinnongauss2,1,17,0.5,0.125,0.375
LPCMCI,nonlinnongauss2,1,18,0.5,0.125,0.375
LPCMCI,nonlinnongauss2,1,19,0.5,0.0,0.5
LPCMCI,nonlinnongauss2,1,20,0.5,0.125,0.375
LPCMCI,nonlinnongauss2,1,21,0.5,0.125,0.375
LPCMCI,nonlinnongauss2,1,22,0.5,0.0,0.5
LPCMCI,nonlinnongauss2,1,23,0.25,0.125,0.125
LPCMCI,nonlinnongauss2,1,24,0.5,0.0,0.5
LPCMCI,nonlinnongauss2,1,25,0.5,0.125,0.375
LPCMCI,nonlinnongauss2,1,26,0.5,0.0,0.5
LPCMCI,nonlinnongauss2,1,27,0.5,0.0,0.5
LPCMCI,nonlinnongauss2,1,28,0.5,0.0,0.5
LPCMCI,nonlinnongauss2,1,29,0.5,0.0,0.5
LPCMCI,nonlinnongauss2,1,30,0.5,0.125,0.375
LPCMCI,nonlinnongauss2,1,31,0.5,0.0,0.5
LPCMCI,nonlinnongauss2,1,32,0.5,0.125,0.375
LPCMCI,nonlinnongauss2,1,33,0.5,0.0,0.5
LPCMCI,nonlinnongauss2,1,34,0.5,0.125,0.375
LPCMCI,nonlinnongauss2,1,35,0.5,0.0,0.5
LPCMCI,nonlinnongauss2,1,36,0.5,0.0,0.5
LPCMCI,nonlinnongauss2,1,37,0.5,0.0,0.5
LPCMCI,nonlinnongauss2,1,38,0.5,0.0,0.5
LPCMCI,nonlinnongauss2,1,39,0.5,0.0,0.5
LPCMCI,nonlinnongauss2,1,40,0.25,0.25,0.0
LPCMCI,nonlinnongauss2,1,41,0.5,0.0,0.5
LPCMCI,nonlinnongauss2,1,42,0.5,0.0,0.5
LPCMCI,nonlinnongauss2,1,43,0.75,0.0,0.75
LPCMCI,nonlinnongauss2,1,44,0.5,0.0,0.5
LPCMCI,nonlinnongauss2,1,45,0.5,0.0,0.5
LPCMCI,nonlinnongauss2,1,46,0.5,0.0,0.5
LPCMCI,nonlinnongauss2,1,47,0.75,0.0,0.75
LPCMCI,nonlinnongauss2,1,48,0.5,0.0,0.5
LPCMCI,nonlinnongauss2,1,49,0.5,0.0,0.5
LPCMCI,nonlinnongauss2,1.5,0,0.5,0.0,0.5
LPCMCI,nonlinnongauss2,1.5,1,0.5,0.0,0.5
LPCMCI,nonlinnongauss2,1.5,2,0.5,0.0,0.5
LPCMCI,nonlinnongauss2,1.5,3,0.75,0.0,0.75
LPCMCI,nonlinnongauss2,1.5,4,0.5,0.0,0.5
LPCMCI,nonlinnongauss2,1.5,5,0.5,0.0,0.5
LPCMCI,nonlinnongauss2,1.5,6,0.5,0.125,0.375
LPCMCI,nonlinnongauss2,1.5,7,0.5,0.0,0.5
LPCMCI,nonlinnongauss2,1.5,8,0.5,0.125,0.375
LPCMCI,nonlinnongauss2,1.5,9,0.5,0.0,0.5
LPCMCI,nonlinnongauss2,1.5,10,0.75,0.0,0.75
LPCMCI,nonlinnongauss2,1.5,11,0.5,0.0,0.5
LPCMCI,nonlinnongauss2,1.5,12,0.5,0.125,0.375
LPCMCI,nonlinnongauss2,1.5,13,0.5,0.0,0.5
LPCMCI,nonlinnongauss2,1.5,14,0.5,0.0,0.5
LPCMCI,nonlinnongauss2,1.5,15,0.5,0.0,0.5
LPCMCI,nonlinnongauss2,1.5,16,0.5,0.0,0.5
LPCMCI,nonlinnongauss2,1.5,17,0.5,0.25,0.25
LPCMCI,nonlinnongauss2,1.5,18,0.5,0.0,0.5
LPCMCI,nonlinnongauss2,1.5,19,0.75,0.0,0.75
LPCMCI,nonlinnongauss2,1.5,20,0.5,0.125,0.375
LPCMCI,nonlinnongauss2,1.5,21,0.5,0.0,0.5
LPCMCI,nonlinnongauss2,1.5,22,0.5,0.0,0.5
LPCMCI,nonlinnongauss2,1.5,23,0.25,0.125,0.125
LPCMCI,nonlinnongauss2,1.5,24,0.5,0.125,0.375
LPCMCI,nonlinnongauss2,1.5,25,0.5,0.125,0.375
LPCMCI,nonlinnongauss2,1.5,26,0.5,0.0,0.5
LPCMCI,nonlinnongauss2,1.5,27,0.5,0.0,0.5
LPCMCI,nonlinnongauss2,1.5,28,0.5,0.0,0.5
LPCMCI,nonlinnongauss2,1.5,29,0.5,0.0,0.5
LPCMCI,nonlinnongauss2,1.5,30,0.5,0.0,0.5
LPCMCI,nonlinnongauss2,1.5,31,0.5,0.0,0.5
LPCMCI,nonlinnongauss2,1.5,32,0.5,0.0,0.5
LPCMCI,nonlinnongauss2,1.5,33,0.5,0.0,0.5
LPCMCI,nonlinnongauss2,1.5,34,0.5,0.0,0.5
LPCMCI,nonlinnongauss2,1.5,35,0.5,0.0,0.5
LPCMCI,nonlinnongauss2,1.5,36,0.5,0.0,0.5
LPCMCI,nonlinnongauss2,1.5,37,0.5,0.0,0.5
LPCMCI,nonlinnongauss2,1.5,38,0.5,0.0,0.5
LPCMCI,nonlinnongauss2,1.5,39,0.5,0.125,0.375
LPCMCI,nonlinnongauss2,1.5,40,0.5,0.25,0.25
LPCMCI,nonlinnongauss2,1.5,41,0.75,0.0,0.75
LPCMCI,nonlinnongauss2,1.5,42,0.5,0.0,0.5
LPCMCI,nonlinnongauss2,1.5,43,0.75,0.0,0.75
LPCMCI,nonlinnongauss2,1.5,44,0.5,0.0,0.5
LPCMCI,nonlinnongauss2,1.5,45,0.5,0.0,0.5
LPCMCI,nonlinnongauss2,1.5,46,0.5,0.0,0.5
LPCMCI,nonlinnongauss2,1.5,47,0.75,0.0,0.75
LPCMCI,nonlinnongauss2,1.5,48,0.5,0.125,0.375
LPCMCI,nonlinnongauss2,1.5,49,0.5,0.0,0.5
LPCMCI,nonlinnongauss2,2,0,0.75,0.125,0.625
LPCMCI,nonlinnongauss2,2,1,0.5,0.0,0.5
LPCMCI,nonlinnongauss2,2,2,0.5,0.0,0.5
LPCMCI,nonlinnongauss2,2,3,0.5,0.25,0.25
LPCMCI,nonlinnongauss2,2,4,0.5,0.0,0.5
LPCMCI,nonlinnongauss2,2,5,0.5,0.125,0.375
LPCMCI,nonlinnongauss2,2,6,0.5,0.25,0.25
LPCMCI,nonlinnongauss2,2,7,0.5,0.125,0.375
LPCMCI,nonlinnongauss2,2,8,0.5,0.0,0.5
LPCMCI,nonlinnongauss2,2,9,0.5,0.0,0.5
LPCMCI,nonlinnongauss2,2,10,0.75,0.0,0.75
LPCMCI,nonlinnongauss2,2,11,0.5,0.0,0.5
LPCMCI,nonlinnongauss2,2,12,0.75,0.0,0.75
LPCMCI,nonlinnongauss2,2,13,0.25,0.125,0.125
LPCMCI,nonlinnongauss2,2,14,0.5,0.125,0.375
LPCMCI,nonlinnongauss2,2,15,0.5,0.0,0.5
LPCMCI,nonlinnongauss2,2,16,0.5,0.0,0.5
LPCMCI,nonlinnongauss2,2,17,0.5,0.125,0.375
LPCMCI,nonlinnongauss2,2,18,0.5,0.125,0.375
LPCMCI,nonlinnongauss2,2,19,0.5,0.0,0.5
LPCMCI,nonlinnongauss2,2,20,0.5,0.125,0.375
LPCMCI,nonlinnongauss2,2,21,0.5,0.25,0.25
LPCMCI,nonlinnongauss2,2,22,0.75,0.0,0.75
LPCMCI,nonlinnongauss2,2,23,0.25,0.25,0.0
LPCMCI,nonlinnongauss2,2,24,0.5,0.0,0.5
LPCMCI,nonlinnongauss2,2,25,0.5,0.125,0.375
LPCMCI,nonlinnongauss2,2,26,0.5,0.125,0.375
LPCMCI,nonlinnongauss2,2,27,0.5,0.125,0.375
LPCMCI,nonlinnongauss2,2,28,0.5,0.25,0.25
LPCMCI,nonlinnongauss2,2,29,0.5,0.0,0.5
LPCMCI,nonlinnongauss2,2,30,0.5,0.125,0.375
LPCMCI,nonlinnongauss2,2,31,0.75,0.125,0.625
LPCMCI,nonlinnongauss2,2,32,0.5,0.0,0.5
LPCMCI,nonlinnongauss2,2,33,0.5,0.0,0.5
LPCMCI,nonlinnongauss2,2,34,0.5,0.0,0.5
LPCMCI,nonlinnongauss2,2,35,0.25,0.0,0.25
LPCMCI,nonlinnongauss2,2,36,0.5,0.0,0.5
LPCMCI,nonlinnongauss2,2,37,0.75,0.0,0.75
LPCMCI,nonlinnongauss2,2,38,0.5,0.0,0.5
LPCMCI,nonlinnongauss2,2,39,0.5,0.0,0.5
LPCMCI,nonlinnongauss2,2,40,0.5,0.125,0.375
LPCMCI,nonlinnongauss2,2,41,0.5,0.125,0.375
LPCMCI,nonlinnongauss2,2,42,0.5,0.0,0.5
LPCMCI,nonlinnongauss2,2,43,0.75,0.125,0.625
LPCMCI,nonlinnongauss2,2,44,0.5,0.0,0.5
LPCMCI,nonlinnongauss2,2,45,0.5,0.0,0.5
LPCMCI,nonlinnongauss2,2,46,0.75,0.125,0.625
LPCMCI,nonlinnongauss2,2,47,0.75,0.0,0.75
LPCMCI,nonlinnongauss2,2,48,0.5,0.0,0.5
LPCMCI,nonlinnongauss2,2,49,0.5,0.0,0.5
LPCMCI,nonlinnongauss2,2.5,0,0.5,0.0,0.5
LPCMCI,nonlinnongauss2,2.5,1,0.5,0.125,0.375
LPCMCI,nonlinnongauss2,2.5,2,0.5,0.0,0.5
LPCMCI,nonlinnongauss2,2.5,3,0.5,0.25,0.25
LPCMCI,nonlinnongauss2,2.5,4,0.25,0.125,0.125
LPCMCI,nonlinnongauss2,2.5,5,0.5,0.125,0.375
LPCMCI,nonlinnongauss2,2.5,6,0.5,0.125,0.375
LPCMCI,nonlinnongauss2,2.5,7,0.5,0.125,0.375
LPCMCI,nonlinnongauss2,2.5,8,0.5,0.25,0.25
LPCMCI,nonlinnongauss2,2.5,9,0.5,0.125,0.375
LPCMCI,nonlinnongauss2,2.5,10,0.75,0.125,0.625
LPCMCI,nonlinnongauss2,2.5,11,0.5,0.0,0.5
LPCMCI,nonlinnongauss2,2.5,12,0.5,0.0,0.5
LPCMCI,nonlinnongauss2,2.5,13,0.25,0.125,0.125
LPCMCI,nonlinnongauss2,2.5,14,0.25,0.0,0.25
LPCMCI,nonlinnongauss2,2.5,15,0.5,0.0,0.5
LPCMCI,nonlinnongauss2,2.5,16,0.5,0.0,0.5
LPCMCI,nonlinnongauss2,2.5,17,0.5,0.125,0.375
LPCMCI,nonlinnongauss2,2.5,18,0.5,0.125,0.375
LPCMCI,nonlinnongauss2,2.5,19,0.75,0.0,0.75
LPCMCI,nonlinnongauss2,2.5,20,0.5,0.125,0.375
LPCMCI,nonlinnongauss2,2.5,21,0.5,0.125,0.375
LPCMCI,nonlinnongauss2,2.5,22,0.75,0.0,0.75
LPCMCI,nonlinnongauss2,2.5,23,0.0,0.25,-0.25
LPCMCI,nonlinnongauss2,2.5,24,0.5,0.0,0.5
LPCMCI,nonlinnongauss2,2.5,25,0.25,0.125,0.125
LPCMCI,nonlinnongauss2,2.5,26,0.5,0.125,0.375
LPCMCI,nonlinnongauss2,2.5,27,0.25,0.125,0.125
LPCMCI,nonlinnongauss2,2.5,28,0.5,0.0,0.5
LPCMCI,nonlinnongauss2,2.5,29,0.5,0.0,0.5
LPCMCI,nonlinnongauss2,2.5,30,0.25,0.125,0.125
LPCMCI,nonlinnongauss2,2.5,31,0.5,0.25,0.25
LPCMCI,nonlinnongauss2,2.5,32,0.5,0.125,0.375
LPCMCI,nonlinnongauss2,2.5,33,0.5,0.0,0.5
LPCMCI,nonlinnongauss2,2.5,34,0.5,0.125,0.375
LPCMCI,nonlinnongauss2,2.5,35,0.5,0.125,0.375
LPCMCI,nonlinnongauss2,2.5,36,0.5,0.0,0.5
LPCMCI,nonlinnongauss2,2.5,37,0.25,0.25,0.0
LPCMCI,nonlinnongauss2,2.5,38,0.5,0.0,0.5
LPCMCI,nonlinnongauss2,2.5,39,0.5,0.0,0.5
LPCMCI,nonlinnongauss2,2.5,40,0.5,0.125,0.375
LPCMCI,nonlinnongauss2,2.5,41,0.75,0.0,0.75
LPCMCI,nonlinnongauss2,2.5,42,0.5,0.0,0.5
LPCMCI,nonlinnongauss2,2.5,43,0.75,0.0,0.75
LPCMCI,nonlinnongauss2,2.5,44,0.25,0.125,0.125
LPCMCI,nonlinnongauss2,2.5,45,0.5,0.125,0.375
LPCMCI,nonlinnongauss2,2.5,46,0.75,0.125,0.625
LPCMCI,nonlinnongauss2,2.5,47,0.75,0.0,0.75
LPCMCI,nonlinnongauss2,2.5,48,0.5,0.0,0.5
LPCMCI,nonlinnongauss2,2.5,49,0.5,0.0,0.5
LPCMCI,nonlinnongauss2,3,0,0.5,0.125,0.375
LPCMCI,nonlinnongauss2,3,1,0.25,0.0,0.25
LPCMCI,nonlinnongauss2,3,2,0.25,0.0,0.25
LPCMCI,nonlinnongauss2,3,3,0.5,0.25,0.25
LPCMCI,nonlinnongauss2,3,4,0.5,0.125,0.375
LPCMCI,nonlinnongauss2,3,5,0.5,0.0,0.5
LPCMCI,nonlinnongauss2,3,6,0.5,0.0,0.5
LPCMCI,nonlinnongauss2,3,7,0.25,0.125,0.125
LPCMCI,nonlinnongauss2,3,8,0.25,0.125,0.125
LPCMCI,nonlinnongauss2,3,9,0.5,0.0,0.5
LPCMCI,nonlinnongauss2,3,10,0.5,0.25,0.25
LPCMCI,nonlinnongauss2,3,11,0.25,0.0,0.25
LPCMCI,nonlinnongauss2,3,12,0.25,0.0,0.25
LPCMCI,nonlinnongauss2,3,13,0.25,0.125,0.125
LPCMCI,nonlinnongauss2,3,14,0.25,0.0,0.25
LPCMCI,nonlinnongauss2,3,15,0.5,0.0,0.5
LPCMCI,nonlinnongauss2,3,16,0.25,0.125,0.125
LPCMCI,nonlinnongauss2,3,17,0.25,0.25,0.0
LPCMCI,nonlinnongauss2,3,18,0.25,0.125,0.125
LPCMCI,nonlinnongauss2,3,19,0.25,0.0,0.25
LPCMCI,nonlinnongauss2,3,20,0.25,0.125,0.125
LPCMCI,nonlinnongauss2,3,21,0.25,0.125,0.125
LPCMCI,nonlinnongauss2,3,22,0.5,0.125,0.375
LPCMCI,nonlinnongauss2,3,23,0.0,0.25,-0.25
LPCMCI,nonlinnongauss2,3,24,0.25,0.0,0.25
LPCMCI,nonlinnongauss2,3,25,0.25,0.125,0.125
LPCMCI,nonlinnongauss2,3,26,0.25,0.125,0.125
LPCMCI,nonlinnongauss2,3,27,0.25,0.125,0.125
LPCMCI,nonlinnongauss2,3,28,0.5,0.125,0.375
LPCMCI,nonlinnongauss2,3,29,0.25,0.0,0.25
LPCMCI,nonlinnongauss2,3,30,0.25,0.125,0.125
LPCMCI,nonlinnongauss2,3,31,0.25,0.0,0.25
LPCMCI,nonlinnongauss2,3,32,0.25,0.0,0.25
LPCMCI,nonlinnongauss2,3,33,0.25,0.0,0.25
LPCMCI,nonlinnongauss2,3,34,0.25,0.125,0.125
LPCMCI,nonlinnongauss2,3,35,0.25,0.125,0.125
LPCMCI,nonlinnongauss2,3,36,0.5,0.0,0.5
LPCMCI,nonlinnongauss2,3,37,0.5,0.125,0.375
LPCMCI,nonlinnongauss2,3,38,0.25,0.0,0.25
LPCMCI,nonlinnongauss2,3,39,0.25,0.0,0.25
LPCMCI,nonlinnongauss2,3,40,0.0,0.125,-0.125
LPCMCI,nonlinnongauss2,3,41,0.25,0.0,0.25
LPCMCI,nonlinnongauss2,3,42,0.25,0.0,0.25
LPCMCI,nonlinnongauss2,3,43,0.25,0.0,0.25
LPCMCI,nonlinnongauss2,3,44,0.25,0.125,0.125
LPCMCI,nonlinnongauss2,3,45,0.25,0.125,0.125
LPCMCI,nonlinnongauss2,3,46,0.5,0.0,0.5
LPCMCI,nonlinnongauss2,3,47,0.5,0.0,0.5
LPCMCI,nonlinnongauss2,3,48,0.25,0.125,0.125
LPCMCI,nonlinnongauss2,3,49,0.5,0.0,0.5
LPCMCI,nonlinnongauss2,3.5,0,0.25,0.0,0.25
LPCMCI,nonlinnongauss2,3.5,1,0.25,0.0,0.25
LPCMCI,nonlinnongauss2,3.5,2,0.25,0.0,0.25
LPCMCI,nonlinnongauss2,3.5,3,0.5,0.25,0.25
LPCMCI,nonlinnongauss2,3.5,4,0.5,0.0,0.5
LPCMCI,nonlinnongauss2,3.5,5,0.5,0.0,0.5
LPCMCI,nonlinnongauss2,3.5,6,0.25,0.0,0.25
LPCMCI,nonlinnongauss2,3.5,7,0.25,0.0,0.25
LPCMCI,nonlinnongauss2,3.5,8,0.25,0.375,-0.125
LPCMCI,nonlinnongauss2,3.5,9,0.25,0.0,0.25
LPCMCI,nonlinnongauss2,3.5,10,0.5,0.125,0.375
LPCMCI,nonlinnongauss2,3.5,11,0.25,0.25,0.0
LPCMCI,nonlinnongauss2,3.5,12,0.25,0.0,0.25
LPCMCI,nonlinnongauss2,3.5,13,0.25,0.0,0.25
LPCMCI,nonlinnongauss2,3.5,14,0.5,0.0,0.5
LPCMCI,nonlinnongauss2,3.5,15,0.25,0.0,0.25
LPCMCI,nonlinnongauss2,3.5,16,0.25,0.25,0.0
LPCMCI,nonlinnongauss2,3.5,17,0.25,0.125,0.125
LPCMCI,nonlinnongauss2,3.5,18,0.25,0.0,0.25
LPCMCI,nonlinnongauss2,3.5,19,0.25,0.0,0.25
LPCMCI,nonlinnongauss2,3.5,20,0.25,0.25,0.0
LPCMCI,nonlinnongauss2,3.5,21,0.25,0.25,0.0
LPCMCI,nonlinnongauss2,3.5,22,0.5,0.125,0.375
LPCMCI,nonlinnongauss2,3.5,23,0.0,0.25,-0.25
LPCMCI,nonlinnongauss2,3.5,24,0.25,0.0,0.25
LPCMCI,nonlinnongauss2,3.5,25,0.25,0.125,0.125
LPCMCI,nonlinnongauss2,3.5,26,0.25,0.125,0.125
LPCMCI,nonlinnongauss2,3.5,27,0.25,0.0,0.25
LPCMCI,nonlinnongauss2,3.5,28,0.25,0.125,0.125
LPCMCI,nonlinnongauss2,3.5,29,0.25,0.0,0.25
LPCMCI,nonlinnongauss2,3.5,30,0.25,0.25,0.0
LPCMCI,nonlinnongauss2,3.5,31,0.25,0.0,0.25
LPCMCI,nonlinnongauss2,3.5,32,0.25,0.0,0.25
LPCMCI,nonlinnongauss2,3.5,33,0.25,0.125,0.125
LPCMCI,nonlinnongauss2,3.5,34,0.25,0.0,0.25
LPCMCI,nonlinnongauss2,3.5,35,0.25,0.125,0.125
LPCMCI,nonlinnongauss2,3.5,36,0.5,0.0,0.5
LPCMCI,nonlinnongauss2,3.5,37,0.25,0.0,0.25
LPCMCI,nonlinnongauss2,3.5,38,0.25,0.125,0.125
LPCMCI,nonlinnongauss2,3.5,39,0.25,0.0,0.25
LPCMCI,nonlinnongauss2,3.5,40,0.0,0.25,-0.25
LPCMCI,nonlinnongauss2,3.5,41,0.25,0.0,0.25
LPCMCI,nonlinnongauss2,3.5,42,0.25,0.0,0.25
LPCMCI,nonlinnongauss2,3.5,43,0.5,0.0,0.5
LPCMCI,nonlinnongauss2,3.5,44,0.25,0.125,0.125
LPCMCI,nonlinnongauss2,3.5,45,0.5,0.0,0.5
LPCMCI,nonlinnongauss2,3.5,46,0.25,0.0,0.25
LPCMCI,nonlinnongauss2,3.5,47,0.75,0.0,0.75
LPCMCI,nonlinnongauss2,3.5,48,0.25,0.0,0.25
LPCMCI,nonlinnongauss2,3.5,49,0.25,0.125,0.125
PCMCIplus,lingauss1,0.1,0,1.0,0.0,1.0
PCMCIplus,lingauss1,0.1,1,1.0,0.0,1.0
PCMCIplus,lingauss1,0.1,2,1.0,0.0,1.0
PCMCIplus,lingauss1,0.1,3,1.0,0.0,1.0
PCMCIplus,lingauss1,0.1,4,1.0,0.0,1.0
PCMCIplus,lingauss1,0.1,5,1.0,0.0,1.0
PCMCIplus,lingauss1,0.1,6,1.0,0.0,1.0
PCMCIplus,lingauss1,0.1,7,1.0,0.111111,0.888889
PCMCIplus,lingauss1,0.1,8,1.0,0.0,1.0
PCMCIplus,lingauss1,0.1,9,1.0,0.0,1.0
PCMCIplus,lingauss1,0.1,10,1.0,0.0,1.0
PCMCIplus,lingauss1,0.1,11,1.0,0.222222,0.777778
PCMCIplus,lingauss1,0.1,12,1.0,0.111111,0.888889
PCMCIplus,lingauss1,0.1,13,1.0,0.0,1.0
PCMCIplus,lingauss1,0.1,14,1.0,0.0,1.0
PCMCIplus,lingauss1,0.1,15,1.0,0.0,1.0
PCMCIplus,lingauss1,0.1,16,1.0,0.0,1.0
PCMCIplus,lingauss1,0.1,17,1.0,0.111111,0.888889
PCMCIplus,lingauss1,0.1,18,1.0,0.0,1.0
PCMCIplus,lingauss1,0.1,19,1.0,0.0,1.0
PCMCIplus,lingauss1,0.1,20,1.0,0.0,1.0
PCMCIplus,lingauss1,0.1,21,1.0,0.0,1.0
PCMCIplus,lingauss1,0.1,22,1.0,0.0,1.0
PCMCIplus,lingauss1,0.1,23,0.666667,0.111111,0.555556
PCMCIplus,lingauss1,0.1,24,1.0,0.111111,0.888889
PCMCIplus,lingauss1,0.1,25,1.0,0.111111,0.888889
PCMCIplus,lingauss1,0.1,26,1.0,0.111111,0.888889
PCMCIplus,lingauss1,0.1,27,1.0,0.0,1.0
PCMCIplus,lingauss1,0.1,28,1.0,0.0,1.0
PCMCIplus,lingauss1,0.1,29,1.0,0.0,1.0
PCMCIplus,lingauss1,0.1,30,1.0,0.111111,0.888889
PCMCIplus,lingauss1,0.1,31,1.0,0.0,1.0
PCMCIplus,lingauss1,0.1,32,1.0,0.0,1.0
PCMCIplus,lingauss1,0.1,33,1.0,0.0,1.0
PCMCIplus,lingauss1,0.1,34,1.0,0.0,1.0
PCMCIplus,lingauss1,0.1,35,1.0,0.111111,0.888889
PCMCIplus,lingauss1,0.1,36,1.0,0.111111,0.888889
PCMCIplus,lingauss1,0.1,37,1.0,0.0,1.0
PCMCIplus,lingauss1,0.1,38,1.0,0.0,1.0
PCMCIplus,lingauss1,0.1,39,1.0,0.0,1.0
PCMCIplus,lingauss1,0.1,40,1.0,0.0,1.0
PCMCIplus,lingauss1,0.1,41,1.0,0.111111,0.888889
PCMCIplus,lingauss1,0.1,42,1.0,0.0,1.0
PCMCIplus,lingauss1,0.1,43,1.0,0.0,1.0
PCMCIplus,lingauss1,0.1,44,1.0,0.0,1.0
PCMCIplus,lingauss1,0.1,45,1.0,0.0,1.0
PCMCIplus,lingauss1,0.1,46,1.0,0.0,1.0
PCMCIplus,lingauss1,0.1,47,1.0,0.0,1.0
PCMCIplus,lingauss1,0.1,48,1.0,0.0,1.0
PCMCIplus,lingauss1,0.1,49,1.0,0.0,1.0
PCMCIplus,lingauss1,0.5,0,1.0,0.0,1.0
PCMCIplus,lingauss1,0.5,1,1.0,0.0,1.0
PCMCIplus,lingauss1,0.5,2,1.0,0.0,1.0
PCMCIplus,lingauss1,0.5,3,1.0,0.0,1.0
PCMCIplus,lingauss1,0.5,4,1.0,0.0,1.0
PCMCIplus,lingauss1,0.5,5,1.0,0.0,1.0
PCMCIplus,lingauss1,0.5,6,1.0,0.0,1.0
PCMCIplus,lingauss1,0.5,7,1.0,0.111111,0.888889
PCMCIplus,lingauss1,0.5,8,1.0,0.0,1.0
PCMCIplus,lingauss1,0.5,9,1.0,0.0,1.0
PCMCIplus,lingauss1,0.5,10,1.0,0.0,1.0
PCMCIplus,lingauss1,0.5,11,1.0,0.222222,0.777778
PCMCIplus,lingauss1,0.5,12,1.0,0.111111,0.888889
PCMCIplus,lingauss1,0.5,13,1.0,0.0,1.0
PCMCIplus,lingauss1,0.5,14,1.0,0.0,1.0
PCMCIplus,lingauss1,0.5,15,1.0,0.0,1.0
PCMCIplus,lingauss1,0.5,16,1.0,0.0,1.0
PCMCIplus,lingauss1,0.5,17,1.0,0.111111,0.888889
PCMCIplus,lingauss1,0.5,18,1.0,0.0,1.0
PCMCIplus,lingauss1,0.5,19,1.0,0.0,1.0
PCMCIplus,lingauss1,0.5,20,1.0,0.0,1.0
PCMCIplus,lingauss1,0.5,21,1.0,0.0,1.0
PCMCIplus,lingauss1,0.5,22,1.0,0.0,1.0
PCMCIplus,lingauss1,0.5,23,0.666667,0.111111,0.555556
PCMCIplus,lingauss1,0.5,24,1.0,0.111111,0.888889
PCMCIplus,lingauss1,0.5,25,1.0,0.111111,0.888889
PCMCIplus,lingauss1,0.5,26,1.0,0.111111,0.888889
PCMCIplus,lingauss1,0.5,27,1.0,0.0,1.0
PCMCIplus,lingauss1,0.5,28,1.0,0.0,1.0
PCMCIplus,lingauss1,0.5,29,1.0,0.0,1.0
PCMCIplus,lingauss1,0.5,30,1.0,0.111111,0.888889
PCMCIplus,lingauss1,0.5,31,1.0,0.0,1.0
PCMCIplus,lingauss1,0.5,32,1.0,0.0,1.0
PCMCIplus,lingauss1,0.5,33,1.0,0.0,1.0
PCMCIplus,lingauss1,0.5,34,1.0,0.0,1.0
PCMCIplus,lingauss1,0.5,35,1.0,0.111111,0.888889
PCMCIplus,lingauss1,0.5,36,1.0,0.111111,0.888889
PCMCIplus,lingauss1,0.5,37,1.0,0.0,1.0
PCMCIplus,lingauss1,0.5,38,1.0,0.0,1.0
PCMCIplus,lingauss1,0.5,39,1.0,0.0,1.0
PCMCIplus,lingauss1,0.5,40,1.0,0.0,1.0
PCMCIplus,lingauss1,0.5,41,1.0,0.111111,0.888889
PCMCIplus,lingauss1,0.5,42,1.0,0.0,1.0
PCMCIplus,lingauss1,0.5,43,1.0,0.0,1.0
PCMCIplus,lingauss1,0.5,44,1.0,0.0,1.0
PCMCIplus,lingauss1,0.5,45,1.0,0.0,1.0
PCMCIplus,lingauss1,0.5,46,1.0,0.0,1.0
PCMCIplus,lingauss1,0.5,47,1.0,0.0,1.0
PCMCIplus,lingauss1,0.5,48,1.0,0.0,1.0
PCMCIplus,lingauss1,0.5,49,1.0,0.0,1.0
PCMCIplus,lingauss1,1,0,1.0,0.0,1.0
PCMCIplus,lingauss1,1,1,1.0,0.0,1.0
PCMCIplus,lingauss1,1,2,1.0,0.0,1.0
PCMCIplus,lingauss1,1,3,1.0,0.0,1.0
PCMCIplus,lingauss1,1,4,1.0,0.0,1.0
PCMCIplus,lingauss1,1,5,1.0,0.0,1.0
PCMCIplus,lingauss1,1,6,1.0,0.0,1.0
PCMCIplus,lingauss1,1,7,1.0,0.111111,0.888889
PCMCIplus,lingauss1,1,8,1.0,0.0,1.0
PCMCIplus,lingauss1,1,9,1.0,0.0,1.0
PCMCIplus,lingauss1,1,10,1.0,0.0,1.0
PCMCIplus,lingauss1,1,11,1.0,0.222222,0.777778
PCMCIplus,lingauss1,1,12,1.0,0.111111,0.888889
PCMCIplus,lingauss1,1,13,1.0,0.0,1.0
PCMCIplus,lingauss1,1,14,1.0,0.0,1.0
PCMCIplus,lingauss1,1,15,1.0,0.0,1.0
PCMCIplus,lingauss1,1,16,1.0,0.0,1.0
PCMCIplus,lingauss1,1,17,1.0,0.111111,0.888889
PCMCIplus,lingauss1,1,18,1.0,0.0,1.0
PCMCIplus,lingauss1,1,19,1.0,0.0,1.0
PCMCIplus,lingauss1,1,20,1.0,0.0,1.0
PCMCIplus,lingauss1,1,21,1.0,0.0,1.0
PCMCIplus,lingauss1,1,22,1.0,0.0,1.0
PCMCIplus,lingauss1,1,23,0.666667,0.111111,0.555556
PCMCIplus,lingauss1,1,24,1.0,0.111111,0.888889
PCMCIplus,lingauss1,1,25,1.0,0.111111,0.888889
PCMCIplus,lingauss1,1,26,1.0,0.111111,0.888889
PCMCIplus,lingauss1,1,27,1.0,0.0,1.0
PCMCIplus,lingauss1,1,28,1.0,0.0,1.0
PCMCIplus,lingauss1,1,29,1.0,0.0,1.0
PCMCIplus,lingauss1,1,30,1.0,0.111111,0.888889
PCMCIplus,lingauss1,1,31,1.0,0.0,1.0
PCMCIplus,lingauss1,1,32,1.0,0.0,1.0
PCMCIplus,lingauss1,1,33,1.0,0.0,1.0
PCMCIplus,lingauss1,1,34,1.0,0.0,1.0
PCMCIplus,lingauss1,1,35,1.0,0.111111,0.888889
PCMCIplus,lingauss1,1,36,1.0,0.111111,0.888889
PCMCIplus,lingauss1,1,37,1.0,0.0,1.0
PCMCIplus,lingauss1,1,38,1.0,0.0,1.0
PCMCIplus,lingauss1,1,39,1.0,0.0,1.0
PCMCIplus,lingauss1,1,40,1.0,0.0,1.0
PCMCIplus,lingauss1,1,41,1.0,0.111111,0.888889
PCMCIplus,lingauss1,1,42,1.0,0.0,1.0
PCMCIplus,lingauss1,1,43,1.0,0.0,1.0
PCMCIplus,lingauss1,1,44,1.0,0.0,1.0
PCMCIplus,lingauss1,1,45,1.0,0.0,1.0
PCMCIplus,lingauss1,1,46,1.0,0.0,1.0
PCMCIplus,lingauss1,1,47,1.0,0.0,1.0
PCMCIplus,lingauss1,1,48,1.0,0.0,1.0
PCMCIplus,lingauss1,1,49,1.0,0.0,1.0
PCMCIplus,lingauss1,1.5,0,1.0,0.0,1.0
PCMCIplus,lingauss1,1.5,1,1.0,0.0,1.0
PCMCIplus,lingauss1,1.5,2,1.0,0.0,1.0
PCMCIplus,lingauss1,1.5,3,1.0,0.0,1.0
PCMCIplus,lingauss1,1.5,4,1.0,0.0,1.0
PCMCIplus,lingauss1,1.5,5,1.0,0.0,1.0
PCMCIplus,lingauss1,1.5,6,1.0,0.0,1.0
PCMCIplus,lingauss1,1.5,7,1.0,0.111111,0.888889
PCMCIplus,lingauss1,1.5,8,1.0,0.0,1.0
PCMCIplus,lingauss1,1.5,9,1.0,0.0,1.0
PCMCIplus,lingauss1,1.5,10,1.0,0.0,1.0
PCMCIplus,lingauss1,1.5,11,1.0,0.222222,0.777778
PCMCIplus,lingauss1,1.5,12,1.0,0.111111,0.888889
PCMCIplus,lingauss1,1.5,13,1.0,0.0,1.0
PCMCIplus,lingauss1,1.5,14,1.0,0.0,1.0
PCMCIplus,lingauss1,1.5,15,1.0,0.0,1.0
PCMCIplus,lingauss1,1.5,16,1.0,0.0,1.0
PCMCIplus,lingauss1,1.5,17,1.0,0.111111,0.888889
PCMCIplus,lingauss1,1.5,18,1.0,0.0,1.0
PCMCIplus,lingauss1,1.5,19,1.0,0.0,1.0
PCMCIplus,lingauss1,1.5,20,1.0,0.0,1.0
PCMCIplus,lingauss1,1.5,21,1.0,0.0,1.0
PCMCIplus,lingauss1,1.5,22,1.0,0.0,1.0
PCMCIplus,lingauss1,1.5,23,0.666667,0.111111,0.555556
PCMCIplus,lingauss1,1.5,24,1.0,0.111111,0.888889
PCMCIplus,lingauss1,1.5,25,1.0,0.111111,0.888889
PCMCIplus,lingauss1,1.5,26,1.0,0.111111,0.888889
PCMCIplus,lingauss1,1.5,27,1.0,0.0,1.0
PCMCIplus,lingauss1,1.5,28,1.0,0.0,1.0
PCMCIplus,lingauss1,1.5,29,1.0,0.0,1.0
PCMCIplus,lingauss1,1.5,30,1.0,0.111111,0.888889
PCMCIplus,lingauss1,1.5,31,1.0,0.0,1.0
PCMCIplus,lingauss1,1.5,32,1.0,0.0,1.0
PCMCIplus,lingauss1,1.5,33,1.0,0.0,1.0
PCMCIplus,lingauss1,1.5,34,1.0,0.0,1.0
PCMCIplus,lingauss1,1.5,35,1.0,0.111111,0.888889
PCMCIplus,lingauss1,1.5,36,1.0,0.111111,0.888889
PCMCIplus,lingauss1,1.5,37,1.0,0.0,1.0
PCMCIplus,lingauss1,1.5,38,1.0,0.0,1.0
PCMCIplus,lingauss1,1.5,39,1.0,0.0,1.0
PCMCIplus,lingauss1,1.5,40,1.0,0.0,1.0
PCMCIplus,lingauss1,1.5,41,1.0,0.111111,0.888889
PCMCIplus,lingauss1,1.5,42,1.0,0.0,1.0
PCMCIplus,lingauss1,1.5,43,1.0,0.0,1.0
PCMCIplus,lingauss1,1.5,44,1.0,0.0,1.0
PCMCIplus,lingauss1,1.5,45,1.0,0.0,1.0
PCMCIplus,lingauss1,1.5,46,1.0,0.0,1.0
PCMCIplus,lingauss1,1.5,47,1.0,0.0,1.0
PCMCIplus,lingauss1,1.5,48,1.0,0.0,1.0
PCMCIplus,lingauss1,1.5,49,1.0,0.0,1.0
PCMCIplus,lingauss1,2,0,1.0,0.0,1.0
PCMCIplus,lingauss1,2,1,1.0,0.0,1.0
PCMCIplus,lingauss1,2,2,1.0,0.0,1.0
PCMCIplus,lingauss1,2,3,1.0,0.0,1.0
PCMCIplus,lingauss1,2,4,1.0,0.0,1.0
PCMCIplus,lingauss1,2,5,1.0,0.0,1.0
PCMCIplus,lingauss1,2,6,1.0,0.0,1.0
PCMCIplus,lingauss1,2,7,1.0,0.111111,0.888889
PCMCIplus,lingauss1,2,8,1.0,0.0,1.0
PCMCIplus,lingauss1,2,9,1.0,0.0,1.0
PCMCIplus,lingauss1,2,10,1.0,0.0,1.0
PCMCIplus,lingauss1,2,11,1.0,0.222222,0.777778
PCMCIplus,lingauss1,2,12,1.0,0.111111,0.888889
PCMCIplus,lingauss1,2,13,1.0,0.0,1.0
PCMCIplus,lingauss1,2,14,1.0,0.0,1.0
PCMCIplus,lingauss1,2,15,1.0,0.0,1.0
PCMCIplus,lingauss1,2,16,1.0,0.0,1.0
PCMCIplus,lingauss1,2,17,1.0,0.111111,0.888889
PCMCIplus,lingauss1,2,18,1.0,0.0,1.0
PCMCIplus,lingauss1,2,19,1.0,0.0,1.0
PCMCIplus,lingauss1,2,20,1.0,0.0,1.0
PCMCIplus,lingauss1,2,21,1.0,0.0,1.0
PCMCIplus,lingauss1,2,22,1.0,0.0,1.0
PCMCIplus,lingauss1,2,23,0.666667,0.111111,0.555556
PCMCIplus,lingauss1,2,24,1.0,0.111111,0.888889
PCMCIplus,lingauss1,2,25,1.0,0.111111,0.888889
PCMCIplus,lingauss1,2,26,1.0,0.111111,0.888889
PCMCIplus,lingauss1,2,27,1.0,0.0,1.0
PCMCIplus,lingauss1,2,28,1.0,0.0,1.0
PCMCIplus,lingauss1,2,29,1.0,0.0,1.0
PCMCIplus,lingauss1,2,30,1.0,0.111111,0.888889
PCMCIplus,lingauss1,2,31,1.0,0.0,1.0
PCMCIplus,lingauss1,2,32,1.0,0.0,1.0
PCMCIplus,lingauss1,2,33,1.0,0.0,1.0
PCMCIplus,lingauss1,2,34,1.0,0.0,1.0
PCMCIplus,lingauss1,2,35,1.0,0.111111,0.888889
PCMCIplus,lingauss1,2,36,1.0,0.111111,0.888889
PCMCIplus,lingauss1,2,37,1.0,0.0,1.0
PCMCIplus,lingauss1,2,38,1.0,0.0,1.0
PCMCIplus,lingauss1,2,39,1.0,0.0,1.0
PCMCIplus,lingauss1,2,40,1.0,0.0,1.0
PCMCIplus,lingauss1,2,41,1.0,0.111111,0.888889
PCMCIplus,lingauss1,2,42,1.0,0.0,1.0
PCMCIplus,lingauss1,2,43,1.0,0.0,1.0
PCMCIplus,lingauss1,2,44,1.0,0.0,1.0
PCMCIplus,lingauss1,2,45,1.0,0.0,1.0
PCMCIplus,lingauss1,2,46,1.0,0.0,1.0
PCMCIplus,lingauss1,2,47,1.0,0.0,1.0
PCMCIplus,lingauss1,2,48,1.0,0.0,1.0
PCMCIplus,lingauss1,2,49,1.0,0.0,1.0
PCMCIplus,lingauss1,2.5,0,1.0,0.0,1.0
PCMCIplus,lingauss1,2.5,1,1.0,0.0,1.0
PCMCIplus,lingauss1,2.5,2,1.0,0.0,1.0
PCMCIplus,lingauss1,2.5,3,1.0,0.0,1.0
PCMCIplus,lingauss1,2.5,4,1.0,0.0,1.0
PCMCIplus,lingauss1,2.5,5,1.0,0.0,1.0
PCMCIplus,lingauss1,2.5,6,1.0,0.0,1.0
PCMCIplus,lingauss1,2.5,7,1.0,0.111111,0.888889
PCMCIplus,lingauss1,2.5,8,1.0,0.0,1.0
PCMCIplus,lingauss1,2.5,9,1.0,0.0,1.0
PCMCIplus,lingauss1,2.5,10,1.0,0.0,1.0
PCMCIplus,lingauss1,2.5,11,1.0,0.222222,0.777778
PCMCIplus,lingauss1,2.5,12,1.0,0.111111,0.888889
PCMCIplus,lingauss1,2.5,13,1.0,0.0,1.0
PCMCIplus,lingauss1,2.5,14,1.0,0.0,1.0
PCMCIplus,lingauss1,2.5,15,1.0,0.0,1.0
PCMCIplus,lingauss1,2.5,16,1.0,0.0,1.0
PCMCIplus,lingauss1,2.5,17,1.0,0.111111,0.888889
PCMCIplus,lingauss1,2.5,18,1.0,0.0,1.0
PCMCIplus,lingauss1,2.5,19,1.0,0.0,1.0
PCMCIplus,lingauss1,2.5,20,1.0,0.0,1.0
PCMCIplus,lingauss1,2.5,21,1.0,0.0,1.0
PCMCIplus,lingauss1,2.5,22,1.0,0.0,1.0
PCMCIplus,lingauss1,2.5,23,0.666667,0.111111,0.555556
PCMCIplus,lingauss1,2.5,24,1.0,0.111111,0.888889
PCMCIplus,lingauss1,2.5,25,1.0,0.111111,0.888889
PCMCIplus,lingauss1,2.5,26,1.0,0.111111,0.888889
PCMCIplus,lingauss1,2.5,27,1.0,0.0,1.0
PCMCIplus,lingauss1,2.5,28,1.0,0.0,1.0
PCMCIplus,lingauss1,2.5,29,1.0,0.0,1.0
PCMCIplus,lingauss1,2.5,30,1.0,0.111111,0.888889
PCMCIplus,lingauss1,2.5,31,1.0,0.0,1.0
PCMCIplus,lingauss1,2.5,32,1.0,0.0,1.0
PCMCIplus,lingauss1,2.5,33,1.0,0.0,1.0
PCMCIplus,lingauss1,2.5,34,1.0,0.0,1.0
PCMCIplus,lingauss1,2.5,35,1.0,0.111111,0.888889
PCMCIplus,lingauss1,2.5,36,1.0,0.111111,0.888889
PCMCIplus,lingauss1,2.5,37,1.0,0.0,1.0
PCMCIplus,lingauss1,2.5,38,1.0,0.0,1.0
PCMCIplus,lingauss1,2.5,39,1.0,0.0,1.0
PCMCIplus,lingauss1,2.5,40,1.0,0.0,1.0
PCMCIplus,lingauss1,2.5,41,1.0,0.111111,0.888889
PCMCIplus,lingauss1,2.5,42,1.0,0.0,1.0
PCMCIplus,lingauss1,2.5,43,1.0,0.0,1.0
PCMCIplus,lingauss1,2.5,44,1.0,0.0,1.0
PCMCIplus,lingauss1,2.5,45,1.0,0.0,1.0
PCMCIplus,lingauss1,2.5,46,1.0,0.0,1.0
PCMCIplus,lingauss1,2.5,47,1.0,0.0,1.0
PCMCIplus,lingauss1,2.5,48,1.0,0.0,1.0
PCMCIplus,lingauss1,2.5,49,1.0,0.0,1.0
PCMCIplus,lingauss1,3,0,1.0,0.0,1.0
PCMCIplus,lingauss1,3,1,1.0,0.0,1.0
PCMCIplus,lingauss1,3,2,1.0,0.0,1.0
PCMCIplus,lingauss1,3,3,1.0,0.0,1.0
PCMCIplus,lingauss1,3,4,1.0,0.0,1.0
PCMCIplus,lingauss1,3,5,1.0,0.0,1.0
PCMCIplus,lingauss1,3,6,1.0,0.0,1.0
PCMCIplus,lingauss1,3,7,1.0,0.111111,0.888889
PCMCIplus,lingauss1,3,8,1.0,0.0,1.0
PCMCIplus,lingauss1,3,9,1.0,0.0,1.0
PCMCIplus,lingauss1,3,10,1.0,0.0,1.0
PCMCIplus,lingauss1,3,11,1.0,0.222222,0.777778
PCMCIplus,lingauss1,3,12,1.0,0.111111,0.888889
PCMCIplus,lingauss1,3,13,1.0,0.0,1.0
PCMCIplus,lingauss1,3,14,1.0,0.0,1.0
PCMCIplus,lingauss1,3,15,1.0,0.0,1.0
PCMCIplus,lingauss1,3,16,1.0,0.0,1.0
PCMCIplus,lingauss1,3,17,1.0,0.111111,0.888889
PCMCIplus,lingauss1,3,18,1.0,0.0,1.0
PCMCIplus,lingauss1,3,19,1.0,0.0,1.0
PCMCIplus,lingauss1,3,20,1.0,0.0,1.0
PCMCIplus,lingauss1,3,21,1.0,0.0,1.0
PCMCIplus,lingauss1,3,22,1.0,0.0,1.0
PCMCIplus,lingauss1,3,23,0.666667,0.111111,0.555556
PCMCIplus,lingauss1,3,24,1.0,0.111111,0.888889
PCMCIplus,lingauss1,3,25,1.0,0.111111,0.888889
PCMCIplus,lingauss1,3,26,1.0,0.111111,0.888889
PCMCIplus,lingauss1,3,27,1.0,0.0,1.0
PCMCIplus,lingauss1,3,28,1.0,0.0,1.0
PCMCIplus,lingauss1,3,29,1.0,0.0,1.0
PCMCIplus,lingauss1,3,30,1.0,0.111111,0.888889
PCMCIplus,lingauss1,3,31,1.0,0.0,1.0
PCMCIplus,lingauss1,3,32,1.0,0.0,1.0
PCMCIplus,lingauss1,3,33,1.0,0.0,1.0
PCMCIplus,lingauss1,3,34,1.0,0.0,1.0
PCMCIplus,lingauss1,3,35,1.0,0.111111,0.888889
PCMCIplus,lingauss1,3,36,1.0,0.111111,0.888889
PCMCIplus,lingauss1,3,37,1.0,0.0,1.0
PCMCIplus,lingauss1,3,38,1.0,0.0,1.0
PCMCIplus,lingauss1,3,39,1.0,0.0,1.0
PCMCIplus,lingauss1,3,40,1.0,0.0,1.0
PCMCIplus,lingauss1,3,41,1.0,0.111111,0.888889
PCMCIplus,lingauss1,3,42,1.0,0.0,1.0
PCMCIplus,lingauss1,3,43,1.0,0.0,1.0
PCMCIplus,lingauss1,3,44,1.0,0.0,1.0
PCMCIplus,lingauss1,3,45,1.0,0.0,1.0
PCMCIplus,lingauss1,3,46,1.0,0.0,1.0
PCMCIplus,lingauss1,3,47,1.0,0.0,1.0
PCMCIplus,lingauss1,3,48,1.0,0.0,1.0
PCMCIplus,lingauss1,3,49,1.0,0.0,1.0
PCMCIplus,lingauss1,3.5,0,1.0,0.0,1.0
PCMCIplus,lingauss1,3.5,1,1.0,0.0,1.0
PCMCIplus,lingauss1,3.5,2,1.0,0.0,1.0
PCMCIplus,lingauss1,3.5,3,1.0,0.0,1.0
PCMCIplus,lingauss1,3.5,4,1.0,0.0,1.0
PCMCIplus,lingauss1,3.5,5,1.0,0.0,1.0
PCMCIplus,lingauss1,3.5,6,1.0,0.0,1.0
PCMCIplus,lingauss1,3.5,7,1.0,0.111111,0.888889
PCMCIplus,lingauss1,3.5,8,1.0,0.0,1.0
PCMCIplus,lingauss1,3.5,9,1.0,0.0,1.0
PCMCIplus,lingauss1,3.5,10,1.0,0.0,1.0
PCMCIplus,lingauss1,3.5,11,1.0,0.222222,0.777778
PCMCIplus,lingauss1,3.5,12,1.0,0.111111,0.888889
PCMCIplus,lingauss1,3.5,13,1.0,0.0,1.0
PCMCIplus,lingauss1,3.5,14,1.0,0.0,1.0
PCMCIplus,lingauss1,3.5,15,1.0,0.0,1.0
PCMCIplus,lingauss1,3.5,16,1.0,0.0,1.0
PCMCIplus,lingauss1,3.5,17,1.0,0.111111,0.888889
PCMCIplus,lingauss1,3.5,18,1.0,0.0,1.0
PCMCIplus,lingauss1,3.5,19,1.0,0.0,1.0
PCMCIplus,lingauss1,3.5,20,1.0,0.0,1.0
PCMCIplus,lingauss1,3.5,21,1.0,0.0,1.0
PCMCIplus,lingauss1,3.5,22,1.0,0.0,1.0
PCMCIplus,lingauss1,3.5,23,0.666667,0.111111,0.555556
PCMCIplus,lingauss1,3.5,24,1.0,0.111111,0.888889
PCMCIplus,lingauss1,3.5,25,1.0,0.111111,0.888889
PCMCIplus,lingauss1,3.5,26,1.0,0.111111,0.888889
PCMCIplus,lingauss1,3.5,27,1.0,0.0,1.0
PCMCIplus,lingauss1,3.5,28,1.0,0.0,1.0
PCMCIplus,lingauss1,3.5,29,1.0,0.0,1.0
PCMCIplus,lingauss1,3.5,30,1.0,0.111111,0.888889
PCMCIplus,lingauss1,3.5,31,1.0,0.0,1.0
PCMCIplus,lingauss1,3.5,32,1.0,0.0,1.0
PCMCIplus,lingauss1,3.5,33,1.0,0.0,1.0
PCMCIplus,lingauss1,3.5,34,1.0,0.0,1.0
PCMCIplus,lingauss1,3.5,35,1.0,0.111111,0.888889
PCMCIplus,lingauss1,3.5,36,1.0,0.111111,0.888889
PCMCIplus,lingauss1,3.5,37,1.0,0.0,1.0
PCMCIplus,lingauss1,3.5,38,1.0,0.0,1.0
PCMCIplus,lingauss1,3.5,39,1.0,0.0,1.0
PCMCIplus,lingauss1,3.5,40,1.0,0.0,1.0
PCMCIplus,lingauss1,3.5,41,1.0,0.111111,0.888889
PCMCIplus,lingauss1,3.5,42,1.0,0.0,1.0
PCMCIplus,lingauss1,3.5,43,1.0,0.0,1.0
PCMCIplus,lingauss1,3.5,44,1.0,0.0,1.0
PCMCIplus,lingauss1,3.5,45,1.0,0.0,1.0
PCMCIplus,lingauss1,3.5,46,1.0,0.0,1.0
PCMCIplus,lingauss1,3.5,47,1.0,0.0,1.0
PCMCIplus,lingauss1,3.5,48,1.0,0.0,1.0
PCMCIplus,lingauss1,3.5,49,1.0,0.0,1.0
PCMCIplus,lingauss2,0.1,0,1.0,0.0,1.0
PCMCIplus,lingauss2,0.1,1,1.0,0.0,1.0
PCMCIplus,lingauss2,0.1,2,1.0,0.0,1.0
PCMCIplus,lingauss2,0.1,3,1.0,0.0,1.0
PCMCIplus,lingauss2,0.1,4,1.0,0.0,1.0
PCMCIplus,lingauss2,0.1,5,1.0,0.125,0.875
PCMCIplus,lingauss2,0.1,6,1.0,0.0,1.0
PCMCIplus,lingauss2,0.1,7,1.0,0.25,0.75
PCMCIplus,lingauss2,0.1,8,1.0,0.0,1.0
PCMCIplus,lingauss2,0.1,9,0.75,0.25,0.5
PCMCIplus,lingauss2,0.1,10,1.0,0.0,1.0
PCMCIplus,lingauss2,0.1,11,1.0,0.0,1.0
PCMCIplus,lingauss2,0.1,12,1.0,0.0,1.0
PCMCIplus,lingauss2,0.1,13,1.0,0.0,1.0
PCMCIplus,lingauss2,0.1,14,1.0,0.0,1.0
PCMCIplus,lingauss2,0.1,15,1.0,0.0,1.0
PCMCIplus,lingauss2,0.1,16,1.0,0.0,1.0
PCMCIplus,lingauss2,0.1,17,1.0,0.0,1.0
PCMCIplus,lingauss2,0.1,18,1.0,0.0,1.0
PCMCIplus,lingauss2,0.1,19,1.0,0.0,1.0
PCMCIplus,lingauss2,0.1,20,1.0,0.0,1.0
PCMCIplus,lingauss2,0.1,21,1.0,0.0,1.0
PCMCIplus,lingauss2,0.1,22,1.0,0.0,1.0
PCMCIplus,lingauss2,0.1,23,1.0,0.0,1.0
PCMCIplus,lingauss2,0.1,24,1.0,0.0,1.0
PCMCIplus,lingauss2,0.1,25,1.0,0.0,1.0
PCMCIplus,lingauss2,0.1,26,1.0,0.0,1.0
PCMCIplus,lingauss2,0.1,27,1.0,0.0,1.0
PCMCIplus,lingauss2,0.1,28,1.0,0.0,1.0
PCMCIplus,lingauss2,0.1,29,1.0,0.0,1.0
PCMCIplus,lingauss2,0.1,30,1.0,0.0,1.0
PCMCIplus,lingauss2,0.1,31,1.0,0.0,1.0
PCMCIplus,lingauss2,0.1,32,1.0,0.0,1.0
PCMCIplus,lingauss2,0.1,33,1.0,0.0,1.0
PCMCIplus,lingauss2,0.1,34,1.0,0.0,1.0
PCMCIplus,lingauss2,0.1,35,1.0,0.0,1.0
PCMCIplus,lingauss2,0.1,36,1.0,0.0,1.0
PCMCIplus,lingauss2,0.1,37,1.0,0.0,1.0
PCMCIplus,lingauss2,0.1,38,1.0,0.0,1.0
PCMCIplus,lingauss2,0.1,39,1.0,0.0,1.0
PCMCIplus,lingauss2,0.1,40,1.0,0.0,1.0
PCMCIplus,lingauss2,0.1,41,1.0,0.0,1.0
PCMCIplus,lingauss2,0.1,42,1.0,0.0,1.0
PCMCIplus,lingauss2,0.1,43,1.0,0.0,1.0
PCMCIplus,lingauss2,0.1,44,1.0,0.0,1.0
PCMCIplus,lingauss2,0.1,45,1.0,0.0,1.0
PCMCIplus,lingauss2,0.1,46,1.0,0.0,1.0
PCMCIplus,lingauss2,0.1,47,1.0,0.0,1.0
PCMCIplus,lingauss2,0.1,48,1.0,0.0,1.0
PCMCIplus,lingauss2,0.1,49,1.0,0.0,1.0
PCMCIplus,lingauss2,0.5,0,1.0,0.0,1.0
PCMCIplus,lingauss2,0.5,1,1.0,0.0,1.0
PCMCIplus,lingauss2,0.5,2,1.0,0.0,1.0
PCMCIplus,lingauss2,0.5,3,1.0,0.0,1.0
PCMCIplus,lingauss2,0.5,4,1.0,0.0,1.0
PCMCIplus,lingauss2,0.5,5,1.0,0.125,0.875
PCMCIplus,lingauss2,0.5,6,1.0,0.0,1.0
PCMCIplus,lingauss2,0.5,7,1.0,0.25,0.75
PCMCIplus,lingauss2,0.5,8,1.0,0.0,1.0
PCMCIplus,lingauss2,0.5,9,0.75,0.25,0.5
PCMCIplus,lingauss2,0.5,10,1.0,0.0,1.0
PCMCIplus,lingauss2,0.5,11,1.0,0.0,1.0
PCMCIplus,lingauss2,0.5,12,1.0,0.0,1.0
PCMCIplus,lingauss2,0.5,13,1.0,0.0,1.0
PCMCIplus,lingauss2,0.5,14,1.0,0.0,1.0
PCMCIplus,lingauss2,0.5,15,1.0,0.0,1.0
PCMCIplus,lingauss2,0.5,16,1.0,0.0,1.0
PCMCIplus,lingauss2,0.5,17,1.0,0.0,1.0
PCMCIplus,lingauss2,0.5,18,1.0,0.0,1.0
PCMCIplus,lingauss2,0.5,19,1.0,0.0,1.0
PCMCIplus,lingauss2,0.5,20,1.0,0.0,1.0
PCMCIplus,lingauss2,0.5,21,1.0,0.0,1.0
PCMCIplus,lingauss2,0.5,22,1.0,0.0,1.0
PCMCIplus,lingauss2,0.5,23,1.0,0.0,1.0
PCMCIplus,lingauss2,0.5,24,1.0,0.0,1.0
PCMCIplus,lingauss2,0.5,25,1.0,0.0,1.0
PCMCIplus,lingauss2,0.5,26,1.0,0.0,1.0
PCMCIplus,lingauss2,0.5,27,1.0,0.0,1.0
PCMCIplus,lingauss2,0.5,28,1.0,0.0,1.0
PCMCIplus,lingauss2,0.5,29,1.0,0.0,1.0
PCMCIplus,lingauss2,0.5,30,1.0,0.0,1.0
PCMCIplus,lingauss2,0.5,31,1.0,0.0,1.0
PCMCIplus,lingauss2,0.5,32,1.0,0.0,1.0
PCMCIplus,lingauss2,0.5,33,1.0,0.0,1.0
PCMCIplus,lingauss2,0.5,34,1.0,0.0,1.0
PCMCIplus,lingauss2,0.5,35,1.0,0.0,1.0
PCMCIplus,lingauss2,0.5,36,1.0,0.0,1.0
PCMCIplus,lingauss2,0.5,37,1.0,0.0,1.0
PCMCIplus,lingauss2,0.5,38,1.0,0.0,1.0
PCMCIplus,lingauss2,0.5,39,1.0,0.0,1.0
PCMCIplus,lingauss2,0.5,40,1.0,0.0,1.0
PCMCIplus,lingauss2,0.5,41,1.0,0.0,1.0
PCMCIplus,lingauss2,0.5,42,1.0,0.0,1.0
PCMCIplus,lingauss2,0.5,43,1.0,0.0,1.0
PCMCIplus,lingauss2,0.5,44,1.0,0.0,1.0
PCMCIplus,lingauss2,0.5,45,1.0,0.0,1.0
PCMCIplus,lingauss2,0.5,46,1.0,0.0,1.0
PCMCIplus,lingauss2,0.5,47,1.0,0.0,1.0
PCMCIplus,lingauss2,0.5,48,1.0,0.0,1.0
PCMCIplus,lingauss2,0.5,49,1.0,0.0,1.0
PCMCIplus,lingauss2,1,0,1.0,0.0,1.0
PCMCIplus,lingauss2,1,1,1.0,0.0,1.0
PCMCIplus,lingauss2,1,2,1.0,0.0,1.0
PCMCIplus,lingauss2,1,3,1.0,0.0,1.0
PCMCIplus,lingauss2,1,4,1.0,0.0,1.0
PCMCIplus,lingauss2,1,5,1.0,0.125,0.875
PCMCIplus,lingauss2,1,6,1.0,0.0,1.0
PCMCIplus,lingauss2,1,7,1.0,0.25,0.75
PCMCIplus,lingauss2,1,8,1.0,0.0,1.0
PCMCIplus,lingauss2,1,9,0.75,0.25,0.5
PCMCIplus,lingauss2,1,10,1.0,0.0,1.0
PCMCIplus,lingauss2,1,11,1.0,0.0,1.0
PCMCIplus,lingauss2,1,12,1.0,0.0,1.0
PCMCIplus,lingauss2,1,13,1.0,0.0,1.0
PCMCIplus,lingauss2,1,14,1.0,0.0,1.0
PCMCIplus,lingauss2,1,15,1.0,0.0,1.0
PCMCIplus,lingauss2,1,16,1.0,0.0,1.0
PCMCIplus,lingauss2,1,17,1.0,0.0,1.0
PCMCIplus,lingauss2,1,18,1.0,0.0,1.0
PCMCIplus,lingauss2,1,19,1.0,0.0,1.0
PCMCIplus,lingauss2,1,20,1.0,0.0,1.0
PCMCIplus,lingauss2,1,21,1.0,0.0,1.0
PCMCIplus,lingauss2,1,22,1.0,0.0,1.0
PCMCIplus,lingauss2,1,23,1.0,0.0,1.0
PCMCIplus,lingauss2,1,24,1.0,0.0,1.0
PCMCIplus,lingauss2,1,25,1.0,0.0,1.0
PCMCIplus,lingauss2,1,26,1.0,0.0,1.0
PCMCIplus,lingauss2,1,27,1.0,0.0,1.0
PCMCIplus,lingauss2,1,28,1.0,0.0,1.0
PCMCIplus,lingauss2,1,29,1.0,0.0,1.0
PCMCIplus,lingauss2,1,30,1.0,0.0,1.0
PCMCIplus,lingauss2,1,31,1.0,0.0,1.0
PCMCIplus,lingauss2,1,32,1.0,0.0,1.0
PCMCIplus,lingauss2,1,33,1.0,0.0,1.0
PCMCIplus,lingauss2,1,34,1.0,0.0,1.0
PCMCIplus,lingauss2,1,35,1.0,0.0,1.0
PCMCIplus,lingauss2,1,36,1.0,0.0,1.0
PCMCIplus,lingauss2,1,37,1.0,0.0,1.0
PCMCIplus,lingauss2,1,38,1.0,0.0,1.0
PCMCIplus,lingauss2,1,39,1.0,0.0,1.0
PCMCIplus,lingauss2,1,40,1.0,0.0,1.0
PCMCIplus,lingauss2,1,41,1.0,0.0,1.0
PCMCIplus,lingauss2,1,42,1.0,0.0,1.0
PCMCIplus,lingauss2,1,43,1.0,0.0,1.0
PCMCIplus,lingauss2,1,44,1.0,0.0,1.0
PCMCIplus,lingauss2,1,45,1.0,0.0,1.0
PCMCIplus,lingauss2,1,46,1.0,0.0,1.0
PCMCIplus,lingauss2,1,47,1.0,0.0,1.0
PCMCIplus,lingauss2,1,48,1.0,0.0,1.0
PCMCIplus,lingauss2,1,49,1.0,0.0,1.0
PCMCIplus,lingauss2,1.5,0,1.0,0.0,1.0
PCMCIplus,lingauss2,1.5,1,1.0,0.0,1.0
PCMCIplus,lingauss2,1.5,2,1.0,0.0,1.0
PCMCIplus,lingauss2,1.5,3,1.0,0.0,1.0
PCMCIplus,lingauss2,1.5,4,1.0,0.0,1.0
PCMCIplus,lingauss2,1.5,5,1.0,0.125,0.875
PCMCIplus,lingauss2,1.5,6,1.0,0.0,1.0
PCMCIplus,lingauss2,1.5,7,1.0,0.25,0.75
PCMCIplus,lingauss2,1.5,8,1.0,0.0,1.0
PCMCIplus,lingauss2,1.5,9,0.75,0.25,0.5
PCMCIplus,lingauss2,1.5,10,1.0,0.0,1.0
PCMCIplus,lingauss2,1.5,11,1.0,0.0,1.0
PCMCIplus,lingauss2,1.5,12,1.0,0.0,1.0
PCMCIplus,lingauss2,1.5,13,1.0,0.0,1.0
PCMCIplus,lingauss2,1.5,14,1.0,0.0,1.0
PCMCIplus,lingauss2,1.5,15,1.0,0.0,1.0
PCMCIplus,lingauss2,1.5,16,1.0,0.0,1.0
PCMCIplus,lingauss2,1.5,17,1.0,0.0,1.0
PCMCIplus,lingauss2,1.5,18,1.0,0.0,1.0
PCMCIplus,lingauss2,1.5,19,1.0,0.0,1.0
PCMCIplus,lingauss2,1.5,20,1.0,0.0,1.0
PCMCIplus,lingauss2,1.5,21,1.0,0.0,1.0
PCMCIplus,lingauss2,1.5,22,1.0,0.0,1.0
PCMCIplus,lingauss2,1.5,23,1.0,0.0,1.0
PCMCIplus,lingauss2,1.5,24,1.0,0.0,1.0
PCMCIplus,lingauss2,1.5,25,1.0,0.0,1.0
PCMCIplus,lingauss2,1.5,26,1.0,0.0,1.0
PCMCIplus,lingauss2,1.5,27,1.0,0.0,1.0
PCMCIplus,lingauss2,1.5,28,1.0,0.0,1.0
PCMCIplus,lingauss2,1.5,29,1.0,0.0,1.0
PCMCIplus,lingauss2,1.5,30,1.0,0.0,1.0
PCMCIplus,lingauss2,1.5,31,1.0,0.0,1.0
PCMCIplus,lingauss2,1.5,32,1.0,0.0,1.0
PCMCIplus,lingauss2,1.5,33,1.0,0.0,1.0
PCMCIplus,lingauss2,1.5,34,1.0,0.0,1.0
PCMCIplus,lingauss2,1.5,35,1.0,0.0,1.0
PCMCIplus,lingauss2,1.5,36,1.0,0.0,1.0
PCMCIplus,lingauss2,1.5,37,1.0,0.0,1.0
PCMCIplus,lingauss2,1.5,38,1.0,0.0,1.0
PCMCIplus,lingauss2,1.5,39,1.0,0.0,1.0
PCMCIplus,lingauss2,1.5,40,1.0,0.0,1.0
PCMCIplus,lingauss2,1.5,41,1.0,0.0,1.0
PCMCIplus,lingauss2,1.5,42,1.0,0.0,1.0
PCMCIplus,lingauss2,1.5,43,1.0,0.0,1.0
PCMCIplus,lingauss2,1.5,44,1.0,0.0,1.0
PCMCIplus,lingauss2,1.5,45,1.0,0.0,1.0
PCMCIplus,lingauss2,1.5,46,1.0,0.0,1.0
PCMCIplus,lingauss2,1.5,47,1.0,0.0,1.0
PCMCIplus,lingauss2,1.5,48,1.0,0.0,1.0
PCMCIplus,lingauss2,1.5,49,1.0,0.0,1.0
PCMCIplus,lingauss2,2,0,1.0,0.0,1.0
PCMCIplus,lingauss2,2,1,1.0,0.0,1.0
PCMCIplus,lingauss2,2,2,1.0,0.0,1.0
PCMCIplus,lingauss2,2,3,1.0,0.0,1.0
PCMCIplus,lingauss2,2,4,1.0,0.0,1.0
PCMCIplus,lingauss2,2,5,1.0,0.125,0.875
PCMCIplus,lingauss2,2,6,1.0,0.0,1.0
PCMCIplus,lingauss2,2,7,1.0,0.25,0.75
PCMCIplus,lingauss2,2,8,1.0,0.0,1.0
PCMCIplus,lingauss2,2,9,0.75,0.25,0.5
PCMCIplus,lingauss2,2,10,1.0,0.0,1.0
PCMCIplus,lingauss2,2,11,1.0,0.0,1.0
PCMCIplus,lingauss2,2,12,1.0,0.0,1.0
PCMCIplus,lingauss2,2,13,1.0,0.0,1.0
PCMCIplus,lingauss2,2,14,1.0,0.0,1.0
PCMCIplus,lingauss2,2,15,1.0,0.0,1.0
PCMCIplus,lingauss2,2,16,1.0,0.0,1.0
PCMCIplus,lingauss2,2,17,1.0,0.0,1.0
PCMCIplus,lingauss2,2,18,1.0,0.0,1.0
PCMCIplus,lingauss2,2,19,1.0,0.0,1.0
PCMCIplus,lingauss2,2,20,1.0,0.0,1.0
PCMCIplus,lingauss2,2,21,1.0,0.0,1.0
PCMCIplus,lingauss2,2,22,1.0,0.0,1.0
PCMCIplus,lingauss2,2,23,1.0,0.0,1.0
PCMCIplus,lingauss2,2,24,1.0,0.0,1.0
PCMCIplus,lingauss2,2,25,1.0,0.0,1.0
PCMCIplus,lingauss2,2,26,1.0,0.0,1.0
PCMCIplus,lingauss2,2,27,1.0,0.0,1.0
PCMCIplus,lingauss2,2,28,1.0,0.0,1.0
PCMCIplus,lingauss2,2,29,1.0,0.0,1.0
PCMCIplus,lingauss2,2,30,1.0,0.0,1.0
PCMCIplus,lingauss2,2,31,1.0,0.0,1.0
PCMCIplus,lingauss2,2,32,1.0,0.0,1.0
PCMCIplus,lingauss2,2,33,1.0,0.0,1.0
PCMCIplus,lingauss2,2,34,1.0,0.0,1.0
PCMCIplus,lingauss2,2,35,1.0,0.0,1.0
PCMCIplus,lingauss2,2,36,1.0,0.0,1.0
PCMCIplus,lingauss2,2,37,1.0,0.0,1.0
PCMCIplus,lingauss2,2,38,1.0,0.0,1.0
PCMCIplus,lingauss2,2,39,1.0,0.0,1.0
PCMCIplus,lingauss2,2,40,1.0,0.0,1.0
PCMCIplus,lingauss2,2,41,1.0,0.0,1.0
PCMCIplus,lingauss2,2,42,1.0,0.0,1.0
PCMCIplus,lingauss2,2,43,1.0,0.0,1.0
PCMCIplus,lingauss2,2,44,1.0,0.0,1.0
PCMCIplus,lingauss2,2,45,1.0,0.0,1.0
PCMCIplus,lingauss2,2,46,1.0,0.0,1.0
PCMCIplus,lingauss2,2,47,1.0,0.0,1.0
PCMCIplus,lingauss2,2,48,1.0,0.0,1.0
PCMCIplus,lingauss2,2,49,1.0,0.0,1.0
PCMCIplus,lingauss2,2.5,0,1.0,0.0,1.0
PCMCIplus,lingauss2,2.5,1,1.0,0.0,1.0
PCMCIplus,lingauss2,2.5,2,1.0,0.0,1.0
PCMCIplus,lingauss2,2.5,3,1.0,0.0,1.0
PCMCIplus,lingauss2,2.5,4,1.0,0.0,1.0
PCMCIplus,lingauss2,2.5,5,1.0,0.125,0.875
PCMCIplus,lingauss2,2.5,6,1.0,0.0,1.0
PCMCIplus,lingauss2,2.5,7,1.0,0.25,0.75
PCMCIplus,lingauss2,2.5,8,1.0,0.0,1.0
PCMCIplus,lingauss2,2.5,9,0.75,0.25,0.5
PCMCIplus,lingauss2,2.5,10,1.0,0.0,1.0
PCMCIplus,lingauss2,2.5,11,1.0,0.0,1.0
PCMCIplus,lingauss2,2.5,12,1.0,0.0,1.0
PCMCIplus,lingauss2,2.5,13,1.0,0.0,1.0
PCMCIplus,lingauss2,2.5,14,1.0,0.0,1.0
PCMCIplus,lingauss2,2.5,15,1.0,0.0,1.0
PCMCIplus,lingauss2,2.5,16,1.0,0.0,1.0
PCMCIplus,lingauss2,2.5,17,1.0,0.0,1.0
PCMCIplus,lingauss2,2.5,18,1.0,0.0,1.0
PCMCIplus,lingauss2,2.5,19,1.0,0.0,1.0
PCMCIplus,lingauss2,2.5,20,1.0,0.0,1.0
PCMCIplus,lingauss2,2.5,21,1.0,0.0,1.0
PCMCIplus,lingauss2,2.5,22,1.0,0.0,1.0
PCMCIplus,lingauss2,2.5,23,1.0,0.0,1.0
PCMCIplus,lingauss2,2.5,24,1.0,0.0,1.0
PCMCIplus,lingauss2,2.5,25,1.0,0.0,1.0
PCMCIplus,lingauss2,2.5,26,1.0,0.0,1.0
PCMCIplus,lingauss2,2.5,27,1.0,0.0,1.0
PCMCIplus,lingauss2,2.5,28,1.0,0.0,1.0
PCMCIplus,lingauss2,2.5,29,1.0,0.0,1.0
PCMCIplus,lingauss2,2.5,30,1.0,0.0,1.0
PCMCIplus,lingauss2,2.5,31,1.0,0.0,1.0
PCMCIplus,lingauss2,2.5,32,1.0,0.0,1.0
PCMCIplus,lingauss2,2.5,33,1.0,0.0,1.0
PCMCIplus,lingauss2,2.5,34,1.0,0.0,1.0
PCMCIplus,lingauss2,2.5,35,1.0,0.0,1.0
PCMCIplus,lingauss2,2.5,36,1.0,0.0,1.0
PCMCIplus,lingauss2,2.5,37,1.0,0.0,1.0
PCMCIplus,lingauss2,2.5,38,1.0,0.0,1.0
PCMCIplus,lingauss2,2.5,39,1.0,0.0,1.0
PCMCIplus,lingauss2,2.5,40,1.0,0.0,1.0
PCMCIplus,lingauss2,2.5,41,1.0,0.0,1.0
PCMCIplus,lingauss2,2.5,42,1.0,0.0,1.0
PCMCIplus,lingauss2,2.5,43,1.0,0.0,1.0
PCMCIplus,lingauss2,2.5,44,1.0,0.0,1.0
PCMCIplus,lingauss2,2.5,45,1.0,0.0,1.0
PCMCIplus,lingauss2,2.5,46,1.0,0.0,1.0
PCMCIplus,lingauss2,2.5,47,1.0,0.0,1.0
PCMCIplus,lingauss2,2.5,48,1.0,0.0,1.0
PCMCIplus,lingauss2,2.5,49,1.0,0.0,1.0
PCMCIplus,lingauss2,3,0,1.0,0.0,1.0
PCMCIplus,lingauss2,3,1,1.0,0.0,1.0
PCMCIplus,lingauss2,3,2,1.0,0.0,1.0
PCMCIplus,lingauss2,3,3,1.0,0.0,1.0
PCMCIplus,lingauss2,3,4,1.0,0.0,1.0
PCMCIplus,lingauss2,3,5,1.0,0.125,0.875
PCMCIplus,lingauss2,3,6,1.0,0.0,1.0
PCMCIplus,lingauss2,3,7,1.0,0.25,0.75
PCMCIplus,lingauss2,3,8,1.0,0.0,1.0
PCMCIplus,lingauss2,3,9,0.75,0.25,0.5
PCMCIplus,lingauss2,3,10,1.0,0.0,1.0
PCMCIplus,lingauss2,3,11,1.0,0.0,1.0
PCMCIplus,lingauss2,3,12,1.0,0.0,1.0
PCMCIplus,lingauss2,3,13,1.0,0.0,1.0
PCMCIplus,lingauss2,3,14,1.0,0.0,1.0
PCMCIplus,lingauss2,3,15,1.0,0.0,1.0
PCMCIplus,lingauss2,3,16,1.0,0.0,1.0
PCMCIplus,lingauss2,3,17,1.0,0.0,1.0
PCMCIplus,lingauss2,3,18,1.0,0.0,1.0
PCMCIplus,lingauss2,3,19,1.0,0.0,1.0
PCMCIplus,lingauss2,3,20,1.0,0.0,1.0
PCMCIplus,lingauss2,3,21,1.0,0.0,1.0
PCMCIplus,lingauss2,3,22,1.0,0.0,1.0
PCMCIplus,lingauss2,3,23,1.0,0.0,1.0
PCMCIplus,lingauss2,3,24,1.0,0.0,1.0
PCMCIplus,lingauss2,3,25,1.0,0.0,1.0
PCMCIplus,lingauss2,3,26,1.0,0.0,1.0
PCMCIplus,lingauss2,3,27,1.0,0.0,1.0
PCMCIplus,lingauss2,3,28,1.0,0.0,1.0
PCMCIplus,lingauss2,3,29,1.0,0.0,1.0
PCMCIplus,lingauss2,3,30,1.0,0.0,1.0
PCMCIplus,lingauss2,3,31,1.0,0.0,1.0
PCMCIplus,lingauss2,3,32,1.0,0.0,1.0
PCMCIplus,lingauss2,3,33,1.0,0.0,1.0
PCMCIplus,lingauss2,3,34,1.0,0.0,1.0
PCMCIplus,lingauss2,3,35,1.0,0.0,1.0
PCMCIplus,lingauss2,3,36,1.0,0.0,1.0
PCMCIplus,lingauss2,3,37,1.0,0.0,1.0
PCMCIplus,lingauss2,3,38,1.0,0.0,1.0
PCMCIplus,lingauss2,3,39,1.0,0.0,1.0
PCMCIplus,lingauss2,3,40,1.0,0.0,1.0
PCMCIplus,lingauss2,3,41,1.0,0.0,1.0
PCMCIplus,lingauss2,3,42,1.0,0.0,1.0
PCMCIplus,lingauss2,3,43,1.0,0.0,1.0
PCMCIplus,lingauss2,3,44,1.0,0.0,1.0
PCMCIplus,lingauss2,3,45,1.0,0.0,1.0
PCMCIplus,lingauss2,3,46,1.0,0.0,1.0
PCMCIplus,lingauss2,3,47,1.0,0.0,1.0
PCMCIplus,lingauss2,3,48,1.0,0.0,1.0
PCMCIplus,lingauss2,3,49,1.0,0.0,1.0
PCMCIplus,lingauss2,3.5,0,1.0,0.0,1.0
PCMCIplus,lingauss2,3.5,1,1.0,0.0,1.0
PCMCIplus,lingauss2,3.5,2,1.0,0.0,1.0
PCMCIplus,lingauss2,3.5,3,1.0,0.0,1.0
PCMCIplus,lingauss2,3.5,4,1.0,0.0,1.0
PCMCIplus,lingauss2,3.5,5,1.0,0.125,0.875
PCMCIplus,lingauss2,3.5,6,1.0,0.0,1.0
PCMCIplus,lingauss2,3.5,7,1.0,0.25,0.75
PCMCIplus,lingauss2,3.5,8,1.0,0.0,1.0
PCMCIplus,lingauss2,3.5,9,0.75,0.25,0.5
PCMCIplus,lingauss2,3.5,10,1.0,0.0,1.0
PCMCIplus,lingauss2,3.5,11,1.0,0.0,1.0
PCMCIplus,lingauss2,3.5,12,1.0,0.0,1.0
PCMCIplus,lingauss2,3.5,13,1.0,0.0,1.0
PCMCIplus,lingauss2,3.5,14,1.0,0.0,1.0
PCMCIplus,lingauss2,3.5,15,1.0,0.0,1.0
PCMCIplus,lingauss2,3.5,16,1.0,0.0,1.0
PCMCIplus,lingauss2,3.5,17,1.0,0.0,1.0
PCMCIplus,lingauss2,3.5,18,1.0,0.0,1.0
PCMCIplus,lingauss2,3.5,19,1.0,0.0,1.0
PCMCIplus,lingauss2,3.5,20,1.0,0.0,1.0
PCMCIplus,lingauss2,3.5,21,1.0,0.0,1.0
PCMCIplus,lingauss2,3.5,22,1.0,0.0,1.0
PCMCIplus,lingauss2,3.5,23,1.0,0.0,1.0
PCMCIplus,lingauss2,3.5,24,1.0,0.0,1.0
PCMCIplus,lingauss2,3.5,25,1.0,0.0,1.0
PCMCIplus,lingauss2,3.5,26,1.0,0.0,1.0
PCMCIplus,lingauss2,3.5,27,1.0,0.0,1.0
PCMCIplus,lingauss2,3.5,28,1.0,0.0,1.0
PCMCIplus,lingauss2,3.5,29,1.0,0.0,1.0
PCMCIplus,lingauss2,3.5,30,1.0,0.0,1.0
PCMCIplus,lingauss2,3.5,31,1.0,0.0,1.0
PCMCIplus,lingauss2,3.5,32,1.0,0.0,1.0
PCMCIplus,lingauss2,3.5,33,1.0,0.0,1.0
PCMCIplus,lingauss2,3.5,34,1.0,0.0,1.0
PCMCIplus,lingauss2,3.5,35,1.0,0.0,1.0
PCMCIplus,lingauss2,3.5,36,1.0,0.0,1.0
PCMCIplus,lingauss2,3.5,37,1.0,0.0,1.0
PCMCIplus,lingauss2,3.5,38,1.0,0.0,1.0
PCMCIplus,lingauss2,3.5,39,1.0,0.0,1.0
PCMCIplus,lingauss2,3.5,40,1.0,0.0,1.0
PCMCIplus,lingauss2,3.5,41,1.0,0.0,1.0
PCMCIplus,lingauss2,3.5,42,1.0,0.0,1.0
PCMCIplus,lingauss2,3.5,43,1.0,0.0,1.0
PCMCIplus,lingauss2,3.5,44,1.0,0.0,1.0
PCMCIplus,lingauss2,3.5,45,1.0,0.0,1.0
PCMCIplus,lingauss2,3.5,46,1.0,0.0,1.0
PCMCIplus,lingauss2,3.5,47,1.0,0.0,1.0
PCMCIplus,lingauss2,3.5,48,1.0,0.0,1.0
PCMCIplus,lingauss2,3.5,49,1.0,0.0,1.0
PCMCIplus,nonlinnongauss1,0.1,0,1.0,0.0,1.0
PCMCIplus,nonlinnongauss1,0.1,1,1.0,0.111111,0.888889
PCMCIplus,nonlinnongauss1,0.1,2,1.0,0.0,1.0
PCMCIplus,nonlinnongauss1,0.1,3,1.0,0.0,1.0
PCMCIplus,nonlinnongauss1,0.1,4,1.0,0.0,1.0
PCMCIplus,nonlinnongauss1,0.1,5,1.0,0.0,1.0
PCMCIplus,nonlinnongauss1,0.1,6,1.0,0.0,1.0
PCMCIplus,nonlinnongauss1,0.1,7,1.0,0.0,1.0
PCMCIplus,nonlinnongauss1,0.1,8,1.0,0.111111,0.888889
PCMCIplus,nonlinnongauss1,0.1,9,0.666667,0.222222,0.444444
PCMCIplus,nonlinnongauss1,0.1,10,1.0,0.0,1.0
PCMCIplus,nonlinnongauss1,0.1,11,1.0,0.111111,0.888889
PCMCIplus,nonlinnongauss1,0.1,12,1.0,0.0,1.0
PCMCIplus,nonlinnongauss1,0.1,13,1.0,0.0,1.0
PCMCIplus,nonlinnongauss1,0.1,14,1.0,0.0,1.0
PCMCIplus,nonlinnongauss1,0.1,15,1.0,0.0,1.0
PCMCIplus,nonlinnongauss1,0.1,16,1.0,0.0,1.0
PCMCIplus,nonlinnongauss1,0.1,17,1.0,0.0,1.0
PCMCIplus,nonlinnongauss1,0.1,18,0.666667,0.222222,0.444444
PCMCIplus,nonlinnongauss1,0.1,19,1.0,0.0,1.0
PCMCIplus,nonlinnongauss1,0.1,20,1.0,0.0,1.0
PCMCIplus,nonlinnongauss1,0.1,21,1.0,0.0,1.0
PCMCIplus,nonlinnongauss1,0.1,22,1.0,0.0,1.0
PCMCIplus,nonlinnongauss1,0.1,23,1.0,0.111111,0.888889
PCMCIplus,nonlinnongauss1,0.1,24,1.0,0.0,1.0
PCMCIplus,nonlinnongauss1,0.1,25,1.0,0.0,1.0
PCMCIplus,nonlinnongauss1,0.1,26,1.0,0.0,1.0
PCMCIplus,nonlinnongauss1,0.1,27,1.0,0.0,1.0
PCMCIplus,nonlinnongauss1,0.1,28,1.0,0.0,1.0
PCMCIplus,nonlinnongauss1,0.1,29,1.0,0.0,1.0
PCMCIplus,nonlinnongauss1,0.1,30,1.0,0.111111,0.888889
PCMCIplus,nonlinnongauss1,0.1,31,1.0,0.111111,0.888889
PCMCIplus,nonlinnongauss1,0.1,32,0.666667,0.111111,0.555556
PCMCIplus,nonlinnongauss1,0.1,33,1.0,0.0,1.0
PCMCIplus,nonlinnongauss1,0.1,34,1.0,0.0,1.0
PCMCIplus,nonlinnongauss1,0.1,35,1.0,0.111111,0.888889
PCMCIplus,nonlinnongauss1,0.1,36,1.0,0.0,1.0
PCMCIplus,nonlinnongauss1,0.1,37,1.0,0.222222,0.777778
PCMCIplus,nonlinnongauss1,0.1,38,1.0,0.0,1.0
PCMCIplus,nonlinnongauss1,0.1,39,0.666667,0.222222,0.444444
PCMCIplus,nonlinnongauss1,0.1,40,1.0,0.0,1.0
PCMCIplus,nonlinnongauss1,0.1,41,1.0,0.0,1.0
PCMCIplus,nonlinnongauss1,0.1,42,1.0,0.0,1.0
PCMCIplus,nonlinnongauss1,0.1,43,1.0,0.0,1.0
PCMCIplus,nonlinnongauss1,0.1,44,1.0,0.111111,0.888889
PCMCIplus,nonlinnongauss1,0.1,45,1.0,0.0,1.0
PCMCIplus,nonlinnongauss1,0.1,46,1.0,0.0,1.0
PCMCIplus,nonlinnongauss1,0.1,47,1.0,0.111111,0.888889
PCMCIplus,nonlinnongauss1,0.1,48,1.0,0.111111,0.888889
PCMCIplus,nonlinnongauss1,0.1,49,1.0,0.0,1.0
PCMCIplus,nonlinnongauss1,0.5,0,1.0,0.0,1.0
PCMCIplus,nonlinnongauss1,0.5,1,1.0,0.111111,0.888889
PCMCIplus,nonlinnongauss1,0.5,2,1.0,0.111111,0.888889
PCMCIplus,nonlinnongauss1,0.5,3,1.0,0.0,1.0
PCMCIplus,nonlinnongauss1,0.5,4,1.0,0.0,1.0
PCMCIplus,nonlinnongauss1,0.5,5,1.0,0.111111,0.888889
PCMCIplus,nonlinnongauss1,0.5,6,1.0,0.0,1.0
PCMCIplus,nonlinnongauss1,0.5,7,1.0,0.0,1.0
PCMCIplus,nonlinnongauss1,0.5,8,1.0,0.0,1.0
PCMCIplus,nonlinnongauss1,0.5,9,1.0,0.111111,0.888889
PCMCIplus,nonlinnongauss1,0.5,10,1.0,0.0,1.0
PCMCIplus,nonlinnongauss1,0.5,11,1.0,0.111111,0.888889
PCMCIplus,nonlinnongauss1,0.5,12,1.0,0.0,1.0
PCMCIplus,nonlinnongauss1,0.5,13,1.0,0.0,1.0
PCMCIplus,nonlinnongauss1,0.5,14,1.0,0.111111,0.888889
PCMCIplus,nonlinnongauss1,0.5,15,1.0,0.111111,0.888889
PCMCIplus,nonlinnongauss1,0.5,16,1.0,0.0,1.0
PCMCIplus,nonlinnongauss1,0.5,17,1.0,0.0,1.0
PCMCIplus,nonlinnongauss1,0.5,18,1.0,0.0,1.0
PCMCIplus,nonlinnongauss1,0.5,19,1.0,0.111111,0.888889
PCMCIplus,nonlinnongauss1,0.5,20,1.0,0.0,1.0
PCMCIplus,nonlinnongauss1,0.5,21,1.0,0.0,1.0
PCMCIplus,nonlinnongauss1,0.5,22,1.0,0.0,1.0
PCMCIplus,nonlinnongauss1,0.5,23,1.0,0.0,1.0
PCMCIplus,nonlinnongauss1,0.5,24,1.0,0.0,1.0
PCMCIplus,nonlinnongauss1,0.5,25,1.0,0.111111,0.888889
PCMCIplus,nonlinnongauss1,0.5,26,1.0,0.0,1.0
PCMCIplus,nonlinnongauss1,0.5,27,1.0,0.0,1.0
PCMCIplus,nonlinnongauss1,0.5,28,1.0,0.0,1.0
PCMCIplus,nonlinnongauss1,0.5,29,1.0,0.111111,0.888889
PCMCIplus,nonlinnongauss1,0.5,30,1.0,0.111111,0.888889
PCMCIplus,nonlinnongauss1,0.5,31,1.0,0.111111,0.888889
PCMCIplus,nonlinnongauss1,0.5,32,0.666667,0.111111,0.555556
PCMCIplus,nonlinnongauss1,0.5,33,1.0,0.111111,0.888889
PCMCIplus,nonlinnongauss1,0.5,34,1.0,0.0,1.0
PCMCIplus,nonlinnongauss1,0.5,35,1.0,0.222222,0.777778
PCMCIplus,nonlinnongauss1,0.5,36,1.0,0.0,1.0
PCMCIplus,nonlinnongauss1,0.5,37,1.0,0.111111,0.888889
PCMCIplus,nonlinnongauss1,0.5,38,1.0,0.0,1.0
PCMCIplus,nonlinnongauss1,0.5,39,1.0,0.0,1.0
PCMCIplus,nonlinnongauss1,0.5,40,1.0,0.111111,0.888889
PCMCIplus,nonlinnongauss1,0.5,41,1.0,0.0,1.0
PCMCIplus,nonlinnongauss1,0.5,42,1.0,0.0,1.0
PCMCIplus,nonlinnongauss1,0.5,43,1.0,0.111111,0.888889
PCMCIplus,nonlinnongauss1,0.5,44,1.0,0.222222,0.777778
PCMCIplus,nonlinnongauss1,0.5,45,1.0,0.111111,0.888889
PCMCIplus,nonlinnongauss1,0.5,46,1.0,0.0,1.0
PCMCIplus,nonlinnongauss1,0.5,47,1.0,0.111111,0.888889
PCMCIplus,nonlinnongauss1,0.5,48,1.0,0.111111,0.888889
PCMCIplus,nonlinnongauss1,0.5,49,1.0,0.0,1.0
PCMCIplus,nonlinnongauss1,1,0,1.0,0.0,1.0
PCMCIplus,nonlinnongauss1,1,1,1.0,0.111111,0.888889
PCMCIplus,nonlinnongauss1,1,2,1.0,0.0,1.0
PCMCIplus,nonlinnongauss1,1,3,1.0,0.0,1.0
PCMCIplus,nonlinnongauss1,1,4,1.0,0.111111,0.888889
PCMCIplus,nonlinnongauss1,1,5,1.0,0.111111,0.888889
PCMCIplus,nonlinnongauss1,1,6,1.0,0.111111,0.888889
PCMCIplus,nonlinnongauss1,1,7,1.0,0.111111,0.888889
PCMCIplus,nonlinnongauss1,1,8,1.0,0.0,1.0
PCMCIplus,nonlinnongauss1,1,9,1.0,0.0,1.0
PCMCIplus,nonlinnongauss1,1,10,1.0,0.111111,0.888889
PCMCIplus,nonlinnongauss1,1,11,1.0,0.222222,0.777778
PCMCIplus,nonlinnongauss1,1,12,1.0,0.0,1.0
PCMCIplus,nonlinnongauss1,1,13,1.0,0.222222,0.777778
PCMCIplus,nonlinnongauss1,1,14,1.0,0.0,1.0
PCMCIplus,nonlinnongauss1,1,15,1.0,0.0,1.0
PCMCIplus,nonlinnongauss1,1,16,1.0,0.111111,0.888889
PCMCIplus,nonlinnongauss1,1,17,1.0,0.0,1.0
PCMCIplus,nonlinnongauss1,1,18,1.0,0.0,1.0
PCMCIplus,nonlinnongauss1,1,19,1.0,0.111111,0.888889
PCMCIplus,nonlinnongauss1,1,20,1.0,0.0,1.0
PCMCIplus,nonlinnongauss1,1,21,1.0,0.111111,0.888889
PCMCIplus,nonlinnongauss1,1,22,1.0,0.0,1.0
PCMCIplus,nonlinnongauss1,1,23,1.0,0.0,1.0
PCMCIplus,nonlinnongauss1,1,24,1.0,0.0,1.0
PCMCIplus,nonlinnongauss1,1,25,1.0,0.0,1.0
PCMCIplus,nonlinnongauss1,1,26,1.0,0.0,1.0
PCMCIplus,nonlinnongauss1,1,27,1.0,0.111111,0.888889
PCMCIplus,nonlinnongauss1,1,28,1.0,0.0,1.0
PCMCIplus,nonlinnongauss1,1,29,1.0,0.0,1.0
PCMCIplus,nonlinnongauss1,1,30,1.0,0.111111,0.888889
PCMCIplus,nonlinnongauss1,1,31,1.0,0.111111,0.888889
PCMCIplus,nonlinnongauss1,1,32,0.666667,0.111111,0.555556
PCMCIplus,nonlinnongauss1,1,33,1.0,0.111111,0.888889
PCMCIplus,nonlinnongauss1,1,34,1.0,0.0,1.0
PCMCIplus,nonlinnongauss1,1,35,1.0,0.111111,0.888889
PCMCIplus,nonlinnongauss1,1,36,1.0,0.111111,0.888889
PCMCIplus,nonlinnongauss1,1,37,1.0,0.222222,0.777778
PCMCIplus,nonlinnongauss1,1,38,1.0,0.111111,0.888889
PCMCIplus,nonlinnongauss1,1,39,1.0,0.0,1.0
PCMCIplus,nonlinnongauss1,1,40,1.0,0.0,1.0
PCMCIplus,nonlinnongauss1,1,41,1.0,0.111111,0.888889
PCMCIplus,nonlinnongauss1,1,42,1.0,0.222222,0.777778
PCMCIplus,nonlinnongauss1,1,43,1.0,0.111111,0.888889
PCMCIplus,nonlinnongauss1,1,44,1.0,0.222222,0.777778
PCMCIplus,nonlinnongauss1,1,45,1.0,0.111111,0.888889
PCMCIplus,nonlinnongauss1,1,46,1.0,0.0,1.0
PCMCIplus,nonlinnongauss1,1,47,1.0,0.111111,0.888889
PCMCIplus,nonlinnongauss1,1,48,1.0,0.111111,0.888889
PCMCIplus,nonlinnongauss1,1,49,1.0,0.0,1.0
PCMCIplus,nonlinnongauss1,1.5,0,0.666667,0.222222,0.444444
PCMCIplus,nonlinnongauss1,1.5,1,0.666667,0.222222,0.444444
PCMCIplus,nonlinnongauss1,1.5,2,0.666667,0.222222,0.444444
PCMCIplus,nonlinnongauss1,1.5,3,0.666667,0.222222,0.444444
PCMCIplus,nonlinnongauss1,1.5,4,0.666667,0.111111,0.555556
PCMCIplus,nonlinnongauss1,1.5,5,0.666667,0.111111,0.555556
PCMCIplus,nonlinnongauss1,1.5,6,0.666667,0.222222,0.444444
PCMCIplus,nonlinnongauss1,1.5,7,0.666667,0.222222,0.444444
PCMCIplus,nonlinnongauss1,1.5,8,0.666667,0.222222,0.444444
PCMCIplus,nonlinnongauss1,1.5,9,0.666667,0.222222,0.444444
PCMCIplus,nonlinnongauss1,1.5,10,0.666667,0.222222,0.444444
PCMCIplus,nonlinnongauss1,1.5,11,0.666667,0.222222,0.444444
PCMCIplus,nonlinnongauss1,1.5,12,0.666667,0.111111,0.555556
PCMCIplus,nonlinnongauss1,1.5,13,0.666667,0.333333,0.333333
PCMCIplus,nonlinnongauss1,1.5,14,0.333333,0.222222,0.111111
PCMCIplus,nonlinnongauss1,1.5,15,0.666667,0.222222,0.444444
PCMCIplus,nonlinnongauss1,1.5,16,0.666667,0.222222,0.444444
PCMCIplus,nonlinnongauss1,1.5,17,0.666667,0.111111,0.555556
PCMCIplus,nonlinnongauss1,1.5,18,0.666667,0.111111,0.555556
PCMCIplus,nonlinnongauss1,1.5,19,0.666667,0.333333,0.333333
PCMCIplus,nonlinnongauss1,1.5,20,0.666667,0.111111,0.555556
PCMCIplus,nonlinnongauss1,1.5,21,0.666667,0.222222,0.444444
PCMCIplus,nonlinnongauss1,1.5,22,0.666667,0.111111,0.555556
PCMCIplus,nonlinnongauss1,1.5,23,1.0,0.111111,0.888889
PCMCIplus,nonlinnongauss1,1.5,24,0.333333,0.222222,0.111111
PCMCIplus,nonlinnongauss1,1.5,25,1.0,0.111111,0.888889
PCMCIplus,nonlinnongauss1,1.5,26,0.666667,0.222222,0.444444
PCMCIplus,nonlinnongauss1,1.5,27,0.666667,0.333333,0.333333
PCMCIplus,nonlinnongauss1,1.5,28,0.666667,0.111111,0.555556
PCMCIplus,nonlinnongauss1,1.5,29,0.666667,0.222222,0.444444
PCMCIplus,nonlinnongauss1,1.5,30,0.666667,0.222222,0.444444
PCMCIplus,nonlinnongauss1,1.5,31,0.666667,0.333333,0.333333
PCMCIplus,nonlinnongauss1,1.5,32,0.333333,0.333333,0.0
PCMCIplus,nonlinnongauss1,1.5,33,0.333333,0.333333,0.0
PCMCIplus,nonlinnongauss1,1.5,34,0.666667,0.222222,0.444444
PCMCIplus,nonlinnongauss1,1.5,35,0.666667,0.333333,0.333333
PCMCIplus,nonlinnongauss1,1.5,36,0.666667,0.111111,0.555556
PCMCIplus,nonlinnongauss1,1.5,37,0.666667,0.333333,0.333333
PCMCIplus,nonlinnongauss1,1.5,38,0.666667,0.111111,0.555556
PCMCIplus,nonlinnongauss1,1.5,39,0.666667,0.333333,0.333333
PCMCIplus,nonlinnongauss1,1.5,40,0.666667,0.111111,0.555556
PCMCIplus,nonlinnongauss1,1.5,41,0.666667,0.222222,0.444444
PCMCIplus,nonlinnongauss1,1.5,42,0.666667,0.444444,0.222222
PCMCIplus,nonlinnongauss1,1.5,43,0.666667,0.333333,0.333333
PCMCIplus,nonlinnongauss1,1.5,44,0.666667,0.333333,0.333333
PCMCIplus,nonlinnongauss1,1.5,45,0.666667,0.222222,0.444444
PCMCIplus,nonlinnongauss1,1.5,46,0.666667,0.222222,0.444444
PCMCIplus,nonlinnongauss1,1.5,47,0.666667,0.333333,0.333333
PCMCIplus,nonlinnongauss1,1.5,48,0.666667,0.222222,0.444444
PCMCIplus,nonlinnongauss1,1.5,49,1.0,0.111111,0.888889
PCMCIplus,nonlinnongauss1,2,0,0.666667,0.222222,0.444444
PCMCIplus,nonlinnongauss1,2,1,0.666667,0.333333,0.333333
PCMCIplus,nonlinnongauss1,2,2,0.666667,0.222222,0.444444
PCMCIplus,nonlinnongauss1,2,3,0.666667,0.222222,0.444444
PCMCIplus,nonlinnongauss1,2,4,0.666667,0.222222,0.444444
PCMCIplus,nonlinnongauss1,2,5,0.666667,0.222222,0.444444
PCMCIplus,nonlinnongauss1,2,6,0.666667,0.222222,0.444444
PCMCIplus,nonlinnongauss1,2,7,0.666667,0.222222,0.444444
PCMCIplus,nonlinnongauss1,2,8,0.666667,0.222222,0.444444
PCMCIplus,nonlinnongauss1,2,9,0.666667,0.222222,0.444444
PCMCIplus,nonlinnongauss1,2,10,0.666667,0.222222,0.444444
PCMCIplus,nonlinnongauss1,2,11,0.666667,0.333333,0.333333
PCMCIplus,nonlinnongauss1,2,12,0.666667,0.222222,0.444444
PCMCIplus,nonlinnongauss1,2,13,0.666667,0.222222,0.444444
PCMCIplus,nonlinnongauss1,2,14,0.666667,0.222222,0.444444
PCMCIplus,nonlinnongauss1,2,15,0.666667,0.222222,0.444444
PCMCIplus,nonlinnongauss1,2,16,0.666667,0.222222,0.444444
PCMCIplus,nonlinnongauss1,2,17,0.666667,0.222222,0.444444
PCMCIplus,nonlinnongauss1,2,18,0.666667,0.222222,0.444444
PCMCIplus,nonlinnongauss1,2,19,0.666667,0.444444,0.222222
PCMCIplus,nonlinnongauss1,2,20,0.666667,0.222222,0.444444
PCMCIplus,nonlinnongauss1,2,21,0.666667,0.222222,0.444444
PCMCIplus,nonlinnongauss1,2,22,0.666667,0.222222,0.444444
PCMCIplus,nonlinnongauss1,2,23,0.666667,0.222222,0.444444
PCMCIplus,nonlinnongauss1,2,24,0.333333,0.333333,0.0
PCMCIplus,nonlinnongauss1,2,25,0.666667,0.222222,0.444444
PCMCIplus,nonlinnongauss1,2,26,0.666667,0.333333,0.333333
PCMCIplus,nonlinnongauss1,2,27,0.666667,0.222222,0.444444
PCMCIplus,nonlinnongauss1,2,28,0.666667,0.333333,0.333333
PCMCIplus,nonlinnongauss1,2,29,0.666667,0.222222,0.444444
PCMCIplus,nonlinnongauss1,2,30,0.666667,0.333333,0.333333
PCMCIplus,nonlinnongauss1,2,31,0.666667,0.333333,0.333333
PCMCIplus,nonlinnongauss1,2,32,0.666667,0.222222,0.444444
PCMCIplus,nonlinnongauss1,2,33,0.333333,0.333333,0.0
PCMCIplus,nonlinnongauss1,2,34,0.666667,0.222222,0.444444
PCMCIplus,nonlinnongauss1,2,35,0.666667,0.333333,0.333333
PCMCIplus,nonlinnongauss1,2,36,0.333333,0.333333,0.0
PCMCIplus,nonlinnongauss1,2,37,0.666667,0.333333,0.333333
PCMCIplus,nonlinnongauss1,2,38,1.0,0.222222,0.777778
PCMCIplus,nonlinnongauss1,2,39,0.666667,0.333333,0.333333
PCMCIplus,nonlinnongauss1,2,40,0.666667,0.222222,0.444444
PCMCIplus,nonlinnongauss1,2,41,0.666667,0.222222,0.444444
PCMCIplus,nonlinnongauss1,2,42,0.666667,0.333333,0.333333
PCMCIplus,nonlinnongauss1,2,43,0.666667,0.333333,0.333333
PCMCIplus,nonlinnongauss1,2,44,0.666667,0.333333,0.333333
PCMCIplus,nonlinnongauss1,2,45,0.666667,0.222222,0.444444
PCMCIplus,nonlinnongauss1,2,46,0.666667,0.222222,0.444444
PCMCIplus,nonlinnongauss1,2,47,0.666667,0.333333,0.333333
PCMCIplus,nonlinnongauss1,2,48,0.666667,0.333333,0.333333
PCMCIplus,nonlinnongauss1,2,49,0.666667,0.222222,0.444444
PCMCIplus,nonlinnongauss1,2.5,0,0.666667,0.222222,0.444444
PCMCIplus,nonlinnongauss1,2.5,1,1.0,0.333333,0.666667
PCMCIplus,nonlinnongauss1,2.5,2,1.0,0.222222,0.777778
PCMCIplus,nonlinnongauss1,2.5,3,1.0,0.222222,0.777778
PCMCIplus,nonlinnongauss1,2.5,4,1.0,0.333333,0.666667
PCMCIplus,nonlinnongauss1,2.5,5,1.0,0.333333,0.666667
PCMCIplus,nonlinnongauss1,2.5,6,1.0,0.222222,0.777778
PCMCIplus,nonlinnongauss1,2.5,7,0.666667,0.222222,0.444444
PCMCIplus,nonlinnongauss1,2.5,8,1.0,0.222222,0.777778
PCMCIplus,nonlinnongauss1,2.5,9,1.0,0.222222,0.777778
PCMCIplus,nonlinnongauss1,2.5,10,1.0,0.222222,0.777778
PCMCIplus,nonlinnongauss1,2.5,11,1.0,0.333333,0.666667
PCMCIplus,nonlinnongauss1,2.5,12,1.0,0.222222,0.777778
PCMCIplus,nonlinnongauss1,2.5,13,1.0,0.222222,0.777778
PCMCIplus,nonlinnongauss1,2.5,14,1.0,0.222222,0.777778
PCMCIplus,nonlinnongauss1,2.5,15,1.0,0.222222,0.777778
PCMCIplus,nonlinnongauss1,2.5,16,0.666667,0.222222,0.444444
PCMCIplus,nonlinnongauss1,2.5,17,1.0,0.222222,0.777778
PCMCIplus,nonlinnongauss1,2.5,18,0.666667,0.222222,0.444444
PCMCIplus,nonlinnongauss1,2.5,19,1.0,0.333333,0.666667
PCMCIplus,nonlinnongauss1,2.5,20,1.0,0.222222,0.777778
PCMCIplus,nonlinnongauss1,2.5,21,1.0,0.222222,0.777778
PCMCIplus,nonlinnongauss1,2.5,22,1.0,0.222222,0.777778
PCMCIplus,nonlinnongauss1,2.5,23,1.0,0.222222,0.777778
PCMCIplus,nonlinnongauss1,2.5,24,0.666667,0.333333,0.333333
PCMCIplus,nonlinnongauss1,2.5,25,1.0,0.222222,0.777778
PCMCIplus,nonlinnongauss1,2.5,26,1.0,0.222222,0.777778
PCMCIplus,nonlinnongauss1,2.5,27,1.0,0.222222,0.777778
PCMCIplus,nonlinnongauss1,2.5,28,0.666667,0.444444,0.222222
PCMCIplus,nonlinnongauss1,2.5,29,1.0,0.222222,0.777778
PCMCIplus,nonlinnongauss1,2.5,30,1.0,0.333333,0.666667
PCMCIplus,nonlinnongauss1,2.5,31,1.0,0.333333,0.666667
PCMCIplus,nonlinnongauss1,2.5,32,1.0,0.222222,0.777778
PCMCIplus,nonlinnongauss1,2.5,33,0.666667,0.333333,0.333333
PCMCIplus,nonlinnongauss1,2.5,34,0.666667,0.333333,0.333333
PCMCIplus,nonlinnongauss1,2.5,35,1.0,0.444444,0.555556
PCMCIplus,nonlinnongauss1,2.5,36,0.666667,0.333333,0.333333
PCMCIplus,nonlinnongauss1,2.5,37,0.666667,0.333333,0.333333
PCMCIplus,nonlinnongauss1,2.5,38,0.666667,0.222222,0.444444
PCMCIplus,nonlinnongauss1,2.5,39,1.0,0.333333,0.666667
PCMCIplus,nonlinnongauss1,2.5,40,0.666667,0.333333,0.333333
PCMCIplus,nonlinnongauss1,2.5,41,1.0,0.222222,0.777778
PCMCIplus,nonlinnongauss1,2.5,42,0.666667,0.444444,0.222222
PCMCIplus,nonlinnongauss1,2.5,43,1.0,0.222222,0.777778
PCMCIplus,nonlinnongauss1,2.5,44,1.0,0.333333,0.666667
PCMCIplus,nonlinnongauss1,2.5,45,1.0,0.333333,0.666667
PCMCIplus,nonlinnongauss1,2.5,46,1.0,0.222222,0.777778
PCMCIplus,nonlinnongauss1,2.5,47,1.0,0.333333,0.666667
PCMCIplus,nonlinnongauss1,2.5,48,1.0,0.333333,0.666667
PCMCIplus,nonlinnongauss1,2.5,49,1.0,0.222222,0.777778
PCMCIplus,nonlinnongauss1,3,0,0.333333,0.111111,0.222222
PCMCIplus,nonlinnongauss1,3,1,1.0,0.111111,0.888889
PCMCIplus,nonlinnongauss1,3,2,1.0,0.0,1.0
PCMCIplus,nonlinnongauss1,3,3,1.0,0.0,1.0
PCMCIplus,nonlinnongauss1,3,4,0.666667,0.111111,0.555556
PCMCIplus,nonlinnongauss1,3,5,1.0,0.111111,0.888889
PCMCIplus,nonlinnongauss1,3,6,0.666667,0.222222,0.444444
PCMCIplus,nonlinnongauss1,3,7,0.666667,0.111111,0.555556
PCMCIplus,nonlinnongauss1,3,8,0.666667,0.111111,0.555556
PCMCIplus,nonlinnongauss1,3,9,0.333333,0.222222,0.111111
PCMCIplus,nonlinnongauss1,3,10,1.0,0.0,1.0
PCMCIplus,nonlinnongauss1,3,11,0.666667,0.222222,0.444444
PCMCIplus,nonlinnongauss1,3,12,1.0,0.111111,0.888889
PCMCIplus,nonlinnongauss1,3,13,0.666667,0.222222,0.444444
PCMCIplus,nonlinnongauss1,3,14,1.0,0.0,1.0
PCMCIplus,nonlinnongauss1,3,15,1.0,0.0,1.0
PCMCIplus,nonlinnongauss1,3,16,1.0,0.111111,0.888889
PCMCIplus,nonlinnongauss1,3,17,0.666667,0.0,0.666667
PCMCIplus,nonlinnongauss1,3,18,0.666667,0.111111,0.555556
PCMCIplus,nonlinnongauss1,3,19,1.0,0.111111,0.888889
PCMCIplus,nonlinnongauss1,3,20,1.0,0.0,1.0
PCMCIplus,nonlinnongauss1,3,21,1.0,0.0,1.0
PCMCIplus,nonlinnongauss1,3,22,1.0,0.0,1.0
PCMCIplus,nonlinnongauss1,3,23,0.666667,0.0,0.666667
PCMCIplus,nonlinnongauss1,3,24,0.666667,0.111111,0.555556
PCMCIplus,nonlinnongauss1,3,25,1.0,0.0,1.0
PCMCIplus,nonlinnongauss1,3,26,0.666667,0.0,0.666667
PCMCIplus,nonlinnongauss1,3,27,0.666667,0.0,0.666667
PCMCIplus,nonlinnongauss1,3,28,0.666667,0.0,0.666667
PCMCIplus,nonlinnongauss1,3,29,0.666667,0.222222,0.444444
PCMCIplus,nonlinnongauss1,3,30,1.0,0.111111,0.888889
PCMCIplus,nonlinnongauss1,3,31,0.666667,0.222222,0.444444
PCMCIplus,nonlinnongauss1,3,32,1.0,0.0,1.0
PCMCIplus,nonlinnongauss1,3,33,0.666667,0.222222,0.444444
PCMCIplus,nonlinnongauss1,3,34,0.666667,0.111111,0.555556
PCMCIplus,nonlinnongauss1,3,35,1.0,0.111111,0.888889
PCMCIplus,nonlinnongauss1,3,36,0.666667,0.111111,0.555556
PCMCIplus,nonlinnongauss1,3,37,1.0,0.333333,0.666667
PCMCIplus,nonlinnongauss1,3,38,0.666667,0.111111,0.555556
PCMCIplus,nonlinnongauss1,3,39,1.0,0.0,1.0
PCMCIplus,nonlinnongauss1,3,40,0.666667,0.222222,0.444444
PCMCIplus,nonlinnongauss1,3,41,0.333333,0.333333,0.0
PCMCIplus,nonlinnongauss1,3,42,0.666667,0.222222,0.444444
PCMCIplus,nonlinnongauss1,3,43,0.666667,0.222222,0.444444
PCMCIplus,nonlinnongauss1,3,44,1.0,0.222222,0.777778
PCMCIplus,nonlinnongauss1,3,45,1.0,0.0,1.0
PCMCIplus,nonlinnongauss1,3,46,1.0,0.0,1.0
PCMCIplus,nonlinnongauss1,3,47,0.666667,0.333333,0.333333
PCMCIplus,nonlinnongauss1,3,48,1.0,0.111111,0.888889
PCMCIplus,nonlinnongauss1,3,49,0.666667,0.0,0.666667
PCMCIplus,nonlinnongauss1,3.5,0,0.666667,0.111111,0.555556
PCMCIplus,nonlinnongauss1,3.5,1,1.0,0.111111,0.888889
PCMCIplus,nonlinnongauss1,3.5,2,1.0,0.0,1.0
PCMCIplus,nonlinnongauss1,3.5,3,1.0,0.111111,0.888889
PCMCIplus,nonlinnongauss1,3.5,4,1.0,0.111111,0.888889
PCMCIplus,nonlinnongauss1,3.5,5,1.0,0.111111,0.888889
PCMCIplus,nonlinnongauss1,3.5,6,0.666667,0.111111,0.555556
PCMCIplus,nonlinnongauss1,3.5,7,1.0,0.0,1.0
PCMCIplus,nonlinnongauss1,3.5,8,0.666667,0.222222,0.444444
PCMCIplus,nonlinnongauss1,3.5,9,0.666667,0.111111,0.555556
PCMCIplus,nonlinnongauss1,3.5,10,1.0,0.111111,0.888889
PCMCIplus,nonlinnongauss1,3.5,11,1.0,0.111111,0.888889
PCMCIplus,nonlinnongauss1,3.5,12,1.0,0.222222,0.777778
PCMCIplus,nonlinnongauss1,3.5,13,1.0,0.0,1.0
PCMCIplus,nonlinnongauss1,3.5,14,1.0,0.111111,0.888889
PCMCIplus,nonlinnongauss1,3.5,15,1.0,0.111111,0.888889
PCMCIplus,nonlinnongauss1,3.5,16,1.0,0.0,1.0
PCMCIplus,nonlinnongauss1,3.5,17,1.0,0.0,1.0
PCMCIplus,nonlinnongauss1,3.5,18,0.666667,0.222222,0.444444
PCMCIplus,nonlinnongauss1,3.5,19,1.0,0.222222,0.777778
PCMCIplus,nonlinnongauss1,3.5,20,0.666667,0.222222,0.444444
PCMCIplus,nonlinnongauss1,3.5,21,1.0,0.111111,0.888889
PCMCIplus,nonlinnongauss1,3.5,22,0.666667,0.222222,0.444444
PCMCIplus,nonlinnongauss1,3.5,23,1.0,0.111111,0.888889
PCMCIplus,nonlinnongauss1,3.5,24,1.0,0.111111,0.888889
PCMCIplus,nonlinnongauss1,3.5,25,1.0,0.0,1.0
PCMCIplus,nonlinnongauss1,3.5,26,1.0,0.111111,0.888889
PCMCIplus,nonlinnongauss1,3.5,27,1.0,0.0,1.0
PCMCIplus,nonlinnongauss1,3.5,28,1.0,0.111111,0.888889
PCMCIplus,nonlinnongauss1,3.5,29,1.0,0.0,1.0
PCMCIplus,nonlinnongauss1,3.5,30,1.0,0.111111,0.888889
PCMCIplus,nonlinnongauss1,3.5,31,0.333333,0.333333,0.0
PCMCIplus,nonlinnongauss1,3.5,32,1.0,0.111111,0.888889
PCMCIplus,nonlinnongauss1,3.5,33,1.0,0.111111,0.888889
PCMCIplus,nonlinnongauss1,3.5,34,0.666667,0.111111,0.555556
PCMCIplus,nonlinnongauss1,3.5,35,1.0,0.222222,0.777778
PCMCIplus,nonlinnongauss1,3.5,36,0.666667,0.222222,0.444444
PCMCIplus,nonlinnongauss1,3.5,37,1.0,0.111111,0.888889
PCMCIplus,nonlinnongauss1,3.5,38,0.666667,0.111111,0.555556
PCMCIplus,nonlinnongauss1,3.5,39,1.0,0.222222,0.777778
PCMCIplus,nonlinnongauss1,3.5,40,1.0,0.0,1.0
PCMCIplus,nonlinnongauss1,3.5,41,0.666667,0.333333,0.333333
PCMCIplus,nonlinnongauss1,3.5,42,0.666667,0.222222,0.444444
PCMCIplus,nonlinnongauss1,3.5,43,0.666667,0.111111,0.555556
PCMCIplus,nonlinnongauss1,3.5,44,1.0,0.222222,0.777778
PCMCIplus,nonlinnongauss1,3.5,45,1.0,0.111111,0.888889
PCMCIplus,nonlinnongauss1,3.5,46,0.666667,0.222222,0.444444
PCMCIplus,nonlinnongauss1,3.5,47,1.0,0.111111,0.888889
PCMCIplus,nonlinnongauss1,3.5,48,1.0,0.222222,0.777778
PCMCIplus,nonlinnongauss1,3.5,49,1.0,0.111111,0.888889
PCMCIplus,nonlinnongauss2,0.1,0,0.5,0.125,0.375
PCMCIplus,nonlinnongauss2,0.1,1,0.5,0.0,0.5
PCMCIplus,nonlinnongauss2,0.1,2,0.5,0.0,0.5
PCMCIplus,nonlinnongauss2,0.1,3,0.5,0.125,0.375
PCMCIplus,nonlinnongauss2,0.1,4,0.5,0.0,0.5
PCMCIplus,nonlinnongauss2,0.1,5,0.5,0.0,0.5
PCMCIplus,nonlinnongauss2,0.1,6,0.5,0.0,0.5
PCMCIplus,nonlinnongauss2,0.1,7,0.5,0.0,0.5
PCMCIplus,nonlinnongauss2,0.1,8,0.5,0.125,0.375
PCMCIplus,nonlinnongauss2,0.1,9,0.5,0.0,0.5
PCMCIplus,nonlinnongauss2,0.1,10,0.5,0.0,0.5
PCMCIplus,nonlinnongauss2,0.1,11,0.5,0.0,0.5
PCMCIplus,nonlinnongauss2,0.1,12,0.5,0.0,0.5
PCMCIplus,nonlinnongauss2,0.1,13,0.5,0.0,0.5
PCMCIplus,nonlinnongauss2,0.1,14,0.5,0.0,0.5
PCMCIplus,nonlinnongauss2,0.1,15,0.5,0.0,0.5
PCMCIplus,nonlinnongauss2,0.1,16,0.5,0.0,0.5
PCMCIplus,nonlinnongauss2,0.1,17,0.5,0.125,0.375
PCMCIplus,nonlinnongauss2,0.1,18,0.5,0.125,0.375
PCMCIplus,nonlinnongauss2,0.1,19,0.5,0.0,0.5
PCMCIplus,nonlinnongauss2,0.1,20,0.5,0.125,0.375
PCMCIplus,nonlinnongauss2,0.1,21,0.5,0.25,0.25
PCMCIplus,nonlinnongauss2,0.1,22,0.5,0.0,0.5
PCMCIplus,nonlinnongauss2,0.1,23,0.5,0.0,0.5
PCMCIplus,nonlinnongauss2,0.1,24,0.5,0.0,0.5
PCMCIplus,nonlinnongauss2,0.1,25,0.5,0.125,0.375
PCMCIplus,nonlinnongauss2,0.1,26,0.5,0.125,0.375
PCMCIplus,nonlinnongauss2,0.1,27,0.5,0.0,0.5
PCMCIplus,nonlinnongauss2,0.1,28,0.5,0.125,0.375
PCMCIplus,nonlinnongauss2,0.1,29,0.5,0.0,0.5
PCMCIplus,nonlinnongauss2,0.1,30,0.5,0.125,0.375
PCMCIplus,nonlinnongauss2,0.1,31,0.5,0.0,0.5
PCMCIplus,nonlinnongauss2,0.1,32,0.5,0.125,0.375
PCMCIplus,nonlinnongauss2,0.1,33,0.5,0.0,0.5
PCMCIplus,nonlinnongauss2,0.1,34,0.5,0.125,0.375
PCMCIplus,nonlinnongauss2,0.1,35,0.5,0.0,0.5
PCMCIplus,nonlinnongauss2,0.1,36,0.5,0.0,0.5
PCMCIplus,nonlinnongauss2,0.1,37,0.5,0.0,0.5
PCMCIplus,nonlinnongauss2,0.1,38,0.5,0.0,0.5
PCMCIplus,nonlinnongauss2,0.1,39,0.5,0.0,0.5
PCMCIplus,nonlinnongauss2,0.1,40,0.5,0.0,0.5
PCMCIplus,nonlinnongauss2,0.1,41,0.5,0.0,0.5
PCMCIplus,nonlinnongauss2,0.1,42,0.5,0.0,0.5
PCMCIplus,nonlinnongauss2,0.1,43,0.5,0.0,0.5
PCMCIplus,nonlinnongauss2,0.1,44,0.5,0.125,0.375
PCMCIplus,nonlinnongauss2,0.1,45,0.5,0.0,0.5
PCMCIplus,nonlinnongauss2,0.1,46,0.5,0.0,0.5
PCMCIplus,nonlinnongauss2,0.1,47,0.5,0.0,0.5
PCMCIplus,nonlinnongauss2,0.1,48,0.5,0.0,0.5
PCMCIplus,nonlinnongauss2,0.1,49,0.5,0.0,0.5
PCMCIplus,nonlinnongauss2,0.5,0,0.5,0.125,0.375
PCMCIplus,nonlinnongauss2,0.5,1,0.5,0.0,0.5
PCMCIplus,nonlinnongauss2,0.5,2,0.5,0.0,0.5
PCMCIplus,nonlinnongauss2,0.5,3,0.5,0.125,0.375
PCMCIplus,nonlinnongauss2,0.5,4,0.5,0.0,0.5
PCMCIplus,nonlinnongauss2,0.5,5,0.5,0.0,0.5
PCMCIplus,nonlinnongauss2,0.5,6,0.5,0.0,0.5
PCMCIplus,nonlinnongauss2,0.5,7,0.5,0.0,0.5
PCMCIplus,nonlinnongauss2,0.5,8,0.5,0.125,0.375
PCMCIplus,nonlinnongauss2,0.5,9,0.5,0.0,0.5
PCMCIplus,nonlinnongauss2,0.5,10,0.5,0.0,0.5
PCMCIplus,nonlinnongauss2,0.5,11,0.5,0.0,0.5
PCMCIplus,nonlinnongauss2,0.5,12,0.5,0.0,0.5
PCMCIplus,nonlinnongauss2,0.5,13,0.5,0.0,0.5
PCMCIplus,nonlinnongauss2,0.5,14,0.5,0.0,0.5
PCMCIplus,nonlinnongauss2,0.5,15,0.5,0.0,0.5
PCMCIplus,nonlinnongauss2,0.5,16,0.5,0.0,0.5
PCMCIplus,nonlinnongauss2,0.5,17,0.5,0.125,0.375
PCMCIplus,nonlinnongauss2,0.5,18,0.5,0.125,0.375
PCMCIplus,nonlinnongauss2,0.5,19,0.5,0.0,0.5
PCMCIplus,nonlinnongauss2,0.5,20,0.5,0.125,0.375
PCMCIplus,nonlinnongauss2,0.5,21,0.5,0.25,0.25
PCMCIplus,nonlinnongauss2,0.5,22,0.5,0.0,0.5
PCMCIplus,nonlinnongauss2,0.5,23,0.5,0.0,0.5
PCMCIplus,nonlinnongauss2,0.5,24,0.5,0.0,0.5
PCMCIplus,nonlinnongauss2,0.5,25,0.5,0.125,0.375
PCMCIplus,nonlinnongauss2,0.5,26,0.5,0.125,0.375
PCMCIplus,nonlinnongauss2,0.5,27,0.5,0.0,0.5
PCMCIplus,nonlinnongauss2,0.5,28,0.5,0.125,0.375
PCMCIplus,nonlinnongauss2,0.5,29,0.5,0.0,0.5
PCMCIplus,nonlinnongauss2,0.5,30,0.5,0.125,0.375
PCMCIplus,nonlinnongauss2,0.5,31,0.5,0.0,0.5
PCMCIplus,nonlinnongauss2,0.5,32,0.5,0.125,0.375
PCMCIplus,nonlinnongauss2,0.5,33,0.5,0.0,0.5
PCMCIplus,nonlinnongauss2,0.5,34,0.5,0.125,0.375
PCMCIplus,nonlinnongauss2,0.5,35,0.5,0.0,0.5
PCMCIplus,nonlinnongauss2,0.5,36,0.5,0.0,0.5
PCMCIplus,nonlinnongauss2,0.5,37,0.5,0.0,0.5
PCMCIplus,nonlinnongauss2,0.5,38,0.5,0.0,0.5
PCMCIplus,nonlinnongauss2,0.5,39,0.5,0.0,0.5
PCMCIplus,nonlinnongauss2,0.5,40,0.5,0.0,0.5
PCMCIplus,nonlinnongauss2,0.5,41,0.5,0.0,0.5
PCMCIplus,nonlinnongauss2,0.5,42,0.5,0.0,0.5
PCMCIplus,nonlinnongauss2,0.5,43,0.5,0.0,0.5
PCMCIplus,nonlinnongauss2,0.5,44,0.5,0.125,0.375
PCMCIplus,nonlinnongauss2,0.5,45,0.5,0.0,0.5
PCMCIplus,nonlinnongauss2,0.5,46,0.5,0.0,0.5
PCMCIplus,nonlinnongauss2,0.5,47,0.5,0.0,0.5
PCMCIplus,nonlinnongauss2,0.5,48,0.5,0.0,0.5
PCMCIplus,nonlinnongauss2,0.5,49,0.5,0.0,0.5
PCMCIplus,nonlinnongauss2,1,0,0.5,0.125,0.375
PCMCIplus,nonlinnongauss2,1,1,0.5,0.0,0.5
PCMCIplus,nonlinnongauss2,1,2,0.5,0.0,0.5
PCMCIplus,nonlinnongauss2,1,3,0.5,0.125,0.375
PCMCIplus,nonlinnongauss2,1,4,0.5,0.0,0.5
PCMCIplus,nonlinnongauss2,1,5,0.5,0.0,0.5
PCMCIplus,nonlinnongauss2,1,6,0.5,0.0,0.5
PCMCIplus,nonlinnongauss2,1,7,0.5,0.125,0.375
PCMCIplus,nonlinnongauss2,1,8,0.5,0.125,0.375
PCMCIplus,nonlinnongauss2,1,9,0.5,0.0,0.5
PCMCIplus,nonlinnongauss2,1,10,0.5,0.0,0.5
PCMCIplus,nonlinnongauss2,1,11,0.5,0.0,0.5
PCMCIplus,nonlinnongauss2,1,12,0.5,0.0,0.5
PCMCIplus,nonlinnongauss2,1,13,0.5,0.0,0.5
PCMCIplus,nonlinnongauss2,1,14,0.5,0.0,0.5
PCMCIplus,nonlinnongauss2,1,15,0.5,0.0,0.5
PCMCIplus,nonlinnongauss2,1,16,0.5,0.0,0.5
PCMCIplus,nonlinnongauss2,1,17,0.5,0.125,0.375
PCMCIplus,nonlinnongauss2,1,18,0.5,0.125,0.375
PCMCIplus,nonlinnongauss2,1,19,0.5,0.0,0.5
PCMCIplus,nonlinnongauss2,1,20,0.5,0.125,0.375
PCMCIplus,nonlinnongauss2,1,21,0.5,0.125,0.375
PCMCIplus,nonlinnongauss2,1,22,0.5,0.0,0.5
PCMCIplus,nonlinnongauss2,1,23,0.5,0.0,0.5
PCMCIplus,nonlinnongauss2,1,24,0.5,0.0,0.5
PCMCIplus,nonlinnongauss2,1,25,0.5,0.125,0.375
PCMCIplus,nonlinnongauss2,1,26,0.5,0.0,0.5
PCMCIplus,nonlinnongauss2,1,27,0.5,0.0,0.5
PCMCIplus,nonlinnongauss2,1,28,0.5,0.0,0.5
PCMCIplus,nonlinnongauss2,1,29,0.5,0.0,0.5
PCMCIplus,nonlinnongauss2,1,30,0.5,0.125,0.375
PCMCIplus,nonlinnongauss2,1,31,0.5,0.0,0.5
PCMCIplus,nonlinnongauss2,1,32,0.5,0.125,0.375
PCMCIplus,nonlinnongauss2,1,33,0.5,0.0,0.5
PCMCIplus,nonlinnongauss2,1,34,0.5,0.0,0.5
PCMCIplus,nonlinnongauss2,1,35,0.5,0.0,0.5
PCMCIplus,nonlinnongauss2,1,36,0.5,0.0,0.5
PCMCIplus,nonlinnongauss2,1,37,0.5,0.0,0.5
PCMCIplus,nonlinnongauss2,1,38,0.5,0.0,0.5
PCMCIplus,nonlinnongauss2,1,39,0.5,0.0,0.5
PCMCIplus,nonlinnongauss2,1,40,0.5,0.125,0.375
PCMCIplus,nonlinnongauss2,1,41,0.5,0.0,0.5
PCMCIplus,nonlinnongauss2,1,42,0.5,0.0,0.5
PCMCIplus,nonlinnongauss2,1,43,0.5,0.0,0.5
PCMCIplus,nonlinnongauss2,1,44,0.5,0.0,0.5
PCMCIplus,nonlinnongauss2,1,45,0.5,0.0,0.5
PCMCIplus,nonlinnongauss2,1,46,0.5,0.0,0.5
PCMCIplus,nonlinnongauss2,1,47,0.5,0.0,0.5
PCMCIplus,nonlinnongauss2,1,48,0.5,0.0,0.5
PCMCIplus,nonlinnongauss2,1,49,0.5,0.0,0.5
PCMCIplus,nonlinnongauss2,1.5,0,0.5,0.0,0.5
PCMCIplus,nonlinnongauss2,1.5,1,0.5,0.0,0.5
PCMCIplus,nonlinnongauss2,1.5,2,0.5,0.0,0.5
PCMCIplus,nonlinnongauss2,1.5,3,0.5,0.0,0.5
PCMCIplus,nonlinnongauss2,1.5,4,0.5,0.0,0.5
PCMCIplus,nonlinnongauss2,1.5,5,0.5,0.0,0.5
PCMCIplus,nonlinnongauss2,1.5,6,0.5,0.125,0.375
PCMCIplus,nonlinnongauss2,1.5,7,0.5,0.0,0.5
PCMCIplus,nonlinnongauss2,1.5,8,0.5,0.125,0.375
PCMCIplus,nonlinnongauss2,1.5,9,0.5,0.0,0.5
PCMCIplus,nonlinnongauss2,1.5,10,0.5,0.0,0.5
PCMCIplus,nonlinnongauss2,1.5,11,0.5,0.0,0.5
PCMCIplus,nonlinnongauss2,1.5,12,0.5,0.125,0.375
PCMCIplus,nonlinnongauss2,1.5,13,0.5,0.0,0.5
PCMCIplus,nonlinnongauss2,1.5,14,0.5,0.0,0.5
PCMCIplus,nonlinnongauss2,1.5,15,0.5,0.0,0.5
PCMCIplus,nonlinnongauss2,1.5,16,0.5,0.0,0.5
PCMCIplus,nonlinnongauss2,1.5,17,0.5,0.25,0.25
PCMCIplus,nonlinnongauss2,1.5,18,0.5,0.0,0.5
PCMCIplus,nonlinnongauss2,1.5,19,0.5,0.0,0.5
PCMCIplus,nonlinnongauss2,1.5,20,0.5,0.125,0.375
PCMCIplus,nonlinnongauss2,1.5,21,0.5,0.0,0.5
PCMCIplus,nonlinnongauss2,1.5,22,0.5,0.0,0.5
PCMCIplus,nonlinnongauss2,1.5,23,0.5,0.0,0.5
PCMCIplus,nonlinnongauss2,1.5,24,0.5,0.125,0.375
PCMCIplus,nonlinnongauss2,1.5,25,0.5,0.125,0.375
PCMCIplus,nonlinnongauss2,1.5,26,0.5,0.0,0.5
PCMCIplus,nonlinnongauss2,1.5,27,0.5,0.0,0.5
PCMCIplus,nonlinnongauss2,1.5,28,0.5,0.0,0.5
PCMCIplus,nonlinnongauss2,1.5,29,0.5,0.0,0.5
PCMCIplus,nonlinnongauss2,1.5,30,0.5,0.0,0.5
PCMCIplus,nonlinnongauss2,1.5,31,0.5,0.0,0.5
PCMCIplus,nonlinnongauss2,1.5,32,0.5,0.0,0.5
PCMCIplus,nonlinnongauss2,1.5,33,0.5,0.0,0.5
PCMCIplus,nonlinnongauss2,1.5,34,0.5,0.0,0.5
PCMCIplus,nonlinnongauss2,1.5,35,0.5,0.0,0.5
PCMCIplus,nonlinnongauss2,1.5,36,0.5,0.0,0.5
PCMCIplus,nonlinnongauss2,1.5,37,0.5,0.0,0.5
PCMCIplus,nonlinnongauss2,1.5,38,0.5,0.0,0.5
PCMCIplus,nonlinnongauss2,1.5,39,0.5,0.125,0.375
PCMCIplus,nonlinnongauss2,1.5,40,0.5,0.125,0.375
PCMCIplus,nonlinnongauss2,1.5,41,0.5,0.0,0.5
PCMCIplus,nonlinnongauss2,1.5,42,0.5,0.0,0.5
PCMCIplus,nonlinnongauss2,1.5,43,0.5,0.0,0.5
PCMCIplus,nonlinnongauss2,1.5,44,0.5,0.0,0.5
PCMCIplus,nonlinnongauss2,1.5,45,0.5,0.0,0.5
PCMCIplus,nonlinnongauss2,1.5,46,0.5,0.0,0.5
PCMCIplus,nonlinnongauss2,1.5,47,0.5,0.0,0.5
PCMCIplus,nonlinnongauss2,1.5,48,0.5,0.125,0.375
PCMCIplus,nonlinnongauss2,1.5,49,0.5,0.0,0.5
PCMCIplus,nonlinnongauss2,2,0,0.75,0.125,0.625
PCMCIplus,nonlinnongauss2,2,1,0.5,0.0,0.5
PCMCIplus,nonlinnongauss2,2,2,0.5,0.0,0.5
PCMCIplus,nonlinnongauss2,2,3,0.5,0.125,0.375
PCMCIplus,nonlinnongauss2,2,4,0.5,0.0,0.5
PCMCIplus,nonlinnongauss2,2,5,0.5,0.0,0.5
PCMCIplus,nonlinnongauss2,2,6,0.5,0.25,0.25
PCMCIplus,nonlinnongauss2,2,7,0.5,0.125,0.375
PCMCIplus,nonlinnongauss2,2,8,0.5,0.0,0.5
PCMCIplus,nonlinnongauss2,2,9,0.5,0.0,0.5
PCMCIplus,nonlinnongauss2,2,10,0.5,0.0,0.5
PCMCIplus,nonlinnongauss2,2,11,0.5,0.0,0.5
PCMCIplus,nonlinnongauss2,2,12,0.5,0.0,0.5
PCMCIplus,nonlinnongauss2,2,13,0.25,0.125,0.125
PCMCIplus,nonlinnongauss2,2,14,0.5,0.0,0.5
PCMCIplus,nonlinnongauss2,2,15,0.5,0.0,0.5
PCMCIplus,nonlinnongauss2,2,16,0.5,0.0,0.5
PCMCIplus,nonlinnongauss2,2,17,0.5,0.125,0.375
PCMCIplus,nonlinnongauss2,2,18,0.5,0.125,0.375
PCMCIplus,nonlinnongauss2,2,19,0.5,0.0,0.5
PCMCIplus,nonlinnongauss2,2,20,0.5,0.125,0.375
PCMCIplus,nonlinnongauss2,2,21,0.5,0.25,0.25
PCMCIplus,nonlinnongauss2,2,22,0.75,0.0,0.75
PCMCIplus,nonlinnongauss2,2,23,0.5,0.125,0.375
PCMCIplus,nonlinnongauss2,2,24,0.5,0.0,0.5
PCMCIplus,nonlinnongauss2,2,25,0.5,0.125,0.375
PCMCIplus,nonlinnongauss2,2,26,0.5,0.125,0.375
PCMCIplus,nonlinnongauss2,2,27,0.5,0.0,0.5
PCMCIplus,nonlinnongauss2,2,28,0.5,0.25,0.25
PCMCIplus,nonlinnongauss2,2,29,0.5,0.0,0.5
PCMCIplus,nonlinnongauss2,2,30,0.5,0.125,0.375
PCMCIplus,nonlinnongauss2,2,31,0.5,0.125,0.375
PCMCIplus,nonlinnongauss2,2,32,0.5,0.0,0.5
PCMCIplus,nonlinnongauss2,2,33,0.5,0.0,0.5
PCMCIplus,nonlinnongauss2,2,34,0.5,0.0,0.5
PCMCIplus,nonlinnongauss2,2,35,0.25,0.0,0.25
PCMCIplus,nonlinnongauss2,2,36,0.5,0.0,0.5
PCMCIplus,nonlinnongauss2,2,37,0.5,0.0,0.5
PCMCIplus,nonlinnongauss2,2,38,0.5,0.0,0.5
PCMCIplus,nonlinnongauss2,2,39,0.5,0.0,0.5
PCMCIplus,nonlinnongauss2,2,40,0.75,0.0,0.75
PCMCIplus,nonlinnongauss2,2,41,0.5,0.125,0.375
PCMCIplus,nonlinnongauss2,2,42,0.5,0.0,0.5
PCMCIplus,nonlinnongauss2,2,43,0.5,0.0,0.5
PCMCIplus,nonlinnongauss2,2,44,0.5,0.0,0.5
PCMCIplus,nonlinnongauss2,2,45,0.5,0.0,0.5
PCMCIplus,nonlinnongauss2,2,46,0.5,0.125,0.375
PCMCIplus,nonlinnongauss2,2,47,0.5,0.0,0.5
PCMCIplus,nonlinnongauss2,2,48,0.5,0.0,0.5
PCMCIplus,nonlinnongauss2,2,49,0.5,0.0,0.5
PCMCIplus,nonlinnongauss2,2.5,0,0.5,0.0,0.5
PCMCIplus,nonlinnongauss2,2.5,1,0.5,0.125,0.375
PCMCIplus,nonlinnongauss2,2.5,2,0.5,0.0,0.5
PCMCIplus,nonlinnongauss2,2.5,3,0.5,0.125,0.375
PCMCIplus,nonlinnongauss2,2.5,4,0.5,0.0,0.5
PCMCIplus,nonlinnongauss2,2.5,5,0.5,0.0,0.5
PCMCIplus,nonlinnongauss2,2.5,6,0.5,0.125,0.375
PCMCIplus,nonlinnongauss2,2.5,7,0.5,0.125,0.375
PCMCIplus,nonlinnongauss2,2.5,8,0.5,0.125,0.375
PCMCIplus,nonlinnongauss2,2.5,9,0.5,0.125,0.375
PCMCIplus,nonlinnongauss2,2.5,10,0.5,0.125,0.375
PCMCIplus,nonlinnongauss2,2.5,11,0.5,0.0,0.5
PCMCIplus,nonlinnongauss2,2.5,12,0.5,0.0,0.5
PCMCIplus,nonlinnongauss2,2.5,13,0.25,0.125,0.125
PCMCIplus,nonlinnongauss2,2.5,14,0.25,0.0,0.25
PCMCIplus,nonlinnongauss2,2.5,15,0.5,0.0,0.5
PCMCIplus,nonlinnongauss2,2.5,16,0.5,0.0,0.5
PCMCIplus,nonlinnongauss2,2.5,17,0.5,0.125,0.375
PCMCIplus,nonlinnongauss2,2.5,18,0.5,0.125,0.375
PCMCIplus,nonlinnongauss2,2.5,19,0.75,0.0,0.75
PCMCIplus,nonlinnongauss2,2.5,20,0.5,0.0,0.5
PCMCIplus,nonlinnongauss2,2.5,21,0.5,0.125,0.375
PCMCIplus,nonlinnongauss2,2.5,22,0.75,0.0,0.75
PCMCIplus,nonlinnongauss2,2.5,23,0.25,0.125,0.125
PCMCIplus,nonlinnongauss2,2.5,24,0.5,0.0,0.5
PCMCIplus,nonlinnongauss2,2.5,25,0.25,0.125,0.125
PCMCIplus,nonlinnongauss2,2.5,26,0.5,0.125,0.375
PCMCIplus,nonlinnongauss2,2.5,27,0.25,0.0,0.25
PCMCIplus,nonlinnongauss2,2.5,28,0.5,0.0,0.5
PCMCIplus,nonlinnongauss2,2.5,29,0.5,0.0,0.5
PCMCIplus,nonlinnongauss2,2.5,30,0.25,0.125,0.125
PCMCIplus,nonlinnongauss2,2.5,31,0.5,0.125,0.375
PCMCIplus,nonlinnongauss2,2.5,32,0.5,0.125,0.375
PCMCIplus,nonlinnongauss2,2.5,33,0.5,0.0,0.5
PCMCIplus,nonlinnongauss2,2.5,34,0.5,0.125,0.375
PCMCIplus,nonlinnongauss2,2.5,35,0.5,0.125,0.375
PCMCIplus,nonlinnongauss2,2.5,36,0.5,0.0,0.5
PCMCIplus,nonlinnongauss2,2.5,37,0.25,0.125,0.125
PCMCIplus,nonlinnongauss2,2.5,38,0.5,0.0,0.5
PCMCIplus,nonlinnongauss2,2.5,39,0.5,0.0,0.5
PCMCIplus,nonlinnongauss2,2.5,40,0.75,0.0,0.75
PCMCIplus,nonlinnongauss2,2.5,41,0.5,0.0,0.5
PCMCIplus,nonlinnongauss2,2.5,42,0.5,0.0,0.5
PCMCIplus,nonlinnongauss2,2.5,43,0.5,0.0,0.5
PCMCIplus,nonlinnongauss2,2.5,44,0.25,0.125,0.125
PCMCIplus,nonlinnongauss2,2.5,45,0.5,0.125,0.375
PCMCIplus,nonlinnongauss2,2.5,46,0.5,0.125,0.375
PCMCIplus,nonlinnongauss2,2.5,47,0.5,0.0,0.5
PCMCIplus,nonlinnongauss2,2.5,48,0.5,0.0,0.5
PCMCIplus,nonlinnongauss2,2.5,49,0.5,0.0,0.5
PCMCIplus,nonlinnongauss2,3,0,0.5,0.125,0.375
PCMCIplus,nonlinnongauss2,3,1,0.25,0.0,0.25
PCMCIplus,nonlinnongauss2,3,2,0.25,0.0,0.25
PCMCIplus,nonlinnongauss2,3,3,0.25,0.125,0.125
PCMCIplus,nonlinnongauss2,3,4,0.5,0.125,0.375
PCMCIplus,nonlinnongauss2,3,5,0.5,0.0,0.5
PCMCIplus,nonlinnongauss2,3,6,0.25,0.0,0.25
PCMCIplus,nonlinnongauss2,3,7,0.25,0.125,0.125
PCMCIplus,nonlinnongauss2,3,8,0.25,0.0,0.25
PCMCIplus,nonlinnongauss2,3,9,0.5,0.0,0.5
PCMCIplus,nonlinnongauss2,3,10,0.25,0.125,0.125
PCMCIplus,nonlinnongauss2,3,11,0.25,0.0,0.25
PCMCIplus,nonlinnongauss2,3,12,0.25,0.0,0.25
PCMCIplus,nonlinnongauss2,3,13,0.25,0.125,0.125
PCMCIplus,nonlinnongauss2,3,14,0.25,0.0,0.25
PCMCIplus,nonlinnongauss2,3,15,0.5,0.0,0.5
PCMCIplus,nonlinnongauss2,3,16,0.25,0.125,0.125
PCMCIplus,nonlinnongauss2,3,17,0.25,0.125,0.125
PCMCIplus,nonlinnongauss2,3,18,0.25,0.125,0.125
PCMCIplus,nonlinnongauss2,3,19,0.25,0.0,0.25
PCMCIplus,nonlinnongauss2,3,20,0.25,0.0,0.25
PCMCIplus,nonlinnongauss2,3,21,0.25,0.125,0.125
PCMCIplus,nonlinnongauss2,3,22,0.5,0.0,0.5
PCMCIplus,nonlinnongauss2,3,23,0.25,0.125,0.125
PCMCIplus,nonlinnongauss2,3,24,0.25,0.0,0.25
PCMCIplus,nonlinnongauss2,3,25,0.25,0.125,0.125
PCMCIplus,nonlinnongauss2,3,26,0.25,0.125,0.125
PCMCIplus,nonlinnongauss2,3,27,0.25,0.0,0.25
PCMCIplus,nonlinnongauss2,3,28,0.5,0.125,0.375
PCMCIplus,nonlinnongauss2,3,29,0.25,0.0,0.25
PCMCIplus,nonlinnongauss2,3,30,0.25,0.125,0.125
PCMCIplus,nonlinnongauss2,3,31,0.25,0.0,0.25
PCMCIplus,nonlinnongauss2,3,32,0.25,0.0,0.25
PCMCIplus,nonlinnongauss2,3,33,0.25,0.0,0.25
PCMCIplus,nonlinnongauss2,3,34,0.25,0.125,0.125
PCMCIplus,nonlinnongauss2,3,35,0.25,0.125,0.125
PCMCIplus,nonlinnongauss2,3,36,0.5,0.0,0.5
PCMCIplus,nonlinnongauss2,3,37,0.5,0.125,0.375
PCMCIplus,nonlinnongauss2,3,38,0.25,0.0,0.25
PCMCIplus,nonlinnongauss2,3,39,0.25,0.0,0.25
PCMCIplus,nonlinnongauss2,3,40,0.25,0.0,0.25
PCMCIplus,nonlinnongauss2,3,41,0.25,0.0,0.25
PCMCIplus,nonlinnongauss2,3,42,0.25,0.0,0.25
PCMCIplus,nonlinnongauss2,3,43,0.25,0.0,0.25
PCMCIplus,nonlinnongauss2,3,44,0.25,0.125,0.125
PCMCIplus,nonlinnongauss2,3,45,0.25,0.125,0.125
PCMCIplus,nonlinnongauss2,3,46,0.25,0.0,0.25
PCMCIplus,nonlinnongauss2,3,47,0.25,0.0,0.25
PCMCIplus,nonlinnongauss2,3,48,0.25,0.125,0.125
PCMCIplus,nonlinnongauss2,3,49,0.5,0.0,0.5
PCMCIplus,nonlinnongauss2,3.5,0,0.25,0.0,0.25
PCMCIplus,nonlinnongauss2,3.5,1,0.25,0.0,0.25
PCMCIplus,nonlinnongauss2,3.5,2,0.25,0.0,0.25
PCMCIplus,nonlinnongauss2,3.5,3,0.25,0.25,0.0
PCMCIplus,nonlinnongauss2,3.5,4,0.5,0.0,0.5
PCMCIplus,nonlinnongauss2,3.5,5,0.5,0.0,0.5
PCMCIplus,nonlinnongauss2,3.5,6,0.25,0.0,0.25
PCMCIplus,nonlinnongauss2,3.5,7,0.25,0.0,0.25
PCMCIplus,nonlinnongauss2,3.5,8,0.25,0.25,0.0
PCMCIplus,nonlinnongauss2,3.5,9,0.25,0.0,0.25
PCMCIplus,nonlinnongauss2,3.5,10,0.25,0.125,0.125
PCMCIplus,nonlinnongauss2,3.5,11,0.25,0.125,0.125
PCMCIplus,nonlinnongauss2,3.5,12,0.25,0.0,0.25
PCMCIplus,nonlinnongauss2,3.5,13,0.25,0.0,0.25
PCMCIplus,nonlinnongauss2,3.5,14,0.5,0.0,0.5
PCMCIplus,nonlinnongauss2,3.5,15,0.25,0.0,0.25
PCMCIplus,nonlinnongauss2,3.5,16,0.25,0.25,0.0
PCMCIplus,nonlinnongauss2,3.5,17,0.25,0.125,0.125
PCMCIplus,nonlinnongauss2,3.5,18,0.25,0.0,0.25
PCMCIplus,nonlinnongauss2,3.5,19,0.25,0.0,0.25
PCMCIplus,nonlinnongauss2,3.5,20,0.25,0.125,0.125
PCMCIplus,nonlinnongauss2,3.5,21,0.25,0.25,0.0
PCMCIplus,nonlinnongauss2,3.5,22,0.5,0.125,0.375
PCMCIplus,nonlinnongauss2,3.5,23,0.25,0.125,0.125
PCMCIplus,nonlinnongauss2,3.5,24,0.25,0.0,0.25
PCMCIplus,nonlinnongauss2,3.5,25,0.25,0.125,0.125
PCMCIplus,nonlinnongauss2,3.5,26,0.25,0.125,0.125
PCMCIplus,nonlinnongauss2,3.5,27,0.25,0.0,0.25
PCMCIplus,nonlinnongauss2,3.5,28,0.25,0.125,0.125
PCMCIplus,nonlinnongauss2,3.5,29,0.25,0.0,0.25
PCMCIplus,nonlinnongauss2,3.5,30,0.25,0.25,0.0
PCMCIplus,nonlinnongauss2,3.5,31,0.25,0.0,0.25
PCMCIplus,nonlinnongauss2,3.5,32,0.25,0.0,0.25
PCMCIplus,nonlinnongauss2,3.5,33,0.25,0.125,0.125
PCMCIplus,nonlinnongauss2,3.5,34,0.25,0.0,0.25
PCMCIplus,nonlinnongauss2,3.5,35,0.25,0.125,0.125
PCMCIplus,nonlinnongauss2,3.5,36,0.5,0.0,0.5
PCMCIplus,nonlinnongauss2,3.5,37,0.25,0.0,0.25
PCMCIplus,nonlinnongauss2,3.5,38,0.25,0.125,0.125
PCMCIplus,nonlinnongauss2,3.5,39,0.25,0.0,0.25
PCMCIplus,nonlinnongauss2,3.5,40,0.25,0.125,0.125
PCMCIplus,nonlinnongauss2,3.5,41,0.25,0.0,0.25
PCMCIplus,nonlinnongauss2,3.5,42,0.25,0.0,0.25
PCMCIplus,nonlinnongauss2,3.5,43,0.25,0.0,0.25
PCMCIplus,nonlinnongauss2,3.5,44,0.25,0.125,0.125
PCMCIplus,nonlinnongauss2,3.5,45,0.25,0.0,0.25
PCMCIplus,nonlinnongauss2,3.5,46,0.25,0.0,0.25
PCMCIplus,nonlinnongauss2,3.5,47,0.75,0.0,0.75
PCMCIplus,nonlinnongauss2,3.5,48,0.25,0.0,0.25
PCMCIplus,nonlinnongauss2,3.5,49,0.25,0.125,0.125
