method,regime,noise,seed,TPR,FPR,CS
GC1,lingauss1,0.1,0,1.0,0.111111,0.888889
GC2,lingauss1,0.1,0,1.0,0.0,1.0
PC,lingauss1,0.1,0,0.0,0.444444,-0.444444
GC1,lingauss1,0.1,1,1.0,0.0,1.0
GC2,lingauss1,0.1,1,1.0,0.0,1.0
PC,lingauss1,0.1,1,0.0,0.222222,-0.222222
GC1,lingauss1,0.1,2,1.0,0.111111,0.888889
GC2,lingauss1,0.1,2,1.0,0.0,1.0
PC,lingauss1,0.1,2,0.0,0.333333,-0.333333
GC1,lingauss1,0.1,3,1.0,0.0,1.0
GC2,lingauss1,0.1,3,1.0,0.0,1.0
PC,lingauss1,0.1,3,0.0,0.0,0.0
GC1,lingauss1,0.1,4,1.0,0.111111,0.888889
GC2,lingauss1,0.1,4,1.0,0.111111,0.888889
PC,lingauss1,0.1,4,0.0,0.333333,-0.333333
GC1,lingauss1,0.1,5,1.0,0.0,1.0
GC2,lingauss1,0.1,5,1.0,0.111111,0.888889
PC,lingauss1,0.1,5,0.0,0.333333,-0.333333
GC1,lingauss1,0.1,6,0.666667,0.222222,0.444444
GC2,lingauss1,0.1,6,0.666667,0.111111,0.555556
PC,lingauss1,0.1,6,0.0,0.666667,-0.666667
GC1,lingauss1,0.1,7,0.666667,0.111111,0.555556
GC2,lingauss1,0.1,7,1.0,0.111111,0.888889
PC,lingauss1,0.1,7,0.0,0.222222,-0.222222
GC1,lingauss1,0.1,8,0.666667,0.222222,0.444444
GC2,lingauss1,0.1,8,1.0,0.0,1.0
PC,lingauss1,0.1,8,0.0,0.333333,-0.333333
GC1,lingauss1,0.1,9,0.666667,0.111111,0.555556
GC2,lingauss1,0.1,9,1.0,0.0,1.0
PC,lingauss1,0.1,9,0.0,0.222222,-0.222222
GC1,lingauss1,0.1,10,1.0,0.111111,0.888889
GC2,lingauss1,0.1,10,1.0,0.0,1.0
PC,lingauss1,0.1,10,0.0,0.333333,-0.333333
GC1,lingauss1,0.1,11,1.0,0.333333,0.666667
GC2,lingauss1,0.1,11,1.0,0.333333,0.666667
PC,lingauss1,0.1,11,0.0,0.444444,-0.444444
GC1,lingauss1,0.1,12,1.0,0.0,1.0
GC2,lingauss1,0.1,12,1.0,0.0,1.0
PC,lingauss1,0.1,12,0.0,0.222222,-0.222222
GC1,lingauss1,0.1,13,1.0,0.0,1.0
GC2,lingauss1,0.1,13,1.0,0.0,1.0
PC,lingauss1,0.1,13,0.0,0.0,0.0
GC1,lingauss1,0.1,14,1.0,0.0,1.0
GC2,lingauss1,0.1,14,1.0,0.0,1.0
PC,lingauss1,0.1,14,0.0,0.333333,-0.333333
GC1,lingauss1,0.1,15,1.0,0.222222,0.777778
GC2,lingauss1,0.1,15,1.0,0.111111,0.888889
PC,lingauss1,0.1,15,0.0,0.222222,-0.222222
GC1,lingauss1,0.1,16,1.0,0.0,1.0
GC2,lingauss1,0.1,16,1.0,0.0,1.0
PC,lingauss1,0.1,16,0.0,0.222222,-0.222222
GC1,lingauss1,0.1,17,1.0,0.222222,0.777778
GC2,lingauss1,0.1,17,1.0,0.111111,0.888889
PC,lingauss1,0.1,17,0.0,0.555556,-0.555556
GC1,lingauss1,0.1,18,1.0,0.0,1.0
GC2,lingauss1,0.1,18,1.0,0.0,1.0
PC,lingauss1,0.1,18,0.0,0.222222,-0.222222
GC1,lingauss1,0.1,19,1.0,0.0,1.0
GC2,lingauss1,0.1,19,1.0,0.0,1.0
PC,lingauss1,0.1,19,0.333333,0.333333,0.0
GC1,lingauss1,0.1,20,1.0,0.0,1.0
GC2,lingauss1,0.1,20,1.0,0.0,1.0
PC,lingauss1,0.1,20,0.0,0.222222,-0.222222
GC1,lingauss1,0.1,21,1.0,0.0,1.0
GC2,lingauss1,0.1,21,1.0,0.0,1.0
PC,lingauss1,0.1,21,0.0,0.222222,-0.222222
GC1,lingauss1,0.1,22,1.0,0.0,1.0
GC2,lingauss1,0.1,22,1.0,0.0,1.0
PC,lingauss1,0.1,22,0.0,0.222222,-0.222222
GC1,lingauss1,0.1,23,1.0,0.222222,0.777778
GC2,lingauss1,0.1,23,1.0,0.0,1.0
PC,lingauss1,0.1,23,0.0,0.444444,-0.444444
GC1,lingauss1,0.1,24,1.0,0.0,1.0
GC2,lingauss1,0.1,24,1.0,0.0,1.0
PC,lingauss1,0.1,24,0.0,0.222222,-0.222222
GC1,lingauss1,0.1,25,1.0,0.111111,0.888889
GC2,lingauss1,0.1,25,1.0,0.111111,0.888889
PC,lingauss1,0.1,25,0.0,0.333333,-0.333333
GC1,lingauss1,0.1,26,1.0,0.0,1.0
GC2,lingauss1,0.1,26,1.0,0.0,1.0
PC,lingauss1,0.1,26,0.0,0.222222,-0.222222
GC1,lingauss1,0.1,27,1.0,0.0,1.0
GC2,lingauss1,0.1,27,1.0,0.0,1.0
PC,lingauss1,0.1,27,0.0,0.222222,-0.222222
GC1,lingauss1,0.1,28,1.0,0.111111,0.888889
GC2,lingauss1,0.1,28,1.0,0.0,1.0
PC,lingauss1,0.1,28,0.0,0.222222,-0.222222
GC1,lingauss1,0.1,29,1.0,0.0,1.0
GC2,lingauss1,0.1,29,1.0,0.0,1.0
PC,lingauss1,0.1,29,0.0,0.0,0.0
GC1,lingauss1,0.1,30,1.0,0.0,1.0
GC2,lingauss1,0.1,30,1.0,0.0,1.0
PC,lingauss1,0.1,30,0.0,0.222222,-0.222222
GC1,lingauss1,0.1,31,1.0,0.0,1.0
GC2,lingauss1,0.1,31,1.0,0.0,1.0
PC,lingauss1,0.1,31,0.0,0.0,0.0
GC1,lingauss1,0.1,32,1.0,0.0,1.0
GC2,lingauss1,0.1,32,0.666667,0.111111,0.555556
PC,lingauss1,0.1,32,0.0,0.222222,-0.222222
GC1,lingauss1,0.1,33,1.0,0.111111,0.888889
GC2,lingauss1,0.1,33,1.0,0.0,1.0
PC,lingauss1,0.1,33,0.0,0.333333,-0.333333
GC1,lingauss1,0.1,34,1.0,0.0,1.0
GC2,lingauss1,0.1,34,1.0,0.0,1.0
PC,lingauss1,0.1,34,0.0,0.222222,-0.222222
GC1,lingauss1,0.1,35,1.0,0.111111,0.888889
GC2,lingauss1,0.1,35,1.0,0.111111,0.888889
PC,lingauss1,0.1,35,0.0,0.222222,-0.222222
GC1,lingauss1,0.1,36,1.0,0.111111,0.888889
GC2,lingauss1,0.1,36,1.0,0.222222,0.777778
PC,lingauss1,0.1,36,0.0,0.222222,-0.222222
GC1,lingauss1,0.1,37,1.0,0.0,1.0
GC2,lingauss1,0.1,37,1.0,0.0,1.0
PC,lingauss1,0.1,37,0.0,0.222222,-0.222222
GC1,lingauss1,0.1,38,1.0,0.111111,0.888889
GC2,lingauss1,0.1,38,1.0,0.0,1.0
PC,lingauss1,0.1,38,0.0,0.222222,-0.222222
GC1,lingauss1,0.1,39,1.0,0.0,1.0
GC2,lingauss1,0.1,39,1.0,0.111111,0.888889
PC,lingauss1,0.1,39,0.0,0.222222,-0.222222
GC1,lingauss1,0.1,40,1.0,0.0,1.0
GC2,lingauss1,0.1,40,1.0,0.0,1.0
PC,lingauss1,0.1,40,0.0,0.222222,-0.222222
GC1,lingauss1,0.1,41,1.0,0.111111,0.888889
GC2,lingauss1,0.1,41,1.0,0.0,1.0
PC,lingauss1,0.1,41,0.0,0.333333,-0.333333
GC1,lingauss1,0.1,42,0.666667,0.111111,0.555556
GC2,lingauss1,0.1,42,1.0,0.0,1.0
PC,lingauss1,0.1,42,0.0,0.222222,-0.222222
GC1,lingauss1,0.1,43,1.0,0.0,1.0
GC2,lingauss1,0.1,43,1.0,0.0,1.0
PC,lingauss1,0.1,43,0.0,0.222222,-0.222222
GC1,lingauss1,0.1,44,0.333333,0.222222,0.111111
GC2,lingauss1,0.1,44,0.666667,0.111111,0.555556
PC,lingauss1,0.1,44,0.0,0.222222,-0.222222
GC1,lingauss1,0.1,45,1.0,0.0,1.0
GC2,lingauss1,0.1,45,1.0,0.111111,0.888889
PC,lingauss1,0.1,45,0.0,0.222222,-0.222222
GC1,lingauss1,0.1,46,1.0,0.0,1.0
GC2,lingauss1,0.1,46,1.0,0.0,1.0
PC,lingauss1,0.1,46,0.0,0.222222,-0.222222
GC1,lingauss1,0.1,47,1.0,0.222222,0.777778
GC2,lingauss1,0.1,47,1.0,0.0,1.0
PC,lingauss1,0.1,47,0.0,0.333333,-0.333333
GC1,lingauss1,0.1,48,1.0,0.111111,0.888889
GC2,lingauss1,0.1,48,1.0,0.0,1.0
PC,lingauss1,0.1,48,0.0,0.222222,-0.222222
GC1,lingauss1,0.1,49,1.0,0.0,1.0
GC2,lingauss1,0.1,49,1.0,0.111111,0.888889
PC,lingauss1,0.1,49,0.0,0.222222,-0.222222
GC1,lingauss1,0.5,0,1.0,0.0,1.0
GC2,lingauss1,0.5,0,1.0,0.0,1.0
PC,lingauss1,0.5,0,0.0,0.0,0.0
GC1,lingauss1,0.5,1,1.0,0.0,1.0
GC2,lingauss1,0.5,1,1.0,0.0,1.0
PC,lingauss1,0.5,1,0.0,0.0,0.0
GC1,lingauss1,0.5,2,1.0,0.111111,0.888889
GC2,lingauss1,0.5,2,1.0,0.0,1.0
PC,lingauss1,0.5,2,0.0,0.111111,-0.111111
GC1,lingauss1,0.5,3,1.0,0.0,1.0
GC2,lingauss1,0.5,3,1.0,0.0,1.0
PC,lingauss1,0.5,3,0.0,0.0,0.0
GC1,lingauss1,0.5,4,1.0,0.0,1.0
GC2,lingauss1,0.5,4,1.0,0.111111,0.888889
PC,lingauss1,0.5,4,0.0,0.0,0.0
GC1,lingauss1,0.5,5,1.0,0.0,1.0
GC2,lingauss1,0.5,5,1.0,0.111111,0.888889
PC,lingauss1,0.5,5,0.0,0.0,0.0
GC1,lingauss1,0.5,6,0.666667,0.111111,0.555556
GC2,lingauss1,0.5,6,1.0,0.0,1.0
PC,lingauss1,0.5,6,0.0,0.0,0.0
GC1,lingauss1,0.5,7,1.0,0.0,1.0
GC2,lingauss1,0.5,7,1.0,0.111111,0.888889
PC,lingauss1,0.5,7,0.0,0.0,0.0
GC1,lingauss1,0.5,8,1.0,0.0,1.0
GC2,lingauss1,0.5,8,1.0,0.0,1.0
PC,lingauss1,0.5,8,0.0,0.0,0.0
GC1,lingauss1,0.5,9,0.666667,0.111111,0.555556
GC2,lingauss1,0.5,9,1.0,0.0,1.0
PC,lingauss1,0.5,9,0.0,0.0,0.0
GC1,lingauss1,0.5,10,1.0,0.0,1.0
GC2,lingauss1,0.5,10,1.0,0.0,1.0
PC,lingauss1,0.5,10,0.0,0.222222,-0.222222
GC1,lingauss1,0.5,11,1.0,0.222222,0.777778
GC2,lingauss1,0.5,11,1.0,0.333333,0.666667
PC,lingauss1,0.5,11,0.0,0.111111,-0.111111
GC1,lingauss1,0.5,12,1.0,0.0,1.0
GC2,lingauss1,0.5,12,1.0,0.0,1.0
PC,lingauss1,0.5,12,0.0,0.0,0.0
GC1,lingauss1,0.5,13,1.0,0.0,1.0
GC2,lingauss1,0.5,13,1.0,0.0,1.0
PC,lingauss1,0.5,13,0.0,0.0,0.0
GC1,lingauss1,0.5,14,1.0,0.0,1.0
GC2,lingauss1,0.5,14,1.0,0.0,1.0
PC,lingauss1,0.5,14,0.0,0.0,0.0
GC1,lingauss1,0.5,15,1.0,0.111111,0.888889
GC2,lingauss1,0.5,15,1.0,0.111111,0.888889
PC,lingauss1,0.5,15,0.0,0.0,0.0
GC1,lingauss1,0.5,16,1.0,0.0,1.0
GC2,lingauss1,0.5,16,1.0,0.0,1.0
PC,lingauss1,0.5,16,0.0,0.0,0.0
GC1,lingauss1,0.5,17,1.0,0.222222,0.777778
GC2,lingauss1,0.5,17,1.0,0.111111,0.888889
PC,lingauss1,0.5,17,0.333333,0.111111,0.222222
GC1,lingauss1,0.5,18,1.0,0.0,1.0
GC2,lingauss1,0.5,18,1.0,0.0,1.0
PC,lingauss1,0.5,18,0.0,0.0,0.0
GC1,lingauss1,0.5,19,0.666667,0.111111,0.555556
GC2,lingauss1,0.5,19,1.0,0.0,1.0
PC,lingauss1,0.5,19,0.0,0.222222,-0.222222
GC1,lingauss1,0.5,20,1.0,0.0,1.0
GC2,lingauss1,0.5,20,1.0,0.0,1.0
PC,lingauss1,0.5,20,0.0,0.0,0.0
GC1,lingauss1,0.5,21,1.0,0.0,1.0
GC2,lingauss1,0.5,21,1.0,0.0,1.0
PC,lingauss1,0.5,21,0.0,0.0,0.0
GC1,lingauss1,0.5,22,1.0,0.0,1.0
GC2,lingauss1,0.5,22,1.0,0.0,1.0
PC,lingauss1,0.5,22,0.0,0.0,0.0
GC1,lingauss1,0.5,23,1.0,0.111111,0.888889
GC2,lingauss1,0.5,23,1.0,0.0,1.0
PC,lingauss1,0.5,23,0.0,0.111111,-0.111111
GC1,lingauss1,0.5,24,1.0,0.0,1.0
GC2,lingauss1,0.5,24,1.0,0.0,1.0
PC,lingauss1,0.5,24,0.0,0.0,0.0
GC1,lingauss1,0.5,25,1.0,0.111111,0.888889
GC2,lingauss1,0.5,25,1.0,0.111111,0.888889
PC,lingauss1,0.5,25,0.0,0.333333,-0.333333
GC1,lingauss1,0.5,26,1.0,0.0,1.0
GC2,lingauss1,0.5,26,1.0,0.0,1.0
PC,lingauss1,0.5,26,0.0,0.111111,-0.111111
GC1,lingauss1,0.5,27,0.333333,0.222222,0.111111
GC2,lingauss1,0.5,27,1.0,0.0,1.0
PC,lingauss1,0.5,27,0.0,0.0,0.0
GC1,lingauss1,0.5,28,1.0,0.0,1.0
GC2,lingauss1,0.5,28,1.0,0.0,1.0
PC,lingauss1,0.5,28,0.0,0.0,0.0
GC1,lingauss1,0.5,29,1.0,0.0,1.0
GC2,lingauss1,0.5,29,1.0,0.0,1.0
PC,lingauss1,0.5,29,0.0,0.222222,-0.222222
GC1,lingauss1,0.5,30,1.0,0.0,1.0
GC2,lingauss1,0.5,30,1.0,0.0,1.0
PC,lingauss1,0.5,30,0.0,0.0,0.0
GC1,lingauss1,0.5,31,1.0,0.0,1.0
GC2,lingauss1,0.5,31,1.0,0.0,1.0
PC,lingauss1,0.5,31,0.0,0.0,0.0
GC1,lingauss1,0.5,32,1.0,0.0,1.0
GC2,lingauss1,0.5,32,0.666667,0.111111,0.555556
PC,lingauss1,0.5,32,0.0,0.0,0.0
GC1,lingauss1,0.5,33,1.0,0.111111,0.888889
GC2,lingauss1,0.5,33,1.0,0.0,1.0
PC,lingauss1,0.5,33,0.0,0.111111,-0.111111
GC1,lingauss1,0.5,34,1.0,0.0,1.0
GC2,lingauss1,0.5,34,1.0,0.0,1.0
PC,lingauss1,0.5,34,0.0,0.0,0.0
GC1,lingauss1,0.5,35,1.0,0.0,1.0
GC2,lingauss1,0.5,35,1.0,0.0,1.0
PC,lingauss1,0.5,35,0.0,0.0,0.0
GC1,lingauss1,0.5,36,1.0,0.111111,0.888889
GC2,lingauss1,0.5,36,1.0,0.222222,0.777778
PC,lingauss1,0.5,36,0.0,0.0,0.0
GC1,lingauss1,0.5,37,1.0,0.0,1.0
GC2,lingauss1,0.5,37,1.0,0.0,1.0
PC,lingauss1,0.5,37,0.0,0.0,0.0
GC1,lingauss1,0.5,38,1.0,0.0,1.0
GC2,lingauss1,0.5,38,1.0,0.0,1.0
PC,lingauss1,0.5,38,0.0,0.0,0.0
GC1,lingauss1,0.5,39,1.0,0.0,1.0
GC2,lingauss1,0.5,39,1.0,0.111111,0.888889
PC,lingauss1,0.5,39,0.0,0.0,0.0
GC1,lingauss1,0.5,40,1.0,0.0,1.0
GC2,lingauss1,0.5,40,1.0,0.0,1.0
PC,lingauss1,0.5,40,0.0,0.222222,-0.222222
GC1,lingauss1,0.5,41,1.0,0.0,1.0
GC2,lingauss1,0.5,41,1.0,0.0,1.0
PC,lingauss1,0.5,41,0.0,0.0,0.0
GC1,lingauss1,0.5,42,1.0,0.0,1.0
GC2,lingauss1,0.5,42,1.0,0.0,1.0
PC,lingauss1,0.5,42,0.0,0.0,0.0
GC1,lingauss1,0.5,43,1.0,0.0,1.0
GC2,lingauss1,0.5,43,1.0,0.0,1.0
PC,lingauss1,0.5,43,0.0,0.0,0.0
GC1,lingauss1,0.5,44,0.333333,0.222222,0.111111
GC2,lingauss1,0.5,44,0.666667,0.111111,0.555556
PC,lingauss1,0.5,44,0.0,0.222222,-0.222222
GC1,lingauss1,0.5,45,1.0,0.0,1.0
GC2,lingauss1,0.5,45,1.0,0.111111,0.888889
PC,lingauss1,0.5,45,0.0,0.0,0.0
GC1,lingauss1,0.5,46,1.0,0.0,1.0
GC2,lingauss1,0.5,46,1.0,0.0,1.0
PC,lingauss1,0.5,46,0.0,0.0,0.0
GC1,lingauss1,0.5,47,1.0,0.111111,0.888889
GC2,lingauss1,0.5,47,1.0,0.0,1.0
PC,lingauss1,0.5,47,0.0,0.111111,-0.111111
GC1,lingauss1,0.5,48,1.0,0.0,1.0
GC2,lingauss1,0.5,48,1.0,0.0,1.0
PC,lingauss1,0.5,48,0.0,0.0,0.0
GC1,lingauss1,0.5,49,1.0,0.0,1.0
GC2,lingauss1,0.5,49,1.0,0.111111,0.888889
PC,lingauss1,0.5,49,0.0,0.0,0.0
GC1,lingauss1,1.0,0,1.0,0.0,1.0
GC2,lingauss1,1.0,0,1.0,0.0,1.0
PC,lingauss1,1.0,0,0.0,0.0,0.0
GC1,lingauss1,1.0,1,1.0,0.0,1.0
GC2,lingauss1,1.0,1,1.0,0.0,1.0
PC,lingauss1,1.0,1,0.0,0.0,0.0
GC1,lingauss1,1.0,2,1.0,0.111111,0.888889
GC2,lingauss1,1.0,2,1.0,0.0,1.0
PC,lingauss1,1.0,2,0.0,0.111111,-0.111111
GC1,lingauss1,1.0,3,1.0,0.0,1.0
GC2,lingauss1,1.0,3,0.666667,0.111111,0.555556
PC,lingauss1,1.0,3,0.0,0.0,0.0
GC1,lingauss1,1.0,4,1.0,0.0,1.0
GC2,lingauss1,1.0,4,1.0,0.111111,0.888889
PC,lingauss1,1.0,4,0.0,0.0,0.0
GC1,lingauss1,1.0,5,1.0,0.0,1.0
GC2,lingauss1,1.0,5,1.0,0.111111,0.888889
PC,lingauss1,1.0,5,0.0,0.0,0.0
GC1,lingauss1,1.0,6,1.0,0.0,1.0
GC2,lingauss1,1.0,6,1.0,0.0,1.0
PC,lingauss1,1.0,6,0.0,0.0,0.0
GC1,lingauss1,1.0,7,1.0,0.0,1.0
GC2,lingauss1,1.0,7,1.0,0.111111,0.888889
PC,lingauss1,1.0,7,0.0,0.0,0.0
GC1,lingauss1,1.0,8,1.0,0.0,1.0
GC2,lingauss1,1.0,8,1.0,0.0,1.0
PC,lingauss1,1.0,8,0.0,0.0,0.0
GC1,lingauss1,1.0,9,0.666667,0.111111,0.555556
GC2,lingauss1,1.0,9,1.0,0.0,1.0
PC,lingauss1,1.0,9,0.0,0.0,0.0
GC1,lingauss1,1.0,10,1.0,0.0,1.0
GC2,lingauss1,1.0,10,1.0,0.0,1.0
PC,lingauss1,1.0,10,0.0,0.222222,-0.222222
GC1,lingauss1,1.0,11,1.0,0.222222,0.777778
GC2,lingauss1,1.0,11,1.0,0.333333,0.666667
PC,lingauss1,1.0,11,0.0,0.111111,-0.111111
GC1,lingauss1,1.0,12,1.0,0.0,1.0
GC2,lingauss1,1.0,12,1.0,0.0,1.0
PC,lingauss1,1.0,12,0.0,0.0,0.0
GC1,lingauss1,1.0,13,1.0,0.0,1.0
GC2,lingauss1,1.0,13,1.0,0.0,1.0
PC,lingauss1,1.0,13,0.0,0.0,0.0
GC1,lingauss1,1.0,14,1.0,0.0,1.0
GC2,lingauss1,1.0,14,1.0,0.0,1.0
PC,lingauss1,1.0,14,0.0,0.0,0.0
GC1,lingauss1,1.0,15,1.0,0.111111,0.888889
GC2,lingauss1,1.0,15,1.0,0.111111,0.888889
PC,lingauss1,1.0,15,0.0,0.0,0.0
GC1,lingauss1,1.0,16,1.0,0.0,1.0
GC2,lingauss1,1.0,16,1.0,0.0,1.0
PC,lingauss1,1.0,16,0.0,0.0,0.0
GC1,lingauss1,1.0,17,1.0,0.222222,0.777778
GC2,lingauss1,1.0,17,1.0,0.111111,0.888889
PC,lingauss1,1.0,17,0.333333,0.111111,0.222222
GC1,lingauss1,1.0,18,1.0,0.0,1.0
GC2,lingauss1,1.0,18,1.0,0.0,1.0
PC,lingauss1,1.0,18,0.0,0.0,0.0
GC1,lingauss1,1.0,19,0.666667,0.111111,0.555556
GC2,lingauss1,1.0,19,0.666667,0.111111,0.555556
PC,lingauss1,1.0,19,0.0,0.222222,-0.222222
GC1,lingauss1,1.0,20,1.0,0.0,1.0
GC2,lingauss1,1.0,20,1.0,0.0,1.0
PC,lingauss1,1.0,20,0.0,0.0,0.0
GC1,lingauss1,1.0,21,1.0,0.0,1.0
GC2,lingauss1,1.0,21,1.0,0.0,1.0
PC,lingauss1,1.0,21,0.0,0.0,0.0
GC1,lingauss1,1.0,22,1.0,0.0,1.0
GC2,lingauss1,1.0,22,1.0,0.0,1.0
PC,lingauss1,1.0,22,0.0,0.111111,-0.111111
GC1,lingauss1,1.0,23,1.0,0.111111,0.888889
GC2,lingauss1,1.0,23,1.0,0.0,1.0
PC,lingauss1,1.0,23,0.0,0.111111,-0.111111
GC1,lingauss1,1.0,24,1.0,0.0,1.0
GC2,lingauss1,1.0,24,1.0,0.0,1.0
PC,lingauss1,1.0,24,0.0,0.0,0.0
GC1,lingauss1,1.0,25,1.0,0.111111,0.888889
GC2,lingauss1,1.0,25,1.0,0.111111,0.888889
PC,lingauss1,1.0,25,0.0,0.666667,-0.666667
GC1,lingauss1,1.0,26,1.0,0.0,1.0
GC2,lingauss1,1.0,26,1.0,0.0,1.0
PC,lingauss1,1.0,26,0.0,0.111111,-0.111111
GC1,lingauss1,1.0,27,0.0,0.333333,-0.333333
GC2,lingauss1,1.0,27,1.0,0.0,1.0
PC,lingauss1,1.0,27,0.0,0.0,0.0
GC1,lingauss1,1.0,28,1.0,0.0,1.0
GC2,lingauss1,1.0,28,1.0,0.0,1.0
PC,lingauss1,1.0,28,0.0,0.0,0.0
GC1,lingauss1,1.0,29,1.0,0.0,1.0
GC2,lingauss1,1.0,29,1.0,0.0,1.0
PC,lingauss1,1.0,29,0.0,0.222222,-0.222222
GC1,lingauss1,1.0,30,1.0,0.0,1.0
GC2,lingauss1,1.0,30,1.0,0.0,1.0
PC,lingauss1,1.0,30,0.0,0.0,0.0
GC1,lingauss1,1.0,31,1.0,0.0,1.0
GC2,lingauss1,1.0,31,1.0,0.0,1.0
PC,lingauss1,1.0,31,0.0,0.0,0.0
GC1,lingauss1,1.0,32,1.0,0.0,1.0
GC2,lingauss1,1.0,32,0.666667,0.111111,0.555556
PC,lingauss1,1.0,32,0.0,0.0,0.0
GC1,lingauss1,1.0,33,1.0,0.111111,0.888889
GC2,lingauss1,1.0,33,1.0,0.0,1.0
PC,lingauss1,1.0,33,0.0,0.111111,-0.111111
GC1,lingauss1,1.0,34,1.0,0.0,1.0
GC2,lingauss1,1.0,34,1.0,0.0,1.0
PC,lingauss1,1.0,34,0.0,0.0,0.0
GC1,lingauss1,1.0,35,1.0,0.111111,0.888889
GC2,lingauss1,1.0,35,1.0,0.111111,0.888889
PC,lingauss1,1.0,35,0.0,0.0,0.0
GC1,lingauss1,1.0,36,1.0,0.111111,0.888889
GC2,lingauss1,1.0,36,1.0,0.222222,0.777778
PC,lingauss1,1.0,36,0.0,0.0,0.0
GC1,lingauss1,1.0,37,1.0,0.0,1.0
GC2,lingauss1,1.0,37,1.0,0.0,1.0
PC,lingauss1,1.0,37,0.0,0.0,0.0
GC1,lingauss1,1.0,38,1.0,0.0,1.0
GC2,lingauss1,1.0,38,1.0,0.0,1.0
PC,lingauss1,1.0,38,0.0,0.0,0.0
GC1,lingauss1,1.0,39,1.0,0.0,1.0
GC2,lingauss1,1.0,39,1.0,0.111111,0.888889
PC,lingauss1,1.0,39,0.0,0.0,0.0
GC1,lingauss1,1.0,40,1.0,0.0,1.0
GC2,lingauss1,1.0,40,1.0,0.0,1.0
PC,lingauss1,1.0,40,0.0,0.222222,-0.222222
GC1,lingauss1,1.0,41,1.0,0.0,1.0
GC2,lingauss1,1.0,41,1.0,0.0,1.0
PC,lingauss1,1.0,41,0.0,0.0,0.0
GC1,lingauss1,1.0,42,1.0,0.0,1.0
GC2,lingauss1,1.0,42,1.0,0.0,1.0
PC,lingauss1,1.0,42,0.0,0.0,0.0
GC1,lingauss1,1.0,43,1.0,0.0,1.0
GC2,lingauss1,1.0,43,1.0,0.0,1.0
PC,lingauss1,1.0,43,0.0,0.0,0.0
GC1,lingauss1,1.0,44,0.333333,0.222222,0.111111
GC2,lingauss1,1.0,44,0.666667,0.111111,0.555556
PC,lingauss1,1.0,44,0.0,0.222222,-0.222222
GC1,lingauss1,1.0,45,1.0,0.0,1.0
GC2,lingauss1,1.0,45,1.0,0.111111,0.888889
PC,lingauss1,1.0,45,0.0,0.0,0.0
GC1,lingauss1,1.0,46,1.0,0.0,1.0
GC2,lingauss1,1.0,46,1.0,0.0,1.0
PC,lingauss1,1.0,46,0.0,0.0,0.0
GC1,lingauss1,1.0,47,1.0,0.111111,0.888889
GC2,lingauss1,1.0,47,1.0,0.0,1.0
PC,lingauss1,1.0,47,0.0,0.111111,-0.111111
GC1,lingauss1,1.0,48,1.0,0.0,1.0
GC2,lingauss1,1.0,48,1.0,0.0,1.0
PC,lingauss1,1.0,48,0.0,0.222222,-0.222222
GC1,lingauss1,1.0,49,1.0,0.0,1.0
GC2,lingauss1,1.0,49,1.0,0.0,1.0
PC,lingauss1,1.0,49,0.0,0.0,0.0
GC1,lingauss1,1.5,0,1.0,0.0,1.0
GC2,lingauss1,1.5,0,1.0,0.0,1.0
PC,lingauss1,1.5,0,0.0,0.0,0.0
GC1,lingauss1,1.5,1,1.0,0.0,1.0
GC2,lingauss1,1.5,1,1.0,0.0,1.0
PC,lingauss1,1.5,1,0.0,0.0,0.0
GC1,lingauss1,1.5,2,1.0,0.111111,0.888889
GC2,lingauss1,1.5,2,1.0,0.0,1.0
PC,lingauss1,1.5,2,0.0,0.111111,-0.111111
GC1,lingauss1,1.5,3,1.0,0.0,1.0
GC2,lingauss1,1.5,3,0.666667,0.111111,0.555556
PC,lingauss1,1.5,3,0.0,0.0,0.0
GC1,lingauss1,1.5,4,1.0,0.0,1.0
GC2,lingauss1,1.5,4,1.0,0.111111,0.888889
PC,lingauss1,1.5,4,0.0,0.0,0.0
GC1,lingauss1,1.5,5,1.0,0.0,1.0
GC2,lingauss1,1.5,5,1.0,0.111111,0.888889
PC,lingauss1,1.5,5,0.0,0.0,0.0
GC1,lingauss1,1.5,6,1.0,0.0,1.0
GC2,lingauss1,1.5,6,1.0,0.0,1.0
PC,lingauss1,1.5,6,0.0,0.0,0.0
GC1,lingauss1,1.5,7,1.0,0.0,1.0
GC2,lingauss1,1.5,7,1.0,0.111111,0.888889
PC,lingauss1,1.5,7,0.0,0.0,0.0
GC1,lingauss1,1.5,8,1.0,0.0,1.0
GC2,lingauss1,1.5,8,1.0,0.0,1.0
PC,lingauss1,1.5,8,0.0,0.0,0.0
GC1,lingauss1,1.5,9,0.333333,0.222222,0.111111
GC2,lingauss1,1.5,9,1.0,0.0,1.0
PC,lingauss1,1.5,9,0.0,0.0,0.0
GC1,lingauss1,1.5,10,1.0,0.0,1.0
GC2,lingauss1,1.5,10,1.0,0.0,1.0
PC,lingauss1,1.5,10,0.0,0.222222,-0.222222
GC1,lingauss1,1.5,11,1.0,0.222222,0.777778
GC2,lingauss1,1.5,11,1.0,0.333333,0.666667
PC,lingauss1,1.5,11,0.0,0.111111,-0.111111
GC1,lingauss1,1.5,12,1.0,0.0,1.0
GC2,lingauss1,1.5,12,1.0,0.0,1.0
PC,lingauss1,1.5,12,0.0,0.0,0.0
GC1,lingauss1,1.5,13,1.0,0.0,1.0
GC2,lingauss1,1.5,13,1.0,0.0,1.0
PC,lingauss1,1.5,13,0.0,0.0,0.0
GC1,lingauss1,1.5,14,1.0,0.0,1.0
GC2,lingauss1,1.5,14,1.0,0.0,1.0
PC,lingauss1,1.5,14,0.0,0.0,0.0
GC1,lingauss1,1.5,15,1.0,0.111111,0.888889
GC2,lingauss1,1.5,15,1.0,0.111111,0.888889
PC,lingauss1,1.5,15,0.0,0.0,0.0
GC1,lingauss1,1.5,16,1.0,0.0,1.0
GC2,lingauss1,1.5,16,1.0,0.0,1.0
PC,lingauss1,1.5,16,0.0,0.0,0.0
GC1,lingauss1,1.5,17,1.0,0.222222,0.777778
GC2,lingauss1,1.5,17,1.0,0.111111,0.888889
PC,lingauss1,1.5,17,0.333333,0.111111,0.222222
GC1,lingauss1,1.5,18,1.0,0.0,1.0
GC2,lingauss1,1.5,18,1.0,0.0,1.0
PC,lingauss1,1.5,18,0.0,0.0,0.0
GC1,lingauss1,1.5,19,0.666667,0.111111,0.555556
GC2,lingauss1,1.5,19,0.666667,0.111111,0.555556
PC,lingauss1,1.5,19,0.0,0.222222,-0.222222
GC1,lingauss1,1.5,20,1.0,0.0,1.0
GC2,lingauss1,1.5,20,1.0,0.0,1.0
PC,lingauss1,1.5,20,0.0,0.0,0.0
GC1,lingauss1,1.5,21,1.0,0.0,1.0
GC2,lingauss1,1.5,21,1.0,0.0,1.0
PC,lingauss1,1.5,21,0.0,0.0,0.0
GC1,lingauss1,1.5,22,1.0,0.0,1.0
GC2,lingauss1,1.5,22,1.0,0.0,1.0
PC,lingauss1,1.5,22,0.0,0.111111,-0.111111
GC1,lingauss1,1.5,23,1.0,0.222222,0.777778
GC2,lingauss1,1.5,23,1.0,0.0,1.0
PC,lingauss1,1.5,23,0.0,0.111111,-0.111111
GC1,lingauss1,1.5,24,1.0,0.0,1.0
GC2,lingauss1,1.5,24,1.0,0.0,1.0
PC,lingauss1,1.5,24,0.0,0.0,0.0
GC1,lingauss1,1.5,25,1.0,0.111111,0.888889
GC2,lingauss1,1.5,25,1.0,0.111111,0.888889
PC,lingauss1,1.5,25,0.0,0.666667,-0.666667
GC1,lingauss1,1.5,26,1.0,0.0,1.0
GC2,lingauss1,1.5,26,1.0,0.0,1.0
PC,lingauss1,1.5,26,0.0,0.111111,-0.111111
GC1,lingauss1,1.5,27,0.0,0.333333,-0.333333
GC2,lingauss1,1.5,27,1.0,0.0,1.0
PC,lingauss1,1.5,27,0.0,0.0,0.0
GC1,lingauss1,1.5,28,1.0,0.0,1.0
GC2,lingauss1,1.5,28,1.0,0.0,1.0
PC,lingauss1,1.5,28,0.0,0.0,0.0
GC1,lingauss1,1.5,29,1.0,0.0,1.0
GC2,lingauss1,1.5,29,1.0,0.0,1.0
PC,lingauss1,1.5,29,0.0,0.222222,-0.222222
GC1,lingauss1,1.5,30,1.0,0.0,1.0
GC2,lingauss1,1.5,30,1.0,0.0,1.0
PC,lingauss1,1.5,30,0.0,0.0,0.0
GC1,lingauss1,1.5,31,1.0,0.0,1.0
GC2,lingauss1,1.5,31,1.0,0.0,1.0
PC,lingauss1,1.5,31,0.0,0.0,0.0
GC1,lingauss1,1.5,32,1.0,0.0,1.0
GC2,lingauss1,1.5,32,0.666667,0.111111,0.555556
PC,lingauss1,1.5,32,0.0,0.0,0.0
GC1,lingauss1,1.5,33,1.0,0.111111,0.888889
GC2,lingauss1,1.5,33,1.0,0.0,1.0
PC,lingauss1,1.5,33,0.0,0.111111,-0.111111
GC1,lingauss1,1.5,34,1.0,0.0,1.0
GC2,lingauss1,1.5,34,1.0,0.0,1.0
PC,lingauss1,1.5,34,0.0,0.0,0.0
GC1,lingauss1,1.5,35,1.0,0.111111,0.888889
GC2,lingauss1,1.5,35,1.0,0.111111,0.888889
PC,lingauss1,1.5,35,0.0,0.0,0.0
GC1,lingauss1,1.5,36,1.0,0.111111,0.888889
GC2,lingauss1,1.5,36,1.0,0.222222,0.777778
PC,lingauss1,1.5,36,0.0,0.0,0.0
GC1,lingauss1,1.5,37,1.0,0.0,1.0
GC2,lingauss1,1.5,37,1.0,0.0,1.0
PC,lingauss1,1.5,37,0.0,0.0,0.0
GC1,lingauss1,1.5,38,1.0,0.0,1.0
GC2,lingauss1,1.5,38,1.0,0.0,1.0
PC,lingauss1,1.5,38,0.0,0.0,0.0
GC1,lingauss1,1.5,39,1.0,0.0,1.0
GC2,lingauss1,1.5,39,1.0,0.111111,0.888889
PC,lingauss1,1.5,39,0.0,0.0,0.0
GC1,lingauss1,1.5,40,1.0,0.0,1.0
GC2,lingauss1,1.5,40,1.0,0.0,1.0
PC,lingauss1,1.5,40,0.0,0.222222,-0.222222
GC1,lingauss1,1.5,41,1.0,0.0,1.0
GC2,lingauss1,1.5,41,1.0,0.0,1.0
PC,lingauss1,1.5,41,0.0,0.0,0.0
GC1,lingauss1,1.5,42,1.0,0.0,1.0
GC2,lingauss1,1.5,42,1.0,0.0,1.0
PC,lingauss1,1.5,42,0.0,0.0,0.0
GC1,lingauss1,1.5,43,1.0,0.0,1.0
GC2,lingauss1,1.5,43,1.0,0.0,1.0
PC,lingauss1,1.5,43,0.0,0.0,0.0
GC1,lingauss1,1.5,44,0.333333,0.222222,0.111111
GC2,lingauss1,1.5,44,0.666667,0.111111,0.555556
PC,lingauss1,1.5,44,0.0,0.222222,-0.222222
GC1,lingauss1,1.5,45,1.0,0.0,1.0
GC2,lingauss1,1.5,45,1.0,0.111111,0.888889
PC,lingauss1,1.5,45,0.0,0.0,0.0
GC1,lingauss1,1.5,46,1.0,0.0,1.0
GC2,lingauss1,1.5,46,1.0,0.0,1.0
PC,lingauss1,1.5,46,0.0,0.0,0.0
GC1,lingauss1,1.5,47,1.0,0.111111,0.888889
GC2,lingauss1,1.5,47,1.0,0.0,1.0
PC,lingauss1,1.5,47,0.0,0.111111,-0.111111
GC1,lingauss1,1.5,48,1.0,0.0,1.0
GC2,lingauss1,1.5,48,1.0,0.0,1.0
PC,lingauss1,1.5,48,0.0,0.222222,-0.222222
GC1,lingauss1,1.5,49,1.0,0.0,1.0
GC2,lingauss1,1.5,49,1.0,0.0,1.0
PC,lingauss1,1.5,49,0.0,0.0,0.0
GC1,lingauss1,2.0,0,1.0,0.0,1.0
GC2,lingauss1,2.0,0,1.0,0.0,1.0
PC,lingauss1,2.0,0,0.0,0.0,0.0
GC1,lingauss1,2.0,1,1.0,0.0,1.0
GC2,lingauss1,2.0,1,1.0,0.0,1.0
PC,lingauss1,2.0,1,0.0,0.0,0.0
GC1,lingauss1,2.0,2,1.0,0.111111,0.888889
GC2,lingauss1,2.0,2,1.0,0.0,1.0
PC,lingauss1,2.0,2,0.0,0.111111,-0.111111
GC1,lingauss1,2.0,3,1.0,0.0,1.0
GC2,lingauss1,2.0,3,0.666667,0.111111,0.555556
PC,lingauss1,2.0,3,0.0,0.0,0.0
GC1,lingauss1,2.0,4,1.0,0.0,1.0
GC2,lingauss1,2.0,4,1.0,0.111111,0.888889
PC,lingauss1,2.0,4,0.0,0.0,0.0
GC1,lingauss1,2.0,5,1.0,0.0,1.0
GC2,lingauss1,2.0,5,1.0,0.111111,0.888889
PC,lingauss1,2.0,5,0.0,0.0,0.0
GC1,lingauss1,2.0,6,1.0,0.0,1.0
GC2,lingauss1,2.0,6,1.0,0.0,1.0
PC,lingauss1,2.0,6,0.0,0.0,0.0
GC1,lingauss1,2.0,7,1.0,0.0,1.0
GC2,lingauss1,2.0,7,1.0,0.111111,0.888889
PC,lingauss1,2.0,7,0.0,0.0,0.0
GC1,lingauss1,2.0,8,1.0,0.0,1.0
GC2,lingauss1,2.0,8,1.0,0.0,1.0
PC,lingauss1,2.0,8,0.0,0.0,0.0
GC1,lingauss1,2.0,9,0.333333,0.222222,0.111111
GC2,lingauss1,2.0,9,1.0,0.0,1.0
PC,lingauss1,2.0,9,0.0,0.0,0.0
GC1,lingauss1,2.0,10,1.0,0.0,1.0
GC2,lingauss1,2.0,10,1.0,0.0,1.0
PC,lingauss1,2.0,10,0.0,0.222222,-0.222222
GC1,lingauss1,2.0,11,1.0,0.222222,0.777778
GC2,lingauss1,2.0,11,1.0,0.333333,0.666667
PC,lingauss1,2.0,11,0.0,0.111111,-0.111111
GC1,lingauss1,2.0,12,1.0,0.0,1.0
GC2,lingauss1,2.0,12,1.0,0.0,1.0
PC,lingauss1,2.0,12,0.0,0.0,0.0
GC1,lingauss1,2.0,13,1.0,0.0,1.0
GC2,lingauss1,2.0,13,1.0,0.0,1.0
PC,lingauss1,2.0,13,0.0,0.0,0.0
GC1,lingauss1,2.0,14,1.0,0.0,1.0
GC2,lingauss1,2.0,14,1.0,0.0,1.0
PC,lingauss1,2.0,14,0.0,0.0,0.0
GC1,lingauss1,2.0,15,1.0,0.111111,0.888889
GC2,lingauss1,2.0,15,1.0,0.111111,0.888889
PC,lingauss1,2.0,15,0.0,0.0,0.0
GC1,lingauss1,2.0,16,1.0,0.0,1.0
GC2,lingauss1,2.0,16,1.0,0.0,1.0
PC,lingauss1,2.0,16,0.0,0.0,0.0
GC1,lingauss1,2.0,17,1.0,0.222222,0.777778
GC2,lingauss1,2.0,17,1.0,0.111111,0.888889
PC,lingauss1,2.0,17,0.333333,0.111111,0.222222
GC1,lingauss1,2.0,18,1.0,0.0,1.0
GC2,lingauss1,2.0,18,1.0,0.0,1.0
PC,lingauss1,2.0,18,0.0,0.0,0.0
GC1,lingauss1,2.0,19,0.666667,0.111111,0.555556
GC2,lingauss1,2.0,19,0.666667,0.111111,0.555556
PC,lingauss1,2.0,19,0.0,0.222222,-0.222222
GC1,lingauss1,2.0,20,1.0,0.0,1.0
GC2,lingauss1,2.0,20,1.0,0.0,1.0
PC,lingauss1,2.0,20,0.0,0.0,0.0
GC1,lingauss1,2.0,21,1.0,0.0,1.0
GC2,lingauss1,2.0,21,1.0,0.0,1.0
PC,lingauss1,2.0,21,0.0,0.0,0.0
GC1,lingauss1,2.0,22,1.0,0.0,1.0
GC2,lingauss1,2.0,22,1.0,0.0,1.0
PC,lingauss1,2.0,22,0.0,0.111111,-0.111111
GC1,lingauss1,2.0,23,1.0,0.222222,0.777778
GC2,lingauss1,2.0,23,1.0,0.0,1.0
PC,lingauss1,2.0,23,0.0,0.111111,-0.111111
GC1,lingauss1,2.0,24,1.0,0.0,1.0
GC2,lingauss1,2.0,24,1.0,0.0,1.0
PC,lingauss1,2.0,24,0.0,0.0,0.0
GC1,lingauss1,2.0,25,1.0,0.111111,0.888889
GC2,lingauss1,2.0,25,1.0,0.111111,0.888889
PC,lingauss1,2.0,25,0.333333,0.333333,0.0
GC1,lingauss1,2.0,26,1.0,0.0,1.0
GC2,lingauss1,2.0,26,1.0,0.0,1.0
PC,lingauss1,2.0,26,0.0,0.111111,-0.111111
GC1,lingauss1,2.0,27,0.0,0.333333,-0.333333
GC2,lingauss1,2.0,27,1.0,0.0,1.0
PC,lingauss1,2.0,27,0.0,0.0,0.0
GC1,lingauss1,2.0,28,1.0,0.0,1.0
GC2,lingauss1,2.0,28,1.0,0.0,1.0
PC,lingauss1,2.0,28,0.0,0.0,0.0
GC1,lingauss1,2.0,29,1.0,0.0,1.0
GC2,lingauss1,2.0,29,1.0,0.0,1.0
PC,lingauss1,2.0,29,0.0,0.222222,-0.222222
GC1,lingauss1,2.0,30,1.0,0.0,1.0
GC2,lingauss1,2.0,30,1.0,0.0,1.0
PC,lingauss1,2.0,30,0.0,0.0,0.0
GC1,lingauss1,2.0,31,1.0,0.0,1.0
GC2,lingauss1,2.0,31,1.0,0.0,1.0
PC,lingauss1,2.0,31,0.0,0.0,0.0
GC1,lingauss1,2.0,32,1.0,0.0,1.0
GC2,lingauss1,2.0,32,0.666667,0.111111,0.555556
PC,lingauss1,2.0,32,0.0,0.0,0.0
GC1,lingauss1,2.0,33,1.0,0.111111,0.888889
GC2,lingauss1,2.0,33,1.0,0.0,1.0
PC,lingauss1,2.0,33,0.0,0.111111,-0.111111
GC1,lingauss1,2.0,34,1.0,0.0,1.0
GC2,lingauss1,2.0,34,1.0,0.0,1.0
PC,lingauss1,2.0,34,0.0,0.0,0.0
GC1,lingauss1,2.0,35,1.0,0.111111,0.888889
GC2,lingauss1,2.0,35,1.0,0.111111,0.888889
PC,lingauss1,2.0,35,0.0,0.0,0.0
GC1,lingauss1,2.0,36,1.0,0.111111,0.888889
GC2,lingauss1,2.0,36,1.0,0.222222,0.777778
PC,lingauss1,2.0,36,0.0,0.0,0.0
GC1,lingauss1,2.0,37,1.0,0.0,1.0
GC2,lingauss1,2.0,37,1.0,0.0,1.0
PC,lingauss1,2.0,37,0.0,0.0,0.0
GC1,lingauss1,2.0,38,1.0,0.0,1.0
GC2,lingauss1,2.0,38,1.0,0.0,1.0
PC,lingauss1,2.0,38,0.0,0.0,0.0
GC1,lingauss1,2.0,39,1.0,0.0,1.0
GC2,lingauss1,2.0,39,1.0,0.111111,0.888889
PC,lingauss1,2.0,39,0.0,0.0,0.0
GC1,lingauss1,2.0,40,1.0,0.0,1.0
GC2,lingauss1,2.0,40,1.0,0.0,1.0
PC,lingauss1,2.0,40,0.0,0.222222,-0.222222
GC1,lingauss1,2.0,41,1.0,0.0,1.0
GC2,lingauss1,2.0,41,1.0,0.0,1.0
PC,lingauss1,2.0,41,0.0,0.0,0.0
GC1,lingauss1,2.0,42,1.0,0.0,1.0
GC2,lingauss1,2.0,42,1.0,0.0,1.0
PC,lingauss1,2.0,42,0.0,0.0,0.0
GC1,lingauss1,2.0,43,1.0,0.0,1.0
GC2,lingauss1,2.0,43,1.0,0.0,1.0
PC,lingauss1,2.0,43,0.0,0.0,0.0
GC1,lingauss1,2.0,44,0.333333,0.222222,0.111111
GC2,lingauss1,2.0,44,0.666667,0.111111,0.555556
PC,lingauss1,2.0,44,0.0,0.222222,-0.222222
GC1,lingauss1,2.0,45,1.0,0.0,1.0
GC2,lingauss1,2.0,45,1.0,0.111111,0.888889
PC,lingauss1,2.0,45,0.0,0.0,0.0
GC1,lingauss1,2.0,46,1.0,0.0,1.0
GC2,lingauss1,2.0,46,1.0,0.0,1.0
PC,lingauss1,2.0,46,0.0,0.0,0.0
GC1,lingauss1,2.0,47,1.0,0.111111,0.888889
GC2,lingauss1,2.0,47,1.0,0.0,1.0
PC,lingauss1,2.0,47,0.0,0.111111,-0.111111
GC1,lingauss1,2.0,48,1.0,0.0,1.0
GC2,lingauss1,2.0,48,1.0,0.0,1.0
PC,lingauss1,2.0,48,0.0,0.222222,-0.222222
GC1,lingauss1,2.0,49,1.0,0.0,1.0
GC2,lingauss1,2.0,49,1.0,0.0,1.0
PC,lingauss1,2.0,49,0.0,0.0,0.0
GC1,lingauss1,2.5,0,1.0,0.0,1.0
GC2,lingauss1,2.5,0,1.0,0.0,1.0
PC,lingauss1,2.5,0,0.0,0.0,0.0
GC1,lingauss1,2.5,1,1.0,0.0,1.0
GC2,lingauss1,2.5,1,1.0,0.0,1.0
PC,lingauss1,2.5,1,0.0,0.0,0.0
GC1,lingauss1,2.5,2,1.0,0.111111,0.888889
GC2,lingauss1,2.5,2,1.0,0.0,1.0
PC,lingauss1,2.5,2,0.0,0.111111,-0.111111
GC1,lingauss1,2.5,3,1.0,0.0,1.0
GC2,lingauss1,2.5,3,0.666667,0.111111,0.555556
PC,lingauss1,2.5,3,0.0,0.0,0.0
GC1,lingauss1,2.5,4,1.0,0.0,1.0
GC2,lingauss1,2.5,4,1.0,0.111111,0.888889
PC,lingauss1,2.5,4,0.0,0.0,0.0
GC1,lingauss1,2.5,5,1.0,0.0,1.0
GC2,lingauss1,2.5,5,1.0,0.111111,0.888889
PC,lingauss1,2.5,5,0.0,0.0,0.0
GC1,lingauss1,2.5,6,1.0,0.0,1.0
GC2,lingauss1,2.5,6,1.0,0.0,1.0
PC,lingauss1,2.5,6,0.0,0.0,0.0
GC1,lingauss1,2.5,7,1.0,0.0,1.0
GC2,lingauss1,2.5,7,1.0,0.111111,0.888889
PC,lingauss1,2.5,7,0.0,0.0,0.0
GC1,lingauss1,2.5,8,1.0,0.0,1.0
GC2,lingauss1,2.5,8,1.0,0.0,1.0
PC,lingauss1,2.5,8,0.0,0.0,0.0
GC1,lingauss1,2.5,9,0.333333,0.222222,0.111111
GC2,lingauss1,2.5,9,1.0,0.0,1.0
PC,lingauss1,2.5,9,0.0,0.0,0.0
GC1,lingauss1,2.5,10,1.0,0.0,1.0
GC2,lingauss1,2.5,10,1.0,0.0,1.0
PC,lingauss1,2.5,10,0.0,0.222222,-0.222222
GC1,lingauss1,2.5,11,1.0,0.222222,0.777778
GC2,lingauss1,2.5,11,1.0,0.333333,0.666667
PC,lingauss1,2.5,11,0.0,0.111111,-0.111111
GC1,lingauss1,2.5,12,1.0,0.0,1.0
GC2,lingauss1,2.5,12,1.0,0.0,1.0
PC,lingauss1,2.5,12,0.0,0.0,0.0
GC1,lingauss1,2.5,13,1.0,0.0,1.0
GC2,lingauss1,2.5,13,1.0,0.0,1.0
PC,lingauss1,2.5,13,0.0,0.0,0.0
GC1,lingauss1,2.5,14,1.0,0.0,1.0
GC2,lingauss1,2.5,14,1.0,0.0,1.0
PC,lingauss1,2.5,14,0.0,0.0,0.0
GC1,lingauss1,2.5,15,1.0,0.111111,0.888889
GC2,lingauss1,2.5,15,1.0,0.111111,0.888889
PC,lingauss1,2.5,15,0.0,0.0,0.0
GC1,lingauss1,2.5,16,1.0,0.0,1.0
GC2,lingauss1,2.5,16,1.0,0.0,1.0
PC,lingauss1,2.5,16,0.0,0.0,0.0
GC1,lingauss1,2.5,17,1.0,0.222222,0.777778
GC2,lingauss1,2.5,17,1.0,0.111111,0.888889
PC,lingauss1,2.5,17,0.333333,0.111111,0.222222
GC1,lingauss1,2.5,18,1.0,0.0,1.0
GC2,lingauss1,2.5,18,1.0,0.0,1.0
PC,lingauss1,2.5,18,0.0,0.0,0.0
GC1,lingauss1,2.5,19,0.666667,0.111111,0.555556
GC2,lingauss1,2.5,19,0.666667,0.111111,0.555556
PC,lingauss1,2.5,19,0.0,0.222222,-0.222222
GC1,lingauss1,2.5,20,1.0,0.0,1.0
GC2,lingauss1,2.5,20,1.0,0.0,1.0
PC,lingauss1,2.5,20,0.0,0.0,0.0
GC1,lingauss1,2.5,21,1.0,0.0,1.0
GC2,lingauss1,2.5,21,1.0,0.0,1.0
PC,lingauss1,2.5,21,0.0,0.0,0.0
GC1,lingauss1,2.5,22,1.0,0.0,1.0
GC2,lingauss1,2.5,22,1.0,0.0,1.0
PC,lingauss1,2.5,22,0.0,0.111111,-0.111111
GC1,lingauss1,2.5,23,1.0,0.222222,0.777778
GC2,lingauss1,2.5,23,1.0,0.0,1.0
PC,lingauss1,2.5,23,0.0,0.111111,-0.111111
GC1,lingauss1,2.5,24,1.0,0.0,1.0
GC2,lingauss1,2.5,24,1.0,0.0,1.0
PC,lingauss1,2.5,24,0.0,0.0,0.0
GC1,lingauss1,2.5,25,1.0,0.111111,0.888889
GC2,lingauss1,2.5,25,1.0,0.111111,0.888889
PC,lingauss1,2.5,25,0.333333,0.333333,0.0
GC1,lingauss1,2.5,26,1.0,0.0,1.0
GC2,lingauss1,2.5,26,1.0,0.0,1.0
PC,lingauss1,2.5,26,0.0,0.111111,-0.111111
GC1,lingauss1,2.5,27,0.0,0.333333,-0.333333
GC2,lingauss1,2.5,27,1.0,0.0,1.0
PC,lingauss1,2.5,27,0.0,0.0,0.0
GC1,lingauss1,2.5,28,1.0,0.0,1.0
GC2,lingauss1,2.5,28,1.0,0.0,1.0
PC,lingauss1,2.5,28,0.0,0.0,0.0
GC1,lingauss1,2.5,29,1.0,0.0,1.0
GC2,lingauss1,2.5,29,1.0,0.0,1.0
PC,lingauss1,2.5,29,0.0,0.222222,-0.222222
GC1,lingauss1,2.5,30,1.0,0.0,1.0
GC2,lingauss1,2.5,30,1.0,0.0,1.0
PC,lingauss1,2.5,30,0.0,0.0,0.0
GC1,lingauss1,2.5,31,1.0,0.0,1.0
GC2,lingauss1,2.5,31,1.0,0.0,1.0
PC,lingauss1,2.5,31,0.0,0.0,0.0
GC1,lingauss1,2.5,32,1.0,0.0,1.0
GC2,lingauss1,2.5,32,0.666667,0.111111,0.555556
PC,lingauss1,2.5,32,0.0,0.0,0.0
GC1,lingauss1,2.5,33,1.0,0.111111,0.888889
GC2,lingauss1,2.5,33,1.0,0.0,1.0
PC,lingauss1,2.5,33,0.0,0.111111,-0.111111
GC1,lingauss1,2.5,34,1.0,0.0,1.0
GC2,lingauss1,2.5,34,1.0,0.0,1.0
PC,lingauss1,2.5,34,0.0,0.0,0.0
GC1,lingauss1,2.5,35,1.0,0.111111,0.888889
GC2,lingauss1,2.5,35,1.0,0.111111,0.888889
PC,lingauss1,2.5,35,0.0,0.0,0.0
GC1,lingauss1,2.5,36,1.0,0.111111,0.888889
GC2,lingauss1,2.5,36,1.0,0.222222,0.777778
PC,lingauss1,2.5,36,0.0,0.0,0.0
GC1,lingauss1,2.5,37,1.0,0.0,1.0
GC2,lingauss1,2.5,37,1.0,0.0,1.0
PC,lingauss1,2.5,37,0.0,0.0,0.0
GC1,lingauss1,2.5,38,1.0,0.0,1.0
GC2,lingauss1,2.5,38,1.0,0.0,1.0
PC,lingauss1,2.5,38,0.0,0.0,0.0
GC1,lingauss1,2.5,39,1.0,0.0,1.0
GC2,lingauss1,2.5,39,1.0,0.0,1.0
PC,lingauss1,2.5,39,0.0,0.0,0.0
GC1,lingauss1,2.5,40,1.0,0.0,1.0
GC2,lingauss1,2.5,40,1.0,0.0,1.0
PC,lingauss1,2.5,40,0.0,0.222222,-0.222222
GC1,lingauss1,2.5,41,1.0,0.0,1.0
GC2,lingauss1,2.5,41,1.0,0.0,1.0
PC,lingauss1,2.5,41,0.0,0.0,0.0
GC1,lingauss1,2.5,42,1.0,0.0,1.0
GC2,lingauss1,2.5,42,1.0,0.0,1.0
PC,lingauss1,2.5,42,0.0,0.0,0.0
GC1,lingauss1,2.5,43,1.0,0.0,1.0
GC2,lingauss1,2.5,43,1.0,0.0,1.0
PC,lingauss1,2.5,43,0.0,0.0,0.0
GC1,lingauss1,2.5,44,0.333333,0.222222,0.111111
GC2,lingauss1,2.5,44,0.666667,0.111111,0.555556
PC,lingauss1,2.5,44,0.0,0.222222,-0.222222
GC1,lingauss1,2.5,45,1.0,0.0,1.0
GC2,lingauss1,2.5,45,1.0,0.111111,0.888889
PC,lingauss1,2.5,45,0.0,0.0,0.0
GC1,lingauss1,2.5,46,1.0,0.0,1.0
GC2,lingauss1,2.5,46,1.0,0.0,1.0
PC,lingauss1,2.5,46,0.0,0.0,0.0
GC1,lingauss1,2.5,47,1.0,0.111111,0.888889
GC2,lingauss1,2.5,47,1.0,0.0,1.0
PC,lingauss1,2.5,47,0.0,0.111111,-0.111111
GC1,lingauss1,2.5,48,1.0,0.0,1.0
GC2,lingauss1,2.5,48,1.0,0.0,1.0
PC,lingauss1,2.5,48,0.0,0.222222,-0.222222
GC1,lingauss1,2.5,49,1.0,0.0,1.0
GC2,lingauss1,2.5,49,1.0,0.0,1.0
PC,lingauss1,2.5,49,0.0,0.0,0.0
GC1,lingauss1,3.0,0,1.0,0.0,1.0
GC2,lingauss1,3.0,0,1.0,0.0,1.0
PC,lingauss1,3.0,0,0.0,0.0,0.0
GC1,lingauss1,3.0,1,1.0,0.0,1.0
GC2,lingauss1,3.0,1,1.0,0.0,1.0
PC,lingauss1,3.0,1,0.0,0.0,0.0
GC1,lingauss1,3.0,2,1.0,0.111111,0.888889
GC2,lingauss1,3.0,2,1.0,0.0,1.0
PC,lingauss1,3.0,2,0.0,0.111111,-0.111111
GC1,lingauss1,3.0,3,1.0,0.0,1.0
GC2,lingauss1,3.0,3,0.666667,0.111111,0.555556
PC,lingauss1,3.0,3,0.0,0.0,0.0
GC1,lingauss1,3.0,4,1.0,0.0,1.0
GC2,lingauss1,3.0,4,1.0,0.111111,0.888889
PC,lingauss1,3.0,4,0.0,0.0,0.0
GC1,lingauss1,3.0,5,1.0,0.0,1.0
GC2,lingauss1,3.0,5,1.0,0.111111,0.888889
PC,lingauss1,3.0,5,0.0,0.0,0.0
GC1,lingauss1,3.0,6,1.0,0.0,1.0
GC2,lingauss1,3.0,6,1.0,0.0,1.0
PC,lingauss1,3.0,6,0.0,0.0,0.0
GC1,lingauss1,3.0,7,1.0,0.0,1.0
GC2,lingauss1,3.0,7,1.0,0.111111,0.888889
PC,lingauss1,3.0,7,0.0,0.0,0.0
GC1,lingauss1,3.0,8,1.0,0.0,1.0
GC2,lingauss1,3.0,8,1.0,0.0,1.0
PC,lingauss1,3.0,8,0.0,0.0,0.0
GC1,lingauss1,3.0,9,0.333333,0.222222,0.111111
GC2,lingauss1,3.0,9,1.0,0.0,1.0
PC,lingauss1,3.0,9,0.0,0.0,0.0
GC1,lingauss1,3.0,10,1.0,0.0,1.0
GC2,lingauss1,3.0,10,1.0,0.0,1.0
PC,lingauss1,3.0,10,0.0,0.222222,-0.222222
GC1,lingauss1,3.0,11,1.0,0.222222,0.777778
GC2,lingauss1,3.0,11,1.0,0.333333,0.666667
PC,lingauss1,3.0,11,0.0,0.111111,-0.111111
GC1,lingauss1,3.0,12,1.0,0.0,1.0
GC2,lingauss1,3.0,12,1.0,0.0,1.0
PC,lingauss1,3.0,12,0.0,0.0,0.0
GC1,lingauss1,3.0,13,1.0,0.0,1.0
GC2,lingauss1,3.0,13,1.0,0.0,1.0
PC,lingauss1,3.0,13,0.0,0.0,0.0
GC1,lingauss1,3.0,14,1.0,0.0,1.0
GC2,lingauss1,3.0,14,1.0,0.0,1.0
PC,lingauss1,3.0,14,0.0,0.0,0.0
GC1,lingauss1,3.0,15,1.0,0.111111,0.888889
GC2,lingauss1,3.0,15,1.0,0.111111,0.888889
PC,lingauss1,3.0,15,0.0,0.0,0.0
GC1,lingauss1,3.0,16,1.0,0.0,1.0
GC2,lingauss1,3.0,16,1.0,0.0,1.0
PC,lingauss1,3.0,16,0.0,0.0,0.0
GC1,lingauss1,3.0,17,1.0,0.222222,0.777778
GC2,lingauss1,3.0,17,1.0,0.111111,0.888889
PC,lingauss1,3.0,17,0.333333,0.111111,0.222222
GC1,lingauss1,3.0,18,1.0,0.0,1.0
GC2,lingauss1,3.0,18,1.0,0.0,1.0
PC,lingauss1,3.0,18,0.0,0.0,0.0
GC1,lingauss1,3.0,19,0.666667,0.111111,0.555556
GC2,lingauss1,3.0,19,0.666667,0.111111,0.555556
PC,lingauss1,3.0,19,0.0,0.222222,-0.222222
GC1,lingauss1,3.0,20,1.0,0.0,1.0
GC2,lingauss1,3.0,20,1.0,0.0,1.0
PC,lingauss1,3.0,20,0.0,0.0,0.0
GC1,lingauss1,3.0,21,1.0,0.0,1.0
GC2,lingauss1,3.0,21,1.0,0.0,1.0
PC,lingauss1,3.0,21,0.0,0.0,0.0
GC1,lingauss1,3.0,22,1.0,0.0,1.0
GC2,lingauss1,3.0,22,1.0,0.0,1.0
PC,lingauss1,3.0,22,0.0,0.111111,-0.111111
GC1,lingauss1,3.0,23,1.0,0.222222,0.777778
GC2,lingauss1,3.0,23,1.0,0.0,1.0
PC,lingauss1,3.0,23,0.0,0.111111,-0.111111
GC1,lingauss1,3.0,24,1.0,0.0,1.0
GC2,lingauss1,3.0,24,1.0,0.0,1.0
PC,lingauss1,3.0,24,0.0,0.0,0.0
GC1,lingauss1,3.0,25,1.0,0.111111,0.888889
GC2,lingauss1,3.0,25,1.0,0.111111,0.888889
PC,lingauss1,3.0,25,0.333333,0.333333,0.0
GC1,lingauss1,3.0,26,1.0,0.0,1.0
GC2,lingauss1,3.0,26,1.0,0.0,1.0
PC,lingauss1,3.0,26,0.0,0.111111,-0.111111
GC1,lingauss1,3.0,27,0.0,0.333333,-0.333333
GC2,lingauss1,3.0,27,1.0,0.0,1.0
PC,lingauss1,3.0,27,0.0,0.0,0.0
GC1,lingauss1,3.0,28,1.0,0.0,1.0
GC2,lingauss1,3.0,28,1.0,0.0,1.0
PC,lingauss1,3.0,28,0.0,0.0,0.0
GC1,lingauss1,3.0,29,1.0,0.0,1.0
GC2,lingauss1,3.0,29,1.0,0.0,1.0
PC,lingauss1,3.0,29,0.0,0.222222,-0.222222
GC1,lingauss1,3.0,30,1.0,0.0,1.0
GC2,lingauss1,3.0,30,1.0,0.0,1.0
PC,lingauss1,3.0,30,0.0,0.0,0.0
GC1,lingauss1,3.0,31,1.0,0.0,1.0
GC2,lingauss1,3.0,31,1.0,0.0,1.0
PC,lingauss1,3.0,31,0.0,0.0,0.0
GC1,lingauss1,3.0,32,1.0,0.0,1.0
GC2,lingauss1,3.0,32,0.666667,0.111111,0.555556
PC,lingauss1,3.0,32,0.0,0.0,0.0
GC1,lingauss1,3.0,33,1.0,0.111111,0.888889
GC2,lingauss1,3.0,33,1.0,0.0,1.0
PC,lingauss1,3.0,33,0.0,0.111111,-0.111111
GC1,lingauss1,3.0,34,1.0,0.0,1.0
GC2,lingauss1,3.0,34,1.0,0.0,1.0
PC,lingauss1,3.0,34,0.0,0.0,0.0
GC1,lingauss1,3.0,35,1.0,0.111111,0.888889
GC2,lingauss1,3.0,35,1.0,0.111111,0.888889
PC,lingauss1,3.0,35,0.0,0.0,0.0
GC1,lingauss1,3.0,36,1.0,0.111111,0.888889
GC2,lingauss1,3.0,36,1.0,0.222222,0.777778
PC,lingauss1,3.0,36,0.0,0.0,0.0
GC1,lingauss1,3.0,37,1.0,0.0,1.0
GC2,lingauss1,3.0,37,1.0,0.0,1.0
PC,lingauss1,3.0,37,0.0,0.0,0.0
GC1,lingauss1,3.0,38,1.0,0.0,1.0
GC2,lingauss1,3.0,38,1.0,0.0,1.0
PC,lingauss1,3.0,38,0.0,0.0,0.0
GC1,lingauss1,3.0,39,1.0,0.0,1.0
GC2,lingauss1,3.0,39,1.0,0.0,1.0
PC,lingauss1,3.0,39,0.0,0.0,0.0
GC1,lingauss1,3.0,40,1.0,0.0,1.0
GC2,lingauss1,3.0,40,1.0,0.0,1.0
PC,lingauss1,3.0,40,0.0,0.222222,-0.222222
GC1,lingauss1,3.0,41,1.0,0.0,1.0
GC2,lingauss1,3.0,41,1.0,0.0,1.0
PC,lingauss1,3.0,41,0.0,0.0,0.0
GC1,lingauss1,3.0,42,1.0,0.0,1.0
GC2,lingauss1,3.0,42,1.0,0.0,1.0
PC,lingauss1,3.0,42,0.0,0.0,0.0
GC1,lingauss1,3.0,43,1.0,0.0,1.0
GC2,lingauss1,3.0,43,1.0,0.0,1.0
PC,lingauss1,3.0,43,0.0,0.0,0.0
GC1,lingauss1,3.0,44,0.333333,0.222222,0.111111
GC2,lingauss1,3.0,44,0.666667,0.111111,0.555556
PC,lingauss1,3.0,44,0.0,0.222222,-0.222222
GC1,lingauss1,3.0,45,1.0,0.0,1.0
GC2,lingauss1,3.0,45,1.0,0.0,1.0
PC,lingauss1,3.0,45,0.0,0.0,0.0
GC1,lingauss1,3.0,46,1.0,0.0,1.0
GC2,lingauss1,3.0,46,1.0,0.0,1.0
PC,lingauss1,3.0,46,0.0,0.0,0.0
GC1,lingauss1,3.0,47,1.0,0.111111,0.888889
GC2,lingauss1,3.0,47,1.0,0.0,1.0
PC,lingauss1,3.0,47,0.0,0.111111,-0.111111
GC1,lingauss1,3.0,48,1.0,0.0,1.0
GC2,lingauss1,3.0,48,1.0,0.0,1.0
PC,lingauss1,3.0,48,0.0,0.222222,-0.222222
GC1,lingauss1,3.0,49,1.0,0.0,1.0
GC2,lingauss1,3.0,49,1.0,0.0,1.0
PC,lingauss1,3.0,49,0.0,0.0,0.0
GC1,lingauss1,3.5,0,1.0,0.0,1.0
GC2,lingauss1,3.5,0,1.0,0.0,1.0
PC,lingauss1,3.5,0,0.0,0.0,0.0
GC1,lingauss1,3.5,1,1.0,0.0,1.0
GC2,lingauss1,3.5,1,1.0,0.0,1.0
PC,lingauss1,3.5,1,0.0,0.0,0.0
GC1,lingauss1,3.5,2,1.0,0.111111,0.888889
GC2,lingauss1,3.5,2,1.0,0.0,1.0
PC,lingauss1,3.5,2,0.0,0.111111,-0.111111
GC1,lingauss1,3.5,3,1.0,0.0,1.0
GC2,lingauss1,3.5,3,0.666667,0.111111,0.555556
PC,lingauss1,3.5,3,0.0,0.0,0.0
GC1,lingauss1,3.5,4,1.0,0.0,1.0
GC2,lingauss1,3.5,4,1.0,0.111111,0.888889
PC,lingauss1,3.5,4,0.0,0.0,0.0
GC1,lingauss1,3.5,5,1.0,0.0,1.0
GC2,lingauss1,3.5,5,1.0,0.111111,0.888889
PC,lingauss1,3.5,5,0.0,0.0,0.0
GC1,lingauss1,3.5,6,1.0,0.0,1.0
GC2,lingauss1,3.5,6,1.0,0.0,1.0
PC,lingauss1,3.5,6,0.0,0.0,0.0
GC1,lingauss1,3.5,7,1.0,0.0,1.0
GC2,lingauss1,3.5,7,1.0,0.111111,0.888889
PC,lingauss1,3.5,7,0.0,0.0,0.0
GC1,lingauss1,3.5,8,1.0,0.0,1.0
GC2,lingauss1,3.5,8,1.0,0.0,1.0
PC,lingauss1,3.5,8,0.0,0.0,0.0
GC1,lingauss1,3.5,9,0.333333,0.222222,0.111111
GC2,lingauss1,3.5,9,1.0,0.0,1.0
PC,lingauss1,3.5,9,0.0,0.0,0.0
GC1,lingauss1,3.5,10,1.0,0.0,1.0
GC2,lingauss1,3.5,10,1.0,0.0,1.0
PC,lingauss1,3.5,10,0.0,0.222222,-0.222222
GC1,lingauss1,3.5,11,1.0,0.222222,0.777778
GC2,lingauss1,3.5,11,1.0,0.333333,0.666667
PC,lingauss1,3.5,11,0.0,0.111111,-0.111111
GC1,lingauss1,3.5,12,1.0,0.0,1.0
GC2,lingauss1,3.5,12,1.0,0.0,1.0
PC,lingauss1,3.5,12,0.0,0.0,0.0
GC1,lingauss1,3.5,13,1.0,0.0,1.0
GC2,lingauss1,3.5,13,1.0,0.0,1.0
PC,lingauss1,3.5,13,0.0,0.0,0.0
GC1,lingauss1,3.5,14,1.0,0.0,1.0
GC2,lingauss1,3.5,14,1.0,0.0,1.0
PC,lingauss1,3.5,14,0.0,0.0,0.0
GC1,lingauss1,3.5,15,1.0,0.111111,0.888889
GC2,lingauss1,3.5,15,1.0,0.111111,0.888889
PC,lingauss1,3.5,15,0.0,0.0,0.0
GC1,lingauss1,3.5,16,1.0,0.0,1.0
GC2,lingauss1,3.5,16,1.0,0.0,1.0
PC,lingauss1,3.5,16,0.0,0.0,0.0
GC1,lingauss1,3.5,17,1.0,0.222222,0.777778
GC2,lingauss1,3.5,17,1.0,0.111111,0.888889
PC,lingauss1,3.5,17,0.333333,0.111111,0.222222
GC1,lingauss1,3.5,18,1.0,0.0,1.0
GC2,lingauss1,3.5,18,1.0,0.0,1.0
PC,lingauss1,3.5,18,0.0,0.0,0.0
GC1,lingauss1,3.5,19,0.666667,0.111111,0.555556
GC2,lingauss1,3.5,19,0.666667,0.111111,0.555556
PC,lingauss1,3.5,19,0.0,0.222222,-0.222222
GC1,lingauss1,3.5,20,1.0,0.0,1.0
GC2,lingauss1,3.5,20,1.0,0.0,1.0
PC,lingauss1,3.5,20,0.0,0.0,0.0
GC1,lingauss1,3.5,21,1.0,0.0,1.0
GC2,lingauss1,3.5,21,1.0,0.0,1.0
PC,lingauss1,3.5,21,0.0,0.0,0.0
GC1,lingauss1,3.5,22,1.0,0.0,1.0
GC2,lingauss1,3.5,22,1.0,0.0,1.0
PC,lingauss1,3.5,22,0.0,0.111111,-0.111111
GC1,lingauss1,3.5,23,1.0,0.222222,0.777778
GC2,lingauss1,3.5,23,1.0,0.111111,0.888889
PC,lingauss1,3.5,23,0.0,0.111111,-0.111111
GC1,lingauss1,3.5,24,1.0,0.0,1.0
GC2,lingauss1,3.5,24,1.0,0.0,1.0
PC,lingauss1,3.5,24,0.0,0.0,0.0
GC1,lingauss1,3.5,25,1.0,0.111111,0.888889
GC2,lingauss1,3.5,25,1.0,0.111111,0.888889
PC,lingauss1,3.5,25,0.333333,0.333333,0.0
GC1,lingauss1,3.5,26,1.0,0.0,1.0
GC2,lingauss1,3.5,26,1.0,0.0,1.0
PC,lingauss1,3.5,26,0.0,0.111111,-0.111111
GC1,lingauss1,3.5,27,0.0,0.333333,-0.333333
GC2,lingauss1,3.5,27,1.0,0.0,1.0
PC,lingauss1,3.5,27,0.0,0.0,0.0
GC1,lingauss1,3.5,28,1.0,0.0,1.0
GC2,lingauss1,3.5,28,1.0,0.0,1.0
PC,lingauss1,3.5,28,0.0,0.0,0.0
GC1,lingauss1,3.5,29,1.0,0.0,1.0
GC2,lingauss1,3.5,29,1.0,0.0,1.0
PC,lingauss1,3.5,29,0.0,0.222222,-0.222222
GC1,lingauss1,3.5,30,1.0,0.0,1.0
GC2,lingauss1,3.5,30,1.0,0.0,1.0
PC,lingauss1,3.5,30,0.0,0.0,0.0
GC1,lingauss1,3.5,31,1.0,0.0,1.0
GC2,lingauss1,3.5,31,1.0,0.0,1.0
PC,lingauss1,3.5,31,0.0,0.0,0.0
GC1,lingauss1,3.5,32,1.0,0.0,1.0
GC2,lingauss1,3.5,32,0.666667,0.111111,0.555556
PC,lingauss1,3.5,32,0.0,0.0,0.0
GC1,lingauss1,3.5,33,1.0,0.111111,0.888889
GC2,lingauss1,3.5,33,1.0,0.0,1.0
PC,lingauss1,3.5,33,0.0,0.111111,-0.111111
GC1,lingauss1,3.5,34,1.0,0.0,1.0
GC2,lingauss1,3.5,34,1.0,0.0,1.0
PC,lingauss1,3.5,34,0.0,0.0,0.0
GC1,lingauss1,3.5,35,1.0,0.111111,0.888889
GC2,lingauss1,3.5,35,1.0,0.111111,0.888889
PC,lingauss1,3.5,35,0.0,0.0,0.0
GC1,lingauss1,3.5,36,1.0,0.111111,0.888889
GC2,lingauss1,3.5,36,1.0,0.222222,0.777778
PC,lingauss1,3.5,36,0.0,0.0,0.0
GC1,lingauss1,3.5,37,1.0,0.0,1.0
GC2,lingauss1,3.5,37,1.0,0.0,1.0
PC,lingauss1,3.5,37,0.0,0.0,0.0
GC1,lingauss1,3.5,38,1.0,0.0,1.0
GC2,lingauss1,3.5,38,1.0,0.0,1.0
PC,lingauss1,3.5,38,0.0,0.0,0.0
GC1,lingauss1,3.5,39,1.0,0.0,1.0
GC2,lingauss1,3.5,39,1.0,0.0,1.0
PC,lingauss1,3.5,39,0.0,0.0,0.0
GC1,lingauss1,3.5,40,1.0,0.0,1.0
GC2,lingauss1,3.5,40,1.0,0.0,1.0
PC,lingauss1,3.5,40,0.0,0.222222,-0.222222
GC1,lingauss1,3.5,41,1.0,0.0,1.0
GC2,lingauss1,3.5,41,1.0,0.0,1.0
PC,lingauss1,3.5,41,0.0,0.0,0.0
GC1,lingauss1,3.5,42,1.0,0.0,1.0
GC2,lingauss1,3.5,42,1.0,0.0,1.0
PC,lingauss1,3.5,42,0.0,0.0,0.0
GC1,lingauss1,3.5,43,1.0,0.0,1.0
GC2,lingauss1,3.5,43,1.0,0.0,1.0
PC,lingauss1,3.5,43,0.0,0.0,0.0
GC1,lingauss1,3.5,44,0.333333,0.222222,0.111111
GC2,lingauss1,3.5,44,0.666667,0.111111,0.555556
PC,lingauss1,3.5,44,0.0,0.222222,-0.222222
GC1,lingauss1,3.5,45,1.0,0.0,1.0
GC2,lingauss1,3.5,45,1.0,0.0,1.0
PC,lingauss1,3.5,45,0.0,0.0,0.0
GC1,lingauss1,3.5,46,1.0,0.0,1.0
GC2,lingauss1,3.5,46,1.0,0.0,1.0
PC,lingauss1,3.5,46,0.0,0.0,0.0
GC1,lingauss1,3.5,47,1.0,0.111111,0.888889
GC2,lingauss1,3.5,47,1.0,0.0,1.0
PC,lingauss1,3.5,47,0.0,0.111111,-0.111111
GC1,lingauss1,3.5,48,1.0,0.0,1.0
GC2,lingauss1,3.5,48,1.0,0.0,1.0
PC,lingauss1,3.5,48,0.0,0.222222,-0.222222
GC1,lingauss1,3.5,49,1.0,0.0,1.0
GC2,lingauss1,3.5,49,1.0,0.0,1.0
PC,lingauss1,3.5,49,0.0,0.0,0.0
GC1,lingauss2,0.1,0,0.5,0.5,0.0
GC2,lingauss2,0.1,0,1.0,0.0,1.0
PC,lingauss2,0.1,0,0.25,0.375,-0.125
GC1,lingauss2,0.1,1,0.75,0.25,0.5
GC2,lingauss2,0.1,1,1.0,0.0,1.0
PC,lingauss2,0.1,1,0.0,0.25,-0.25
GC1,lingauss2,0.1,2,0.75,0.25,0.5
GC2,lingauss2,0.1,2,1.0,0.0,1.0
PC,lingauss2,0.1,2,0.0,0.375,-0.375
GC1,lingauss2,0.1,3,1.0,0.0,1.0
GC2,lingauss2,0.1,3,1.0,0.0,1.0
PC,lingauss2,0.1,3,0.0,0.25,-0.25
GC1,lingauss2,0.1,4,0.5,0.5,0.0
GC2,lingauss2,0.1,4,1.0,0.125,0.875
PC,lingauss2,0.1,4,0.0,0.625,-0.625
GC1,lingauss2,0.1,5,1.0,0.25,0.75
GC2,lingauss2,0.1,5,0.75,0.125,0.625
PC,lingauss2,0.1,5,0.25,0.375,-0.125
GC1,lingauss2,0.1,6,0.75,0.5,0.25
GC2,lingauss2,0.1,6,1.0,0.0,1.0
PC,lingauss2,0.1,6,0.25,0.25,0.0
GC1,lingauss2,0.1,7,0.5,0.5,0.0
GC2,lingauss2,0.1,7,1.0,0.125,0.875
PC,lingauss2,0.1,7,0.0,0.375,-0.375
GC1,lingauss2,0.1,8,0.75,0.375,0.375
GC2,lingauss2,0.1,8,0.75,0.125,0.625
PC,lingauss2,0.1,8,0.0,0.375,-0.375
GC1,lingauss2,0.1,9,0.5,0.25,0.25
GC2,lingauss2,0.1,9,1.0,0.0,1.0
PC,lingauss2,0.1,9,0.0,0.375,-0.375
GC1,lingauss2,0.1,10,1.0,0.375,0.625
GC2,lingauss2,0.1,10,1.0,0.0,1.0
PC,lingauss2,0.1,10,0.25,0.25,0.0
GC1,lingauss2,0.1,11,0.75,0.375,0.375
GC2,lingauss2,0.1,11,0.75,0.25,0.5
PC,lingauss2,0.1,11,0.0,0.5,-0.5
GC1,lingauss2,0.1,12,0.75,0.375,0.375
GC2,lingauss2,0.1,12,0.75,0.125,0.625
PC,lingauss2,0.1,12,0.0,0.25,-0.25
GC1,lingauss2,0.1,13,1.0,0.0,1.0
GC2,lingauss2,0.1,13,1.0,0.0,1.0
PC,lingauss2,0.1,13,0.0,0.25,-0.25
GC1,lingauss2,0.1,14,1.0,0.375,0.625
GC2,lingauss2,0.1,14,1.0,0.0,1.0
PC,lingauss2,0.1,14,0.25,0.25,0.0
GC1,lingauss2,0.1,15,1.0,0.0,1.0
GC2,lingauss2,0.1,15,1.0,0.0,1.0
PC,lingauss2,0.1,15,0.0,0.375,-0.375
GC1,lingauss2,0.1,16,1.0,0.0,1.0
GC2,lingauss2,0.1,16,1.0,0.0,1.0
PC,lingauss2,0.1,16,0.0,0.5,-0.5
GC1,lingauss2,0.1,17,1.0,0.25,0.75
GC2,lingauss2,0.1,17,1.0,0.0,1.0
PC,lingauss2,0.1,17,0.0,0.5,-0.5
GC1,lingauss2,0.1,18,1.0,0.25,0.75
GC2,lingauss2,0.1,18,1.0,0.0,1.0
PC,lingauss2,0.1,18,0.25,0.25,0.0
GC1,lingauss2,0.1,19,0.5,0.5,0.0
GC2,lingauss2,0.1,19,1.0,0.0,1.0
PC,lingauss2,0.1,19,0.25,0.5,-0.25
GC1,lingauss2,0.1,20,0.75,0.375,0.375
GC2,lingauss2,0.1,20,1.0,0.125,0.875
PC,lingauss2,0.1,20,0.25,0.5,-0.25
GC1,lingauss2,0.1,21,1.0,0.0,1.0
GC2,lingauss2,0.1,21,1.0,0.0,1.0
PC,lingauss2,0.1,21,0.0,0.25,-0.25
GC1,lingauss2,0.1,22,0.5,0.25,0.25
GC2,lingauss2,0.1,22,1.0,0.0,1.0
PC,lingauss2,0.1,22,0.0,0.5,-0.5
GC1,lingauss2,0.1,23,0.5,0.625,-0.125
GC2,lingauss2,0.1,23,1.0,0.125,0.875
PC,lingauss2,0.1,23,0.0,0.5,-0.5
GC1,lingauss2,0.1,24,1.0,0.0,1.0
GC2,lingauss2,0.1,24,1.0,0.0,1.0
PC,lingauss2,0.1,24,0.0,0.375,-0.375
GC1,lingauss2,0.1,25,1.0,0.375,0.625
GC2,lingauss2,0.1,25,1.0,0.125,0.875
PC,lingauss2,0.1,25,0.25,0.25,0.0
GC1,lingauss2,0.1,26,1.0,0.125,0.875
GC2,lingauss2,0.1,26,1.0,0.0,1.0
PC,lingauss2,0.1,26,0.0,0.375,-0.375
GC1,lingauss2,0.1,27,0.5,0.5,0.0
GC2,lingauss2,0.1,27,1.0,0.0,1.0
PC,lingauss2,0.1,27,0.0,0.25,-0.25
GC1,lingauss2,0.1,28,1.0,0.25,0.75
GC2,lingauss2,0.1,28,0.75,0.125,0.625
PC,lingauss2,0.1,28,0.25,0.375,-0.125
GC1,lingauss2,0.1,29,1.0,0.0,1.0
GC2,lingauss2,0.1,29,1.0,0.0,1.0
PC,lingauss2,0.1,29,0.0,0.25,-0.25
GC1,lingauss2,0.1,30,1.0,0.125,0.875
GC2,lingauss2,0.1,30,1.0,0.0,1.0
PC,lingauss2,0.1,30,0.0,0.25,-0.25
GC1,lingauss2,0.1,31,1.0,0.125,0.875
GC2,lingauss2,0.1,31,1.0,0.125,0.875
PC,lingauss2,0.1,31,0.0,0.25,-0.25
GC1,lingauss2,0.1,32,1.0,0.125,0.875
GC2,lingauss2,0.1,32,1.0,0.0,1.0
PC,lingauss2,0.1,32,0.25,0.125,0.125
GC1,lingauss2,0.1,33,0.75,0.375,0.375
GC2,lingauss2,0.1,33,1.0,0.0,1.0
PC,lingauss2,0.1,33,0.0,0.75,-0.75
GC1,lingauss2,0.1,34,0.5,0.25,0.25
GC2,lingauss2,0.1,34,1.0,0.125,0.875
PC,lingauss2,0.1,34,0.0,0.5,-0.5
GC1,lingauss2,0.1,35,1.0,0.375,0.625
GC2,lingauss2,0.1,35,1.0,0.125,0.875
PC,lingauss2,0.1,35,0.25,0.25,0.0
GC1,lingauss2,0.1,36,1.0,0.125,0.875
GC2,lingauss2,0.1,36,1.0,0.125,0.875
PC,lingauss2,0.1,36,0.0,0.25,-0.25
GC1,lingauss2,0.1,37,1.0,0.125,0.875
GC2,lingauss2,0.1,37,1.0,0.0,1.0
PC,lingauss2,0.1,37,0.0,0.25,-0.25
GC1,lingauss2,0.1,38,1.0,0.25,0.75
GC2,lingauss2,0.1,38,1.0,0.0,1.0
PC,lingauss2,0.1,38,0.0,0.25,-0.25
GC1,lingauss2,0.1,39,0.75,0.375,0.375
GC2,lingauss2,0.1,39,1.0,0.0,1.0
PC,lingauss2,0.1,39,0.0,0.375,-0.375
GC1,lingauss2,0.1,40,0.75,0.375,0.375
GC2,lingauss2,0.1,40,0.75,0.125,0.625
PC,lingauss2,0.1,40,0.25,0.125,0.125
GC1,lingauss2,0.1,41,1.0,0.25,0.75
GC2,lingauss2,0.1,41,1.0,0.0,1.0
PC,lingauss2,0.1,41,0.0,0.75,-0.75
GC1,lingauss2,0.1,42,0.75,0.375,0.375
GC2,lingauss2,0.1,42,1.0,0.0,1.0
PC,lingauss2,0.1,42,0.0,0.5,-0.5
GC1,lingauss2,0.1,43,0.5,0.375,0.125
GC2,lingauss2,0.1,43,1.0,0.0,1.0
PC,lingauss2,0.1,43,0.0,0.5,-0.5
GC1,lingauss2,0.1,44,0.0,0.625,-0.625
GC2,lingauss2,0.1,44,1.0,0.125,0.875
PC,lingauss2,0.1,44,0.0,0.5,-0.5
GC1,lingauss2,0.1,45,0.75,0.375,0.375
GC2,lingauss2,0.1,45,1.0,0.0,1.0
PC,lingauss2,0.1,45,0.25,0.25,0.0
GC1,lingauss2,0.1,46,1.0,0.0,1.0
GC2,lingauss2,0.1,46,1.0,0.0,1.0
PC,lingauss2,0.1,46,0.0,0.25,-0.25
GC1,lingauss2,0.1,47,0.75,0.375,0.375
GC2,lingauss2,0.1,47,1.0,0.125,0.875
PC,lingauss2,0.1,47,0.0,0.5,-0.5
GC1,lingauss2,0.1,48,1.0,0.25,0.75
GC2,lingauss2,0.1,48,1.0,0.0,1.0
PC,lingauss2,0.1,48,0.0,0.375,-0.375
GC1,lingauss2,0.1,49,1.0,0.125,0.875
GC2,lingauss2,0.1,49,1.0,0.125,0.875
PC,lingauss2,0.1,49,0.0,0.25,-0.25
GC1,lingauss2,0.5,0,1.0,0.0,1.0
GC2,lingauss2,0.5,0,1.0,0.0,1.0
PC,lingauss2,0.5,0,0.0,0.25,-0.25
GC1,lingauss2,0.5,1,1.0,0.0,1.0
GC2,lingauss2,0.5,1,1.0,0.0,1.0
PC,lingauss2,0.5,1,0.0,0.25,-0.25
GC1,lingauss2,0.5,2,1.0,0.0,1.0
GC2,lingauss2,0.5,2,1.0,0.0,1.0
PC,lingauss2,0.5,2,0.0,0.25,-0.25
GC1,lingauss2,0.5,3,1.0,0.0,1.0
GC2,lingauss2,0.5,3,0.75,0.125,0.625
PC,lingauss2,0.5,3,0.0,0.25,-0.25
GC1,lingauss2,0.5,4,1.0,0.0,1.0
GC2,lingauss2,0.5,4,1.0,0.125,0.875
PC,lingauss2,0.5,4,0.0,0.25,-0.25
GC1,lingauss2,0.5,5,1.0,0.0,1.0
GC2,lingauss2,0.5,5,1.0,0.0,1.0
PC,lingauss2,0.5,5,0.0,0.25,-0.25
GC1,lingauss2,0.5,6,0.75,0.125,0.625
GC2,lingauss2,0.5,6,1.0,0.0,1.0
PC,lingauss2,0.5,6,0.0,0.5,-0.5
GC1,lingauss2,0.5,7,1.0,0.125,0.875
GC2,lingauss2,0.5,7,1.0,0.25,0.75
PC,lingauss2,0.5,7,0.0,0.25,-0.25
GC1,lingauss2,0.5,8,1.0,0.125,0.875
GC2,lingauss2,0.5,8,0.75,0.125,0.625
PC,lingauss2,0.5,8,0.0,0.25,-0.25
GC1,lingauss2,0.5,9,0.75,0.125,0.625
GC2,lingauss2,0.5,9,0.75,0.125,0.625
PC,lingauss2,0.5,9,0.0,0.25,-0.25
GC1,lingauss2,0.5,10,1.0,0.25,0.75
GC2,lingauss2,0.5,10,1.0,0.0,1.0
PC,lingauss2,0.5,10,0.0,0.25,-0.25
GC1,lingauss2,0.5,11,1.0,0.0,1.0
GC2,lingauss2,0.5,11,0.75,0.25,0.5
PC,lingauss2,0.5,11,0.0,0.25,-0.25
GC1,lingauss2,0.5,12,0.75,0.125,0.625
GC2,lingauss2,0.5,12,0.75,0.125,0.625
PC,lingauss2,0.5,12,0.0,0.5,-0.5
GC1,lingauss2,0.5,13,1.0,0.0,1.0
GC2,lingauss2,0.5,13,1.0,0.0,1.0
PC,lingauss2,0.5,13,0.0,0.25,-0.25
GC1,lingauss2,0.5,14,1.0,0.0,1.0
GC2,lingauss2,0.5,14,1.0,0.0,1.0
PC,lingauss2,0.5,14,0.0,0.25,-0.25
GC1,lingauss2,0.5,15,1.0,0.0,1.0
GC2,lingauss2,0.5,15,1.0,0.0,1.0
PC,lingauss2,0.5,15,0.0,0.25,-0.25
GC1,lingauss2,0.5,16,1.0,0.0,1.0
GC2,lingauss2,0.5,16,1.0,0.0,1.0
PC,lingauss2,0.5,16,0.0,0.25,-0.25
GC1,lingauss2,0.5,17,1.0,0.0,1.0
GC2,lingauss2,0.5,17,1.0,0.0,1.0
PC,lingauss2,0.5,17,0.0,0.25,-0.25
GC1,lingauss2,0.5,18,1.0,0.0,1.0
GC2,lingauss2,0.5,18,0.75,0.125,0.625
PC,lingauss2,0.5,18,0.0,0.25,-0.25
GC1,lingauss2,0.5,19,1.0,0.0,1.0
GC2,lingauss2,0.5,19,1.0,0.0,1.0
PC,lingauss2,0.5,19,0.0,0.25,-0.25
GC1,lingauss2,0.5,20,1.0,0.125,0.875
GC2,lingauss2,0.5,20,1.0,0.125,0.875
PC,lingauss2,0.5,20,0.0,0.25,-0.25
GC1,lingauss2,0.5,21,1.0,0.0,1.0
GC2,lingauss2,0.5,21,1.0,0.0,1.0
PC,lingauss2,0.5,21,0.0,0.25,-0.25
GC1,lingauss2,0.5,22,1.0,0.0,1.0
GC2,lingauss2,0.5,22,1.0,0.0,1.0
PC,lingauss2,0.5,22,0.0,0.25,-0.25
GC1,lingauss2,0.5,23,1.0,0.0,1.0
GC2,lingauss2,0.5,23,0.75,0.125,0.625
PC,lingauss2,0.5,23,0.0,0.25,-0.25
GC1,lingauss2,0.5,24,1.0,0.0,1.0
GC2,lingauss2,0.5,24,1.0,0.0,1.0
PC,lingauss2,0.5,24,0.0,0.25,-0.25
GC1,lingauss2,0.5,25,1.0,0.25,0.75
GC2,lingauss2,0.5,25,1.0,0.125,0.875
PC,lingauss2,0.5,25,0.25,0.125,0.125
GC1,lingauss2,0.5,26,1.0,0.0,1.0
GC2,lingauss2,0.5,26,1.0,0.0,1.0
PC,lingauss2,0.5,26,0.0,0.25,-0.25
GC1,lingauss2,0.5,27,0.0,0.625,-0.625
GC2,lingauss2,0.5,27,1.0,0.0,1.0
PC,lingauss2,0.5,27,0.0,0.5,-0.5
GC1,lingauss2,0.5,28,0.75,0.125,0.625
GC2,lingauss2,0.5,28,1.0,0.0,1.0
PC,lingauss2,0.5,28,0.0,0.25,-0.25
GC1,lingauss2,0.5,29,1.0,0.0,1.0
GC2,lingauss2,0.5,29,1.0,0.0,1.0
PC,lingauss2,0.5,29,0.0,0.25,-0.25
GC1,lingauss2,0.5,30,1.0,0.0,1.0
GC2,lingauss2,0.5,30,1.0,0.0,1.0
PC,lingauss2,0.5,30,0.0,0.25,-0.25
GC1,lingauss2,0.5,31,1.0,0.0,1.0
GC2,lingauss2,0.5,31,1.0,0.125,0.875
PC,lingauss2,0.5,31,0.0,0.25,-0.25
GC1,lingauss2,0.5,32,1.0,0.0,1.0
GC2,lingauss2,0.5,32,1.0,0.0,1.0
PC,lingauss2,0.5,32,0.0,0.25,-0.25
GC1,lingauss2,0.5,33,1.0,0.0,1.0
GC2,lingauss2,0.5,33,1.0,0.0,1.0
PC,lingauss2,0.5,33,0.0,0.25,-0.25
GC1,lingauss2,0.5,34,1.0,0.0,1.0
GC2,lingauss2,0.5,34,1.0,0.125,0.875
PC,lingauss2,0.5,34,0.0,0.25,-0.25
GC1,lingauss2,0.5,35,1.0,0.0,1.0
GC2,lingauss2,0.5,35,1.0,0.125,0.875
PC,lingauss2,0.5,35,0.0,0.25,-0.25
GC1,lingauss2,0.5,36,1.0,0.0,1.0
GC2,lingauss2,0.5,36,1.0,0.125,0.875
PC,lingauss2,0.5,36,0.0,0.25,-0.25
GC1,lingauss2,0.5,37,1.0,0.0,1.0
GC2,lingauss2,0.5,37,1.0,0.0,1.0
PC,lingauss2,0.5,37,0.0,0.25,-0.25
GC1,lingauss2,0.5,38,1.0,0.0,1.0
GC2,lingauss2,0.5,38,1.0,0.0,1.0
PC,lingauss2,0.5,38,0.0,0.25,-0.25
GC1,lingauss2,0.5,39,1.0,0.0,1.0
GC2,lingauss2,0.5,39,1.0,0.0,1.0
PC,lingauss2,0.5,39,0.0,0.25,-0.25
GC1,lingauss2,0.5,40,1.0,0.125,0.875
GC2,lingauss2,0.5,40,0.75,0.25,0.5
PC,lingauss2,0.5,40,0.0,0.25,-0.25
GC1,lingauss2,0.5,41,1.0,0.0,1.0
GC2,lingauss2,0.5,41,1.0,0.0,1.0
PC,lingauss2,0.5,41,0.0,0.25,-0.25
GC1,lingauss2,0.5,42,1.0,0.0,1.0
GC2,lingauss2,0.5,42,1.0,0.0,1.0
PC,lingauss2,0.5,42,0.0,0.25,-0.25
GC1,lingauss2,0.5,43,1.0,0.0,1.0
GC2,lingauss2,0.5,43,1.0,0.0,1.0
PC,lingauss2,0.5,43,0.0,0.25,-0.25
GC1,lingauss2,0.5,44,0.25,0.5,-0.25
GC2,lingauss2,0.5,44,1.0,0.125,0.875
PC,lingauss2,0.5,44,0.0,0.5,-0.5
GC1,lingauss2,0.5,45,1.0,0.0,1.0
GC2,lingauss2,0.5,45,1.0,0.0,1.0
PC,lingauss2,0.5,45,0.0,0.25,-0.25
GC1,lingauss2,0.5,46,1.0,0.0,1.0
GC2,lingauss2,0.5,46,1.0,0.0,1.0
PC,lingauss2,0.5,46,0.0,0.25,-0.25
GC1,lingauss2,0.5,47,1.0,0.0,1.0
GC2,lingauss2,0.5,47,1.0,0.0,1.0
PC,lingauss2,0.5,47,0.0,0.25,-0.25
GC1,lingauss2,0.5,48,1.0,0.0,1.0
GC2,lingauss2,0.5,48,1.0,0.0,1.0
PC,lingauss2,0.5,48,0.0,0.25,-0.25
GC1,lingauss2,0.5,49,1.0,0.0,1.0
GC2,lingauss2,0.5,49,1.0,0.125,0.875
PC,lingauss2,0.5,49,0.0,0.25,-0.25
GC1,lingauss2,1.0,0,1.0,0.0,1.0
GC2,lingauss2,1.0,0,1.0,0.0,1.0
PC,lingauss2,1.0,0,0.0,0.25,-0.25
GC1,lingauss2,1.0,1,1.0,0.0,1.0
GC2,lingauss2,1.0,1,1.0,0.0,1.0
PC,lingauss2,1.0,1,0.0,0.25,-0.25
GC1,lingauss2,1.0,2,1.0,0.0,1.0
GC2,lingauss2,1.0,2,1.0,0.0,1.0
PC,lingauss2,1.0,2,0.0,0.25,-0.25
GC1,lingauss2,1.0,3,1.0,0.0,1.0
GC2,lingauss2,1.0,3,0.75,0.125,0.625
PC,lingauss2,1.0,3,0.0,0.25,-0.25
GC1,lingauss2,1.0,4,1.0,0.0,1.0
GC2,lingauss2,1.0,4,1.0,0.125,0.875
PC,lingauss2,1.0,4,0.0,0.25,-0.25
GC1,lingauss2,1.0,5,1.0,0.0,1.0
GC2,lingauss2,1.0,5,1.0,0.0,1.0
PC,lingauss2,1.0,5,0.0,0.25,-0.25
GC1,lingauss2,1.0,6,0.75,0.125,0.625
GC2,lingauss2,1.0,6,1.0,0.0,1.0
PC,lingauss2,1.0,6,0.0,0.5,-0.5
GC1,lingauss2,1.0,7,1.0,0.125,0.875
GC2,lingauss2,1.0,7,1.0,0.25,0.75
PC,lingauss2,1.0,7,0.0,0.25,-0.25
GC1,lingauss2,1.0,8,1.0,0.0,1.0
GC2,lingauss2,1.0,8,0.75,0.125,0.625
PC,lingauss2,1.0,8,0.0,0.25,-0.25
GC1,lingauss2,1.0,9,0.75,0.125,0.625
GC2,lingauss2,1.0,9,0.75,0.125,0.625
PC,lingauss2,1.0,9,0.0,0.25,-0.25
GC1,lingauss2,1.0,10,1.0,0.25,0.75
GC2,lingauss2,1.0,10,1.0,0.0,1.0
PC,lingauss2,1.0,10,0.0,0.25,-0.25
GC1,lingauss2,1.0,11,1.0,0.0,1.0
GC2,lingauss2,1.0,11,0.75,0.25,0.5
PC,lingauss2,1.0,11,0.0,0.25,-0.25
GC1,lingauss2,1.0,12,0.75,0.125,0.625
GC2,lingauss2,1.0,12,0.75,0.125,0.625
PC,lingauss2,1.0,12,0.0,0.5,-0.5
GC1,lingauss2,1.0,13,1.0,0.0,1.0
GC2,lingauss2,1.0,13,1.0,0.0,1.0
PC,lingauss2,1.0,13,0.0,0.25,-0.25
GC1,lingauss2,1.0,14,1.0,0.0,1.0
GC2,lingauss2,1.0,14,1.0,0.0,1.0
PC,lingauss2,1.0,14,0.0,0.25,-0.25
GC1,lingauss2,1.0,15,1.0,0.0,1.0
GC2,lingauss2,1.0,15,1.0,0.0,1.0
PC,lingauss2,1.0,15,0.0,0.25,-0.25
GC1,lingauss2,1.0,16,1.0,0.0,1.0
GC2,lingauss2,1.0,16,1.0,0.0,1.0
PC,lingauss2,1.0,16,0.0,0.25,-0.25
GC1,lingauss2,1.0,17,1.0,0.0,1.0
GC2,lingauss2,1.0,17,1.0,0.0,1.0
PC,lingauss2,1.0,17,0.0,0.25,-0.25
GC1,lingauss2,1.0,18,1.0,0.0,1.0
GC2,lingauss2,1.0,18,0.75,0.125,0.625
PC,lingauss2,1.0,18,0.0,0.25,-0.25
GC1,lingauss2,1.0,19,1.0,0.0,1.0
GC2,lingauss2,1.0,19,1.0,0.0,1.0
PC,lingauss2,1.0,19,0.0,0.25,-0.25
GC1,lingauss2,1.0,20,1.0,0.0,1.0
GC2,lingauss2,1.0,20,1.0,0.125,0.875
PC,lingauss2,1.0,20,0.0,0.25,-0.25
GC1,lingauss2,1.0,21,1.0,0.0,1.0
GC2,lingauss2,1.0,21,1.0,0.0,1.0
PC,lingauss2,1.0,21,0.0,0.25,-0.25
GC1,lingauss2,1.0,22,1.0,0.0,1.0
GC2,lingauss2,1.0,22,1.0,0.0,1.0
PC,lingauss2,1.0,22,0.0,0.25,-0.25
GC1,lingauss2,1.0,23,1.0,0.0,1.0
GC2,lingauss2,1.0,23,0.75,0.125,0.625
PC,lingauss2,1.0,23,0.0,0.25,-0.25
GC1,lingauss2,1.0,24,1.0,0.0,1.0
GC2,lingauss2,1.0,24,1.0,0.0,1.0
PC,lingauss2,1.0,24,0.0,0.25,-0.25
GC1,lingauss2,1.0,25,1.0,0.25,0.75
GC2,lingauss2,1.0,25,1.0,0.125,0.875
PC,lingauss2,1.0,25,0.25,0.125,0.125
GC1,lingauss2,1.0,26,1.0,0.0,1.0
GC2,lingauss2,1.0,26,1.0,0.0,1.0
PC,lingauss2,1.0,26,0.0,0.25,-0.25
GC1,lingauss2,1.0,27,0.0,0.625,-0.625
GC2,lingauss2,1.0,27,1.0,0.0,1.0
PC,lingauss2,1.0,27,0.0,0.5,-0.5
GC1,lingauss2,1.0,28,0.75,0.125,0.625
GC2,lingauss2,1.0,28,1.0,0.0,1.0
PC,lingauss2,1.0,28,0.0,0.25,-0.25
GC1,lingauss2,1.0,29,1.0,0.0,1.0
GC2,lingauss2,1.0,29,1.0,0.0,1.0
PC,lingauss2,1.0,29,0.0,0.25,-0.25
GC1,lingauss2,1.0,30,1.0,0.0,1.0
GC2,lingauss2,1.0,30,1.0,0.0,1.0
PC,lingauss2,1.0,30,0.0,0.25,-0.25
GC1,lingauss2,1.0,31,1.0,0.0,1.0
GC2,lingauss2,1.0,31,1.0,0.125,0.875
PC,lingauss2,1.0,31,0.0,0.25,-0.25
GC1,lingauss2,1.0,32,1.0,0.0,1.0
GC2,lingauss2,1.0,32,1.0,0.0,1.0
PC,lingauss2,1.0,32,0.0,0.25,-0.25
GC1,lingauss2,1.0,33,1.0,0.0,1.0
GC2,lingauss2,1.0,33,1.0,0.0,1.0
PC,lingauss2,1.0,33,0.0,0.25,-0.25
GC1,lingauss2,1.0,34,1.0,0.0,1.0
GC2,lingauss2,1.0,34,1.0,0.125,0.875
PC,lingauss2,1.0,34,0.0,0.25,-0.25
GC1,lingauss2,1.0,35,1.0,0.0,1.0
GC2,lingauss2,1.0,35,0.75,0.125,0.625
PC,lingauss2,1.0,35,0.0,0.25,-0.25
GC1,lingauss2,1.0,36,1.0,0.0,1.0
GC2,lingauss2,1.0,36,1.0,0.125,0.875
PC,lingauss2,1.0,36,0.0,0.25,-0.25
GC1,lingauss2,1.0,37,1.0,0.0,1.0
GC2,lingauss2,1.0,37,1.0,0.0,1.0
PC,lingauss2,1.0,37,0.0,0.25,-0.25
GC1,lingauss2,1.0,38,1.0,0.0,1.0
GC2,lingauss2,1.0,38,1.0,0.0,1.0
PC,lingauss2,1.0,38,0.0,0.25,-0.25
GC1,lingauss2,1.0,39,1.0,0.0,1.0
GC2,lingauss2,1.0,39,1.0,0.0,1.0
PC,lingauss2,1.0,39,0.0,0.25,-0.25
GC1,lingauss2,1.0,40,1.0,0.125,0.875
GC2,lingauss2,1.0,40,0.75,0.25,0.5
PC,lingauss2,1.0,40,0.0,0.25,-0.25
GC1,lingauss2,1.0,41,1.0,0.0,1.0
GC2,lingauss2,1.0,41,1.0,0.0,1.0
PC,lingauss2,1.0,41,0.0,0.25,-0.25
GC1,lingauss2,1.0,42,1.0,0.0,1.0
GC2,lingauss2,1.0,42,1.0,0.0,1.0
PC,lingauss2,1.0,42,0.0,0.25,-0.25
GC1,lingauss2,1.0,43,1.0,0.0,1.0
GC2,lingauss2,1.0,43,1.0,0.0,1.0
PC,lingauss2,1.0,43,0.0,0.25,-0.25
GC1,lingauss2,1.0,44,0.25,0.5,-0.25
GC2,lingauss2,1.0,44,1.0,0.125,0.875
PC,lingauss2,1.0,44,0.0,0.5,-0.5
GC1,lingauss2,1.0,45,1.0,0.0,1.0
GC2,lingauss2,1.0,45,1.0,0.0,1.0
PC,lingauss2,1.0,45,0.0,0.25,-0.25
GC1,lingauss2,1.0,46,1.0,0.0,1.0
GC2,lingauss2,1.0,46,1.0,0.0,1.0
PC,lingauss2,1.0,46,0.0,0.25,-0.25
GC1,lingauss2,1.0,47,1.0,0.0,1.0
GC2,lingauss2,1.0,47,1.0,0.0,1.0
PC,lingauss2,1.0,47,0.0,0.25,-0.25
GC1,lingauss2,1.0,48,1.0,0.0,1.0
GC2,lingauss2,1.0,48,1.0,0.0,1.0
PC,lingauss2,1.0,48,0.0,0.25,-0.25
GC1,lingauss2,1.0,49,1.0,0.0,1.0
GC2,lingauss2,1.0,49,1.0,0.125,0.875
PC,lingauss2,1.0,49,0.0,0.25,-0.25
GC1,lingauss2,1.5,0,1.0,0.0,1.0
GC2,lingauss2,1.5,0,1.0,0.0,1.0
PC,lingauss2,1.5,0,0.0,0.25,-0.25
GC1,lingauss2,1.5,1,1.0,0.0,1.0
GC2,lingauss2,1.5,1,1.0,0.0,1.0
PC,lingauss2,1.5,1,0.0,0.25,-0.25
GC1,lingauss2,1.5,2,1.0,0.0,1.0
GC2,lingauss2,1.5,2,1.0,0.0,1.0
PC,lingauss2,1.5,2,0.0,0.25,-0.25
GC1,lingauss2,1.5,3,1.0,0.0,1.0
GC2,lingauss2,1.5,3,0.75,0.125,0.625
PC,lingauss2,1.5,3,0.0,0.25,-0.25
GC1,lingauss2,1.5,4,1.0,0.0,1.0
GC2,lingauss2,1.5,4,1.0,0.125,0.875
PC,lingauss2,1.5,4,0.0,0.25,-0.25
GC1,lingauss2,1.5,5,1.0,0.0,1.0
GC2,lingauss2,1.5,5,1.0,0.0,1.0
PC,lingauss2,1.5,5,0.0,0.25,-0.25
GC1,lingauss2,1.5,6,0.75,0.125,0.625
GC2,lingauss2,1.5,6,1.0,0.0,1.0
PC,lingauss2,1.5,6,0.0,0.5,-0.5
GC1,lingauss2,1.5,7,1.0,0.125,0.875
GC2,lingauss2,1.5,7,1.0,0.25,0.75
PC,lingauss2,1.5,7,0.0,0.25,-0.25
GC1,lingauss2,1.5,8,1.0,0.0,1.0
GC2,lingauss2,1.5,8,0.75,0.125,0.625
PC,lingauss2,1.5,8,0.0,0.25,-0.25
GC1,lingauss2,1.5,9,0.75,0.125,0.625
GC2,lingauss2,1.5,9,0.75,0.125,0.625
PC,lingauss2,1.5,9,0.0,0.25,-0.25
GC1,lingauss2,1.5,10,1.0,0.25,0.75
GC2,lingauss2,1.5,10,1.0,0.0,1.0
PC,lingauss2,1.5,10,0.0,0.25,-0.25
GC1,lingauss2,1.5,11,1.0,0.0,1.0
GC2,lingauss2,1.5,11,0.75,0.25,0.5
PC,lingauss2,1.5,11,0.0,0.25,-0.25
GC1,lingauss2,1.5,12,0.75,0.125,0.625
GC2,lingauss2,1.5,12,0.75,0.125,0.625
PC,lingauss2,1.5,12,0.0,0.5,-0.5
GC1,lingauss2,1.5,13,1.0,0.0,1.0
GC2,lingauss2,1.5,13,1.0,0.0,1.0
PC,lingauss2,1.5,13,0.0,0.25,-0.25
GC1,lingauss2,1.5,14,1.0,0.0,1.0
GC2,lingauss2,1.5,14,1.0,0.0,1.0
PC,lingauss2,1.5,14,0.0,0.25,-0.25
GC1,lingauss2,1.5,15,1.0,0.0,1.0
GC2,lingauss2,1.5,15,1.0,0.0,1.0
PC,lingauss2,1.5,15,0.0,0.25,-0.25
GC1,lingauss2,1.5,16,1.0,0.0,1.0
GC2,lingauss2,1.5,16,1.0,0.0,1.0
PC,lingauss2,1.5,16,0.0,0.25,-0.25
GC1,lingauss2,1.5,17,1.0,0.0,1.0
GC2,lingauss2,1.5,17,1.0,0.0,1.0
PC,lingauss2,1.5,17,0.0,0.25,-0.25
GC1,lingauss2,1.5,18,1.0,0.0,1.0
GC2,lingauss2,1.5,18,0.75,0.125,0.625
PC,lingauss2,1.5,18,0.0,0.25,-0.25
GC1,lingauss2,1.5,19,1.0,0.0,1.0
GC2,lingauss2,1.5,19,1.0,0.0,1.0
PC,lingauss2,1.5,19,0.0,0.25,-0.25
GC1,lingauss2,1.5,20,1.0,0.0,1.0
GC2,lingauss2,1.5,20,1.0,0.125,0.875
PC,lingauss2,1.5,20,0.0,0.25,-0.25
GC1,lingauss2,1.5,21,1.0,0.0,1.0
GC2,lingauss2,1.5,21,1.0,0.0,1.0
PC,lingauss2,1.5,21,0.0,0.25,-0.25
GC1,lingauss2,1.5,22,1.0,0.0,1.0
GC2,lingauss2,1.5,22,1.0,0.0,1.0
PC,lingauss2,1.5,22,0.0,0.25,-0.25
GC1,lingauss2,1.5,23,1.0,0.0,1.0
GC2,lingauss2,1.5,23,0.75,0.125,0.625
PC,lingauss2,1.5,23,0.0,0.25,-0.25
GC1,lingauss2,1.5,24,1.0,0.0,1.0
GC2,lingauss2,1.5,24,1.0,0.0,1.0
PC,lingauss2,1.5,24,0.0,0.25,-0.25
GC1,lingauss2,1.5,25,1.0,0.25,0.75
GC2,lingauss2,1.5,25,1.0,0.125,0.875
PC,lingauss2,1.5,25,0.25,0.125,0.125
GC1,lingauss2,1.5,26,1.0,0.0,1.0
GC2,lingauss2,1.5,26,1.0,0.0,1.0
PC,lingauss2,1.5,26,0.0,0.25,-0.25
GC1,lingauss2,1.5,27,0.0,0.625,-0.625
GC2,lingauss2,1.5,27,1.0,0.0,1.0
PC,lingauss2,1.5,27,0.0,0.5,-0.5
GC1,lingauss2,1.5,28,0.75,0.125,0.625
GC2,lingauss2,1.5,28,1.0,0.0,1.0
PC,lingauss2,1.5,28,0.0,0.25,-0.25
GC1,lingauss2,1.5,29,1.0,0.0,1.0
GC2,lingauss2,1.5,29,1.0,0.0,1.0
PC,lingauss2,1.5,29,0.0,0.25,-0.25
GC1,lingauss2,1.5,30,1.0,0.0,1.0
GC2,lingauss2,1.5,30,1.0,0.0,1.0
PC,lingauss2,1.5,30,0.0,0.25,-0.25
GC1,lingauss2,1.5,31,1.0,0.0,1.0
GC2,lingauss2,1.5,31,1.0,0.125,0.875
PC,lingauss2,1.5,31,0.0,0.25,-0.25
GC1,lingauss2,1.5,32,1.0,0.0,1.0
GC2,lingauss2,1.5,32,1.0,0.0,1.0
PC,lingauss2,1.5,32,0.0,0.25,-0.25
GC1,lingauss2,1.5,33,1.0,0.0,1.0
GC2,lingauss2,1.5,33,1.0,0.0,1.0
PC,lingauss2,1.5,33,0.0,0.25,-0.25
GC1,lingauss2,1.5,34,1.0,0.0,1.0
GC2,lingauss2,1.5,34,1.0,0.125,0.875
PC,lingauss2,1.5,34,0.0,0.25,-0.25
GC1,lingauss2,1.5,35,1.0,0.0,1.0
GC2,lingauss2,1.5,35,0.75,0.125,0.625
PC,lingauss2,1.5,35,0.0,0.25,-0.25
GC1,lingauss2,1.5,36,1.0,0.0,1.0
GC2,lingauss2,1.5,36,1.0,0.125,0.875
PC,lingauss2,1.5,36,0.0,0.25,-0.25
GC1,lingauss2,1.5,37,1.0,0.0,1.0
GC2,lingauss2,1.5,37,1.0,0.0,1.0
PC,lingauss2,1.5,37,0.0,0.25,-0.25
GC1,lingauss2,1.5,38,1.0,0.0,1.0
GC2,lingauss2,1.5,38,1.0,0.0,1.0
PC,lingauss2,1.5,38,0.0,0.25,-0.25
GC1,lingauss2,1.5,39,1.0,0.0,1.0
GC2,lingauss2,1.5,39,1.0,0.0,1.0
PC,lingauss2,1.5,39,0.0,0.25,-0.25
GC1,lingauss2,1.5,40,1.0,0.125,0.875
GC2,lingauss2,1.5,40,0.75,0.25,0.5
PC,lingauss2,1.5,40,0.0,0.25,-0.25
GC1,lingauss2,1.5,41,1.0,0.0,1.0
GC2,lingauss2,1.5,41,1.0,0.0,1.0
PC,lingauss2,1.5,41,0.0,0.25,-0.25
GC1,lingauss2,1.5,42,1.0,0.0,1.0
GC2,lingauss2,1.5,42,1.0,0.0,1.0
PC,lingauss2,1.5,42,0.0,0.25,-0.25
GC1,lingauss2,1.5,43,1.0,0.0,1.0
GC2,lingauss2,1.5,43,1.0,0.0,1.0
PC,lingauss2,1.5,43,0.0,0.25,-0.25
GC1,lingauss2,1.5,44,0.25,0.5,-0.25
GC2,lingauss2,1.5,44,1.0,0.125,0.875
PC,lingauss2,1.5,44,0.0,0.5,-0.5
GC1,lingauss2,1.5,45,1.0,0.0,1.0
GC2,lingauss2,1.5,45,1.0,0.0,1.0
PC,lingauss2,1.5,45,0.0,0.25,-0.25
GC1,lingauss2,1.5,46,1.0,0.0,1.0
GC2,lingauss2,1.5,46,1.0,0.0,1.0
PC,lingauss2,1.5,46,0.0,0.25,-0.25
GC1,lingauss2,1.5,47,1.0,0.0,1.0
GC2,lingauss2,1.5,47,1.0,0.0,1.0
PC,lingauss2,1.5,47,0.0,0.25,-0.25
GC1,lingauss2,1.5,48,1.0,0.0,1.0
GC2,lingauss2,1.5,48,1.0,0.0,1.0
PC,lingauss2,1.5,48,0.0,0.25,-0.25
GC1,lingauss2,1.5,49,1.0,0.0,1.0
GC2,lingauss2,1.5,49,1.0,0.125,0.875
PC,lingauss2,1.5,49,0.0,0.25,-0.25
GC1,lingauss2,2.0,0,1.0,0.0,1.0
GC2,lingauss2,2.0,0,1.0,0.0,1.0
PC,lingauss2,2.0,0,0.0,0.25,-0.25
GC1,lingauss2,2.0,1,1.0,0.0,1.0
GC2,lingauss2,2.0,1,1.0,0.0,1.0
PC,lingauss2,2.0,1,0.0,0.25,-0.25
GC1,lingauss2,2.0,2,1.0,0.0,1.0
GC2,lingauss2,2.0,2,1.0,0.0,1.0
PC,lingauss2,2.0,2,0.0,0.25,-0.25
GC1,lingauss2,2.0,3,1.0,0.0,1.0
GC2,lingauss2,2.0,3,0.75,0.125,0.625
PC,lingauss2,2.0,3,0.0,0.25,-0.25
GC1,lingauss2,2.0,4,1.0,0.0,1.0
GC2,lingauss2,2.0,4,1.0,0.125,0.875
PC,lingauss2,2.0,4,0.0,0.25,-0.25
GC1,lingauss2,2.0,5,1.0,0.0,1.0
GC2,lingauss2,2.0,5,1.0,0.0,1.0
PC,lingauss2,2.0,5,0.0,0.25,-0.25
GC1,lingauss2,2.0,6,0.75,0.125,0.625
GC2,lingauss2,2.0,6,1.0,0.0,1.0
PC,lingauss2,2.0,6,0.0,0.5,-0.5
GC1,lingauss2,2.0,7,1.0,0.125,0.875
GC2,lingauss2,2.0,7,1.0,0.25,0.75
PC,lingauss2,2.0,7,0.0,0.25,-0.25
GC1,lingauss2,2.0,8,1.0,0.0,1.0
GC2,lingauss2,2.0,8,0.75,0.125,0.625
PC,lingauss2,2.0,8,0.0,0.25,-0.25
GC1,lingauss2,2.0,9,0.75,0.125,0.625
GC2,lingauss2,2.0,9,0.75,0.125,0.625
PC,lingauss2,2.0,9,0.0,0.25,-0.25
GC1,lingauss2,2.0,10,1.0,0.25,0.75
GC2,lingauss2,2.0,10,1.0,0.0,1.0
PC,lingauss2,2.0,10,0.0,0.25,-0.25
GC1,lingauss2,2.0,11,1.0,0.0,1.0
GC2,lingauss2,2.0,11,0.75,0.25,0.5
PC,lingauss2,2.0,11,0.0,0.25,-0.25
GC1,lingauss2,2.0,12,0.75,0.125,0.625
GC2,lingauss2,2.0,12,0.75,0.125,0.625
PC,lingauss2,2.0,12,0.0,0.5,-0.5
GC1,lingauss2,2.0,13,1.0,0.0,1.0
GC2,lingauss2,2.0,13,1.0,0.0,1.0
PC,lingauss2,2.0,13,0.0,0.25,-0.25
GC1,lingauss2,2.0,14,1.0,0.0,1.0
GC2,lingauss2,2.0,14,1.0,0.0,1.0
PC,lingauss2,2.0,14,0.0,0.25,-0.25
GC1,lingauss2,2.0,15,1.0,0.0,1.0
GC2,lingauss2,2.0,15,1.0,0.0,1.0
PC,lingauss2,2.0,15,0.0,0.25,-0.25
GC1,lingauss2,2.0,16,1.0,0.0,1.0
GC2,lingauss2,2.0,16,1.0,0.0,1.0
PC,lingauss2,2.0,16,0.0,0.25,-0.25
GC1,lingauss2,2.0,17,1.0,0.0,1.0
GC2,lingauss2,2.0,17,1.0,0.0,1.0
PC,lingauss2,2.0,17,0.0,0.25,-0.25
GC1,lingauss2,2.0,18,1.0,0.0,1.0
GC2,lingauss2,2.0,18,0.75,0.125,0.625
PC,lingauss2,2.0,18,0.0,0.25,-0.25
GC1,lingauss2,2.0,19,1.0,0.0,1.0
GC2,lingauss2,2.0,19,1.0,0.0,1.0
PC,lingauss2,2.0,19,0.0,0.25,-0.25
GC1,lingauss2,2.0,20,1.0,0.0,1.0
GC2,lingauss2,2.0,20,1.0,0.125,0.875
PC,lingauss2,2.0,20,0.0,0.25,-0.25
GC1,lingauss2,2.0,21,1.0,0.0,1.0
GC2,lingauss2,2.0,21,1.0,0.0,1.0
PC,lingauss2,2.0,21,0.0,0.25,-0.25
GC1,lingauss2,2.0,22,1.0,0.0,1.0
GC2,lingauss2,2.0,22,1.0,0.0,1.0
PC,lingauss2,2.0,22,0.0,0.25,-0.25
GC1,lingauss2,2.0,23,1.0,0.0,1.0
GC2,lingauss2,2.0,23,0.75,0.125,0.625
PC,lingauss2,2.0,23,0.0,0.25,-0.25
GC1,lingauss2,2.0,24,1.0,0.0,1.0
GC2,lingauss2,2.0,24,1.0,0.0,1.0
PC,lingauss2,2.0,24,0.0,0.25,-0.25
GC1,lingauss2,2.0,25,1.0,0.25,0.75
GC2,lingauss2,2.0,25,1.0,0.125,0.875
PC,lingauss2,2.0,25,0.25,0.125,0.125
GC1,lingauss2,2.0,26,1.0,0.0,1.0
GC2,lingauss2,2.0,26,1.0,0.0,1.0
PC,lingauss2,2.0,26,0.0,0.25,-0.25
GC1,lingauss2,2.0,27,0.0,0.625,-0.625
GC2,lingauss2,2.0,27,1.0,0.0,1.0
PC,lingauss2,2.0,27,0.0,0.5,-0.5
GC1,lingauss2,2.0,28,0.75,0.125,0.625
GC2,lingauss2,2.0,28,1.0,0.0,1.0
PC,lingauss2,2.0,28,0.0,0.25,-0.25
GC1,lingauss2,2.0,29,1.0,0.0,1.0
GC2,lingauss2,2.0,29,1.0,0.0,1.0
PC,lingauss2,2.0,29,0.0,0.25,-0.25
GC1,lingauss2,2.0,30,1.0,0.0,1.0
GC2,lingauss2,2.0,30,1.0,0.0,1.0
PC,lingauss2,2.0,30,0.0,0.25,-0.25
GC1,lingauss2,2.0,31,1.0,0.0,1.0
GC2,lingauss2,2.0,31,1.0,0.125,0.875
PC,lingauss2,2.0,31,0.0,0.25,-0.25
GC1,lingauss2,2.0,32,1.0,0.0,1.0
GC2,lingauss2,2.0,32,1.0,0.0,1.0
PC,lingauss2,2.0,32,0.0,0.25,-0.25
GC1,lingauss2,2.0,33,1.0,0.0,1.0
GC2,lingauss2,2.0,33,1.0,0.0,1.0
PC,lingauss2,2.0,33,0.0,0.25,-0.25
GC1,lingauss2,2.0,34,1.0,0.0,1.0
GC2,lingauss2,2.0,34,1.0,0.125,0.875
PC,lingauss2,2.0,34,0.0,0.25,-0.25
GC1,lingauss2,2.0,35,1.0,0.0,1.0
GC2,lingauss2,2.0,35,0.75,0.125,0.625
PC,lingauss2,2.0,35,0.0,0.25,-0.25
GC1,lingauss2,2.0,36,1.0,0.0,1.0
GC2,lingauss2,2.0,36,1.0,0.125,0.875
PC,lingauss2,2.0,36,0.0,0.25,-0.25
GC1,lingauss2,2.0,37,1.0,0.0,1.0
GC2,lingauss2,2.0,37,1.0,0.0,1.0
PC,lingauss2,2.0,37,0.0,0.25,-0.25
GC1,lingauss2,2.0,38,1.0,0.0,1.0
GC2,lingauss2,2.0,38,1.0,0.0,1.0
PC,lingauss2,2.0,38,0.0,0.25,-0.25
GC1,lingauss2,2.0,39,1.0,0.0,1.0
GC2,lingauss2,2.0,39,1.0,0.0,1.0
PC,lingauss2,2.0,39,0.0,0.25,-0.25
GC1,lingauss2,2.0,40,1.0,0.125,0.875
GC2,lingauss2,2.0,40,0.75,0.25,0.5
PC,lingauss2,2.0,40,0.0,0.25,-0.25
GC1,lingauss2,2.0,41,1.0,0.0,1.0
GC2,lingauss2,2.0,41,1.0,0.0,1.0
PC,lingauss2,2.0,41,0.0,0.25,-0.25
GC1,lingauss2,2.0,42,1.0,0.0,1.0
GC2,lingauss2,2.0,42,1.0,0.0,1.0
PC,lingauss2,2.0,42,0.0,0.25,-0.25
GC1,lingauss2,2.0,43,1.0,0.0,1.0
GC2,lingauss2,2.0,43,1.0,0.0,1.0
PC,lingauss2,2.0,43,0.0,0.25,-0.25
GC1,lingauss2,2.0,44,0.25,0.5,-0.25
GC2,lingauss2,2.0,44,1.0,0.125,0.875
PC,lingauss2,2.0,44,0.0,0.5,-0.5
GC1,lingauss2,2.0,45,1.0,0.0,1.0
GC2,lingauss2,2.0,45,1.0,0.0,1.0
PC,lingauss2,2.0,45,0.0,0.25,-0.25
GC1,lingauss2,2.0,46,1.0,0.0,1.0
GC2,lingauss2,2.0,46,1.0,0.0,1.0
PC,lingauss2,2.0,46,0.0,0.25,-0.25
GC1,lingauss2,2.0,47,1.0,0.0,1.0
GC2,lingauss2,2.0,47,1.0,0.0,1.0
PC,lingauss2,2.0,47,0.0,0.25,-0.25
GC1,lingauss2,2.0,48,1.0,0.0,1.0
GC2,lingauss2,2.0,48,1.0,0.0,1.0
PC,lingauss2,2.0,48,0.0,0.25,-0.25
GC1,lingauss2,2.0,49,1.0,0.0,1.0
GC2,lingauss2,2.0,49,1.0,0.125,0.875
PC,lingauss2,2.0,49,0.0,0.25,-0.25
GC1,lingauss2,2.5,0,1.0,0.0,1.0
GC2,lingauss2,2.5,0,1.0,0.0,1.0
PC,lingauss2,2.5,0,0.0,0.25,-0.25
GC1,lingauss2,2.5,1,1.0,0.0,1.0
GC2,lingauss2,2.5,1,1.0,0.0,1.0
PC,lingauss2,2.5,1,0.0,0.25,-0.25
GC1,lingauss2,2.5,2,1.0,0.0,1.0
GC2,lingauss2,2.5,2,1.0,0.0,1.0
PC,lingauss2,2.5,2,0.0,0.25,-0.25
GC1,lingauss2,2.5,3,1.0,0.0,1.0
GC2,lingauss2,2.5,3,0.75,0.125,0.625
PC,lingauss2,2.5,3,0.0,0.25,-0.25
GC1,lingauss2,2.5,4,1.0,0.0,1.0
GC2,lingauss2,2.5,4,1.0,0.125,0.875
PC,lingauss2,2.5,4,0.0,0.25,-0.25
GC1,lingauss2,2.5,5,1.0,0.0,1.0
GC2,lingauss2,2.5,5,1.0,0.0,1.0
PC,lingauss2,2.5,5,0.0,0.25,-0.25
GC1,lingauss2,2.5,6,0.75,0.125,0.625
GC2,lingauss2,2.5,6,1.0,0.0,1.0
PC,lingauss2,2.5,6,0.0,0.5,-0.5
GC1,lingauss2,2.5,7,1.0,0.125,0.875
GC2,lingauss2,2.5,7,1.0,0.25,0.75
PC,lingauss2,2.5,7,0.0,0.25,-0.25
GC1,lingauss2,2.5,8,1.0,0.0,1.0
GC2,lingauss2,2.5,8,0.75,0.125,0.625
PC,lingauss2,2.5,8,0.0,0.25,-0.25
GC1,lingauss2,2.5,9,0.75,0.125,0.625
GC2,lingauss2,2.5,9,0.75,0.125,0.625
PC,lingauss2,2.5,9,0.0,0.25,-0.25
GC1,lingauss2,2.5,10,1.0,0.25,0.75
GC2,lingauss2,2.5,10,1.0,0.0,1.0
PC,lingauss2,2.5,10,0.0,0.25,-0.25
GC1,lingauss2,2.5,11,1.0,0.0,1.0
GC2,lingauss2,2.5,11,0.75,0.25,0.5
PC,lingauss2,2.5,11,0.0,0.25,-0.25
GC1,lingauss2,2.5,12,0.75,0.125,0.625
GC2,lingauss2,2.5,12,0.75,0.125,0.625
PC,lingauss2,2.5,12,0.0,0.5,-0.5
GC1,lingauss2,2.5,13,1.0,0.0,1.0
GC2,lingauss2,2.5,13,1.0,0.0,1.0
PC,lingauss2,2.5,13,0.0,0.25,-0.25
GC1,lingauss2,2.5,14,1.0,0.0,1.0
GC2,lingauss2,2.5,14,1.0,0.0,1.0
PC,lingauss2,2.5,14,0.0,0.25,-0.25
GC1,lingauss2,2.5,15,1.0,0.0,1.0
GC2,lingauss2,2.5,15,1.0,0.0,1.0
PC,lingauss2,2.5,15,0.0,0.25,-0.25
GC1,lingauss2,2.5,16,1.0,0.0,1.0
GC2,lingauss2,2.5,16,1.0,0.0,1.0
PC,lingauss2,2.5,16,0.0,0.25,-0.25
GC1,lingauss2,2.5,17,1.0,0.0,1.0
GC2,lingauss2,2.5,17,1.0,0.0,1.0
PC,lingauss2,2.5,17,0.0,0.25,-0.25
GC1,lingauss2,2.5,18,1.0,0.0,1.0
GC2,lingauss2,2.5,18,0.75,0.125,0.625
PC,lingauss2,2.5,18,0.0,0.25,-0.25
GC1,lingauss2,2.5,19,1.0,0.0,1.0
GC2,lingauss2,2.5,19,1.0,0.0,1.0
PC,lingauss2,2.5,19,0.0,0.25,-0.25
GC1,lingauss2,2.5,20,1.0,0.0,1.0
GC2,lingauss2,2.5,20,1.0,0.125,0.875
PC,lingauss2,2.5,20,0.0,0.25,-0.25
GC1,lingauss2,2.5,21,1.0,0.0,1.0
GC2,lingauss2,2.5,21,1.0,0.0,1.0
PC,lingauss2,2.5,21,0.0,0.25,-0.25
GC1,lingauss2,2.5,22,1.0,0.0,1.0
GC2,lingauss2,2.5,22,1.0,0.0,1.0
PC,lingauss2,2.5,22,0.0,0.25,-0.25
GC1,lingauss2,2.5,23,1.0,0.0,1.0
GC2,lingauss2,2.5,23,0.75,0.125,0.625
PC,lingauss2,2.5,23,0.0,0.25,-0.25
GC1,lingauss2,2.5,24,1.0,0.0,1.0
GC2,lingauss2,2.5,24,1.0,0.0,1.0
PC,lingauss2,2.5,24,0.0,0.25,-0.25
GC1,lingauss2,2.5,25,1.0,0.25,0.75
GC2,lingauss2,2.5,25,1.0,0.125,0.875
PC,lingauss2,2.5,25,0.25,0.125,0.125
GC1,lingauss2,2.5,26,1.0,0.0,1.0
GC2,lingauss2,2.5,26,1.0,0.0,1.0
PC,lingauss2,2.5,26,0.0,0.25,-0.25
GC1,lingauss2,2.5,27,0.0,0.625,-0.625
GC2,lingauss2,2.5,27,1.0,0.0,1.0
PC,lingauss2,2.5,27,0.0,0.5,-0.5
GC1,lingauss2,2.5,28,0.75,0.125,0.625
GC2,lingauss2,2.5,28,1.0,0.0,1.0
PC,lingauss2,2.5,28,0.0,0.25,-0.25
GC1,lingauss2,2.5,29,1.0,0.0,1.0
GC2,lingauss2,2.5,29,1.0,0.0,1.0
PC,lingauss2,2.5,29,0.0,0.25,-0.25
GC1,lingauss2,2.5,30,1.0,0.0,1.0
GC2,lingauss2,2.5,30,1.0,0.0,1.0
PC,lingauss2,2.5,30,0.0,0.25,-0.25
GC1,lingauss2,2.5,31,1.0,0.0,1.0
GC2,lingauss2,2.5,31,1.0,0.125,0.875
PC,lingauss2,2.5,31,0.0,0.25,-0.25
GC1,lingauss2,2.5,32,1.0,0.0,1.0
GC2,lingauss2,2.5,32,1.0,0.0,1.0
PC,lingauss2,2.5,32,0.0,0.25,-0.25
GC1,lingauss2,2.5,33,1.0,0.0,1.0
GC2,lingauss2,2.5,33,1.0,0.0,1.0
PC,lingauss2,2.5,33,0.0,0.25,-0.25
GC1,lingauss2,2.5,34,1.0,0.0,1.0
GC2,lingauss2,2.5,34,1.0,0.125,0.875
PC,lingauss2,2.5,34,0.0,0.25,-0.25
GC1,lingauss2,2.5,35,1.0,0.0,1.0
GC2,lingauss2,2.5,35,0.75,0.125,0.625
PC,lingauss2,2.5,35,0.0,0.25,-0.25
GC1,lingauss2,2.5,36,1.0,0.0,1.0
GC2,lingauss2,2.5,36,1.0,0.125,0.875
PC,lingauss2,2.5,36,0.0,0.25,-0.25
GC1,lingauss2,2.5,37,1.0,0.0,1.0
GC2,lingauss2,2.5,37,1.0,0.0,1.0
PC,lingauss2,2.5,37,0.0,0.25,-0.25
GC1,lingauss2,2.5,38,1.0,0.0,1.0
GC2,lingauss2,2.5,38,1.0,0.0,1.0
PC,lingauss2,2.5,38,0.0,0.25,-0.25
GC1,lingauss2,2.5,39,1.0,0.0,1.0
GC2,lingauss2,2.5,39,1.0,0.0,1.0
PC,lingauss2,2.5,39,0.0,0.25,-0.25
GC1,lingauss2,2.5,40,1.0,0.125,0.875
GC2,lingauss2,2.5,40,0.75,0.25,0.5
PC,lingauss2,2.5,40,0.0,0.25,-0.25
GC1,lingauss2,2.5,41,1.0,0.0,1.0
GC2,lingauss2,2.5,41,1.0,0.0,1.0
PC,lingauss2,2.5,41,0.0,0.25,-0.25
GC1,lingauss2,2.5,42,1.0,0.0,1.0
GC2,lingauss2,2.5,42,1.0,0.0,1.0
PC,lingauss2,2.5,42,0.0,0.25,-0.25
GC1,lingauss2,2.5,43,1.0,0.0,1.0
GC2,lingauss2,2.5,43,1.0,0.0,1.0
PC,lingauss2,2.5,43,0.0,0.25,-0.25
GC1,lingauss2,2.5,44,0.25,0.5,-0.25
GC2,lingauss2,2.5,44,1.0,0.125,0.875
PC,lingauss2,2.5,44,0.0,0.5,-0.5
GC1,lingauss2,2.5,45,1.0,0.0,1.0
GC2,lingauss2,2.5,45,1.0,0.0,1.0
PC,lingauss2,2.5,45,0.0,0.25,-0.25
GC1,lingauss2,2.5,46,1.0,0.0,1.0
GC2,lingauss2,2.5,46,1.0,0.0,1.0
PC,lingauss2,2.5,46,0.0,0.25,-0.25
GC1,lingauss2,2.5,47,1.0,0.0,1.0
GC2,lingauss2,2.5,47,1.0,0.0,1.0
PC,lingauss2,2.5,47,0.0,0.25,-0.25
GC1,lingauss2,2.5,48,1.0,0.0,1.0
GC2,lingauss2,2.5,48,1.0,0.0,1.0
PC,lingauss2,2.5,48,0.0,0.25,-0.25
GC1,lingauss2,2.5,49,1.0,0.0,1.0
GC2,lingauss2,2.5,49,1.0,0.125,0.875
PC,lingauss2,2.5,49,0.0,0.25,-0.25
GC1,lingauss2,3.0,0,1.0,0.0,1.0
GC2,lingauss2,3.0,0,1.0,0.0,1.0
PC,lingauss2,3.0,0,0.0,0.25,-0.25
GC1,lingauss2,3.0,1,1.0,0.0,1.0
GC2,lingauss2,3.0,1,1.0,0.0,1.0
PC,lingauss2,3.0,1,0.0,0.25,-0.25
GC1,lingauss2,3.0,2,1.0,0.0,1.0
GC2,lingauss2,3.0,2,1.0,0.0,1.0
PC,lingauss2,3.0,2,0.0,0.25,-0.25
GC1,lingauss2,3.0,3,1.0,0.0,1.0
GC2,lingauss2,3.0,3,0.75,0.125,0.625
PC,lingauss2,3.0,3,0.0,0.25,-0.25
GC1,lingauss2,3.0,4,1.0,0.0,1.0
GC2,lingauss2,3.0,4,1.0,0.125,0.875
PC,lingauss2,3.0,4,0.0,0.25,-0.25
GC1,lingauss2,3.0,5,1.0,0.0,1.0
GC2,lingauss2,3.0,5,1.0,0.0,1.0
PC,lingauss2,3.0,5,0.0,0.25,-0.25
GC1,lingauss2,3.0,6,0.75,0.125,0.625
GC2,lingauss2,3.0,6,1.0,0.0,1.0
PC,lingauss2,3.0,6,0.0,0.5,-0.5
GC1,lingauss2,3.0,7,1.0,0.125,0.875
GC2,lingauss2,3.0,7,1.0,0.25,0.75
PC,lingauss2,3.0,7,0.0,0.25,-0.25
GC1,lingauss2,3.0,8,1.0,0.0,1.0
GC2,lingauss2,3.0,8,0.75,0.125,0.625
PC,lingauss2,3.0,8,0.0,0.25,-0.25
GC1,lingauss2,3.0,9,0.75,0.125,0.625
GC2,lingauss2,3.0,9,0.75,0.125,0.625
PC,lingauss2,3.0,9,0.0,0.25,-0.25
GC1,lingauss2,3.0,10,1.0,0.25,0.75
GC2,lingauss2,3.0,10,1.0,0.0,1.0
PC,lingauss2,3.0,10,0.0,0.25,-0.25
GC1,lingauss2,3.0,11,1.0,0.0,1.0
GC2,lingauss2,3.0,11,0.75,0.25,0.5
PC,lingauss2,3.0,11,0.0,0.25,-0.25
GC1,lingauss2,3.0,12,0.75,0.125,0.625
GC2,lingauss2,3.0,12,0.75,0.125,0.625
PC,lingauss2,3.0,12,0.0,0.5,-0.5
GC1,lingauss2,3.0,13,1.0,0.0,1.0
GC2,lingauss2,3.0,13,1.0,0.0,1.0
PC,lingauss2,3.0,13,0.0,0.25,-0.25
GC1,lingauss2,3.0,14,1.0,0.0,1.0
GC2,lingauss2,3.0,14,1.0,0.0,1.0
PC,lingauss2,3.0,14,0.0,0.25,-0.25
GC1,lingauss2,3.0,15,1.0,0.0,1.0
GC2,lingauss2,3.0,15,1.0,0.0,1.0
PC,lingauss2,3.0,15,0.0,0.25,-0.25
GC1,lingauss2,3.0,16,1.0,0.0,1.0
GC2,lingauss2,3.0,16,1.0,0.0,1.0
PC,lingauss2,3.0,16,0.0,0.25,-0.25
GC1,lingauss2,3.0,17,1.0,0.0,1.0
GC2,lingauss2,3.0,17,1.0,0.0,1.0
PC,lingauss2,3.0,17,0.0,0.25,-0.25
GC1,lingauss2,3.0,18,1.0,0.0,1.0
GC2,lingauss2,3.0,18,0.75,0.125,0.625
PC,lingauss2,3.0,18,0.0,0.25,-0.25
GC1,lingauss2,3.0,19,1.0,0.0,1.0
GC2,lingauss2,3.0,19,1.0,0.0,1.0
PC,lingauss2,3.0,19,0.0,0.25,-0.25
GC1,lingauss2,3.0,20,1.0,0.0,1.0
GC2,lingauss2,3.0,20,1.0,0.125,0.875
PC,lingauss2,3.0,20,0.0,0.25,-0.25
GC1,lingauss2,3.0,21,1.0,0.0,1.0
GC2,lingauss2,3.0,21,1.0,0.0,1.0
PC,lingauss2,3.0,21,0.0,0.25,-0.25
GC1,lingauss2,3.0,22,1.0,0.0,1.0
GC2,lingauss2,3.0,22,1.0,0.0,1.0
PC,lingauss2,3.0,22,0.0,0.25,-0.25
GC1,lingauss2,3.0,23,1.0,0.0,1.0
GC2,lingauss2,3.0,23,0.75,0.125,0.625
PC,lingauss2,3.0,23,0.0,0.25,-0.25
GC1,lingauss2,3.0,24,1.0,0.0,1.0
GC2,lingauss2,3.0,24,1.0,0.0,1.0
PC,lingauss2,3.0,24,0.0,0.25,-0.25
GC1,lingauss2,3.0,25,1.0,0.25,0.75
GC2,lingauss2,3.0,25,1.0,0.125,0.875
PC,lingauss2,3.0,25,0.25,0.125,0.125
GC1,lingauss2,3.0,26,1.0,0.0,1.0
GC2,lingauss2,3.0,26,1.0,0.0,1.0
PC,lingauss2,3.0,26,0.0,0.25,-0.25
GC1,lingauss2,3.0,27,0.0,0.625,-0.625
GC2,lingauss2,3.0,27,1.0,0.0,1.0
PC,lingauss2,3.0,27,0.0,0.5,-0.5
GC1,lingauss2,3.0,28,0.75,0.125,0.625
GC2,lingauss2,3.0,28,1.0,0.0,1.0
PC,lingauss2,3.0,28,0.0,0.25,-0.25
GC1,lingauss2,3.0,29,1.0,0.0,1.0
GC2,lingauss2,3.0,29,1.0,0.0,1.0
PC,lingauss2,3.0,29,0.0,0.25,-0.25
GC1,lingauss2,3.0,30,1.0,0.0,1.0
GC2,lingauss2,3.0,30,1.0,0.0,1.0
PC,lingauss2,3.0,30,0.0,0.25,-0.25
GC1,lingauss2,3.0,31,1.0,0.0,1.0
GC2,lingauss2,3.0,31,1.0,0.125,0.875
PC,lingauss2,3.0,31,0.0,0.25,-0.25
GC1,lingauss2,3.0,32,1.0,0.0,1.0
GC2,lingauss2,3.0,32,1.0,0.0,1.0
PC,lingauss2,3.0,32,0.0,0.25,-0.25
GC1,lingauss2,3.0,33,1.0,0.0,1.0
GC2,lingauss2,3.0,33,1.0,0.0,1.0
PC,lingauss2,3.0,33,0.0,0.25,-0.25
GC1,lingauss2,3.0,34,1.0,0.0,1.0
GC2,lingauss2,3.0,34,1.0,0.125,0.875
PC,lingauss2,3.0,34,0.0,0.25,-0.25
GC1,lingauss2,3.0,35,1.0,0.0,1.0
GC2,lingauss2,3.0,35,0.75,0.125,0.625
PC,lingauss2,3.0,35,0.0,0.25,-0.25
GC1,lingauss2,3.0,36,1.0,0.0,1.0
GC2,lingauss2,3.0,36,1.0,0.125,0.875
PC,lingauss2,3.0,36,0.0,0.25,-0.25
GC1,lingauss2,3.0,37,1.0,0.0,1.0
GC2,lingauss2,3.0,37,1.0,0.0,1.0
PC,lingauss2,3.0,37,0.0,0.25,-0.25
GC1,lingauss2,3.0,38,1.0,0.0,1.0
GC2,lingauss2,3.0,38,1.0,0.0,1.0
PC,lingauss2,3.0,38,0.0,0.25,-0.25
GC1,lingauss2,3.0,39,1.0,0.0,1.0
GC2,lingauss2,3.0,39,1.0,0.0,1.0
PC,lingauss2,3.0,39,0.0,0.25,-0.25
GC1,lingauss2,3.0,40,1.0,0.125,0.875
GC2,lingauss2,3.0,40,0.75,0.25,0.5
PC,lingauss2,3.0,40,0.0,0.25,-0.25
GC1,lingauss2,3.0,41,1.0,0.0,1.0
GC2,lingauss2,3.0,41,1.0,0.0,1.0
PC,lingauss2,3.0,41,0.0,0.25,-0.25
GC1,lingauss2,3.0,42,1.0,0.0,1.0
GC2,lingauss2,3.0,42,1.0,0.0,1.0
PC,lingauss2,3.0,42,0.0,0.25,-0.25
GC1,lingauss2,3.0,43,1.0,0.0,1.0
GC2,lingauss2,3.0,43,1.0,0.0,1.0
PC,lingauss2,3.0,43,0.0,0.25,-0.25
GC1,lingauss2,3.0,44,0.25,0.5,-0.25
GC2,lingauss2,3.0,44,1.0,0.125,0.875
PC,lingauss2,3.0,44,0.0,0.5,-0.5
GC1,lingauss2,3.0,45,1.0,0.0,1.0
GC2,lingauss2,3.0,45,1.0,0.0,1.0
PC,lingauss2,3.0,45,0.0,0.25,-0.25
GC1,lingauss2,3.0,46,1.0,0.0,1.0
GC2,lingauss2,3.0,46,1.0,0.0,1.0
PC,lingauss2,3.0,46,0.0,0.25,-0.25
GC1,lingauss2,3.0,47,1.0,0.0,1.0
GC2,lingauss2,3.0,47,1.0,0.0,1.0
PC,lingauss2,3.0,47,0.0,0.25,-0.25
GC1,lingauss2,3.0,48,1.0,0.0,1.0
GC2,lingauss2,3.0,48,1.0,0.0,1.0
PC,lingauss2,3.0,48,0.0,0.25,-0.25
GC1,lingauss2,3.0,49,1.0,0.0,1.0
GC2,lingauss2,3.0,49,1.0,0.125,0.875
PC,lingauss2,3.0,49,0.0,0.25,-0.25
GC1,lingauss2,3.5,0,1.0,0.0,1.0
GC2,lingauss2,3.5,0,1.0,0.0,1.0
PC,lingauss2,3.5,0,0.0,0.25,-0.25
GC1,lingauss2,3.5,1,1.0,0.0,1.0
GC2,lingauss2,3.5,1,1.0,0.0,1.0
PC,lingauss2,3.5,1,0.0,0.25,-0.25
GC1,lingauss2,3.5,2,1.0,0.0,1.0
GC2,lingauss2,3.5,2,1.0,0.0,1.0
PC,lingauss2,3.5,2,0.0,0.25,-0.25
GC1,lingauss2,3.5,3,1.0,0.0,1.0
GC2,lingauss2,3.5,3,0.75,0.125,0.625
PC,lingauss2,3.5,3,0.0,0.25,-0.25
GC1,lingauss2,3.5,4,1.0,0.0,1.0
GC2,lingauss2,3.5,4,1.0,0.125,0.875
PC,lingauss2,3.5,4,0.0,0.25,-0.25
GC1,lingauss2,3.5,5,1.0,0.0,1.0
GC2,lingauss2,3.5,5,1.0,0.0,1.0
PC,lingauss2,3.5,5,0.0,0.25,-0.25
GC1,lingauss2,3.5,6,0.75,0.125,0.625
GC2,lingauss2,3.5,6,1.0,0.0,1.0
PC,lingauss2,3.5,6,0.0,0.5,-0.5
GC1,lingauss2,3.5,7,1.0,0.125,0.875
GC2,lingauss2,3.5,7,1.0,0.25,0.75
PC,lingauss2,3.5,7,0.0,0.25,-0.25
GC1,lingauss2,3.5,8,1.0,0.0,1.0
GC2,lingauss2,3.5,8,0.75,0.125,0.625
PC,lingauss2,3.5,8,0.0,0.25,-0.25
GC1,lingauss2,3.5,9,0.75,0.125,0.625
GC2,lingauss2,3.5,9,0.75,0.125,0.625
PC,lingauss2,3.5,9,0.0,0.25,-0.25
GC1,lingauss2,3.5,10,1.0,0.25,0.75
GC2,lingauss2,3.5,10,1.0,0.0,1.0
PC,lingauss2,3.5,10,0.0,0.25,-0.25
GC1,lingauss2,3.5,11,1.0,0.0,1.0
GC2,lingauss2,3.5,11,0.75,0.25,0.5
PC,lingauss2,3.5,11,0.0,0.25,-0.25
GC1,lingauss2,3.5,12,0.75,0.125,0.625
GC2,lingauss2,3.5,12,0.75,0.125,0.625
PC,lingauss2,3.5,12,0.0,0.5,-0.5
GC1,lingauss2,3.5,13,1.0,0.0,1.0
GC2,lingauss2,3.5,13,1.0,0.0,1.0
PC,lingauss2,3.5,13,0.0,0.25,-0.25
GC1,lingauss2,3.5,14,1.0,0.0,1.0
GC2,lingauss2,3.5,14,1.0,0.0,1.0
PC,lingauss2,3.5,14,0.0,0.25,-0.25
GC1,lingauss2,3.5,15,1.0,0.0,1.0
GC2,lingauss2,3.5,15,1.0,0.0,1.0
PC,lingauss2,3.5,15,0.0,0.25,-0.25
GC1,lingauss2,3.5,16,1.0,0.0,1.0
GC2,lingauss2,3.5,16,1.0,0.0,1.0
PC,lingauss2,3.5,16,0.0,0.25,-0.25
GC1,lingauss2,3.5,17,1.0,0.0,1.0
GC2,lingauss2,3.5,17,1.0,0.0,1.0
PC,lingauss2,3.5,17,0.0,0.25,-0.25
GC1,lingauss2,3.5,18,1.0,0.0,1.0
GC2,lingauss2,3.5,18,0.75,0.125,0.625
PC,lingauss2,3.5,18,0.0,0.25,-0.25
GC1,lingauss2,3.5,19,1.0,0.0,1.0
GC2,lingauss2,3.5,19,1.0,0.0,1.0
PC,lingauss2,3.5,19,0.0,0.25,-0.25
GC1,lingauss2,3.5,20,1.0,0.0,1.0
GC2,lingauss2,3.5,20,1.0,0.125,0.875
PC,lingauss2,3.5,20,0.0,0.25,-0.25
GC1,lingauss2,3.5,21,1.0,0.0,1.0
GC2,lingauss2,3.5,21,1.0,0.0,1.0
PC,lingauss2,3.5,21,0.0,0.25,-0.25
GC1,lingauss2,3.5,22,1.0,0.0,1.0
GC2,lingauss2,3.5,22,1.0,0.0,1.0
PC,lingauss2,3.5,22,0.0,0.25,-0.25
GC1,lingauss2,3.5,23,1.0,0.0,1.0
GC2,lingauss2,3.5,23,0.75,0.125,0.625
PC,lingauss2,3.5,23,0.0,0.25,-0.25
GC1,lingauss2,3.5,24,1.0,0.0,1.0
GC2,lingauss2,3.5,24,1.0,0.0,1.0
PC,lingauss2,3.5,24,0.0,0.25,-0.25
GC1,lingauss2,3.5,25,1.0,0.25,0.75
GC2,lingauss2,3.5,25,1.0,0.125,0.875
PC,lingauss2,3.5,25,0.25,0.125,0.125
GC1,lingauss2,3.5,26,1.0,0.0,1.0
GC2,lingauss2,3.5,26,1.0,0.0,1.0
PC,lingauss2,3.5,26,0.0,0.25,-0.25
GC1,lingauss2,3.5,27,0.0,0.625,-0.625
GC2,lingauss2,3.5,27,1.0,0.0,1.0
PC,lingauss2,3.5,27,0.0,0.5,-0.5
GC1,lingauss2,3.5,28,0.75,0.125,0.625
GC2,lingauss2,3.5,28,1.0,0.0,1.0
PC,lingauss2,3.5,28,0.0,0.25,-0.25
GC1,lingauss2,3.5,29,1.0,0.0,1.0
GC2,lingauss2,3.5,29,1.0,0.0,1.0
PC,lingauss2,3.5,29,0.0,0.25,-0.25
GC1,lingauss2,3.5,30,1.0,0.0,1.0
GC2,lingauss2,3.5,30,1.0,0.0,1.0
PC,lingauss2,3.5,30,0.0,0.25,-0.25
GC1,lingauss2,3.5,31,1.0,0.0,1.0
GC2,lingauss2,3.5,31,1.0,0.125,0.875
PC,lingauss2,3.5,31,0.0,0.25,-0.25
GC1,lingauss2,3.5,32,1.0,0.0,1.0
GC2,lingauss2,3.5,32,1.0,0.0,1.0
PC,lingauss2,3.5,32,0.0,0.25,-0.25
GC1,lingauss2,3.5,33,1.0,0.0,1.0
GC2,lingauss2,3.5,33,1.0,0.0,1.0
PC,lingauss2,3.5,33,0.0,0.25,-0.25
GC1,lingauss2,3.5,34,1.0,0.0,1.0
GC2,lingauss2,3.5,34,1.0,0.125,0.875
PC,lingauss2,3.5,34,0.0,0.25,-0.25
GC1,lingauss2,3.5,35,1.0,0.0,1.0
GC2,lingauss2,3.5,35,0.75,0.125,0.625
PC,lingauss2,3.5,35,0.0,0.25,-0.25
GC1,lingauss2,3.5,36,1.0,0.0,1.0
GC2,lingauss2,3.5,36,1.0,0.125,0.875
PC,lingauss2,3.5,36,0.0,0.25,-0.25
GC1,lingauss2,3.5,37,1.0,0.0,1.0
GC2,lingauss2,3.5,37,1.0,0.0,1.0
PC,lingauss2,3.5,37,0.0,0.25,-0.25
GC1,lingauss2,3.5,38,1.0,0.0,1.0
GC2,lingauss2,3.5,38,1.0,0.0,1.0
PC,lingauss2,3.5,38,0.0,0.25,-0.25
GC1,lingauss2,3.5,39,1.0,0.0,1.0
GC2,lingauss2,3.5,39,1.0,0.0,1.0
PC,lingauss2,3.5,39,0.0,0.25,-0.25
GC1,lingauss2,3.5,40,1.0,0.125,0.875
GC2,lingauss2,3.5,40,0.75,0.25,0.5
PC,lingauss2,3.5,40,0.0,0.25,-0.25
GC1,lingauss2,3.5,41,1.0,0.0,1.0
GC2,lingauss2,3.5,41,1.0,0.0,1.0
PC,lingauss2,3.5,41,0.0,0.25,-0.25
GC1,lingauss2,3.5,42,1.0,0.0,1.0
GC2,lingauss2,3.5,42,1.0,0.0,1.0
PC,lingauss2,3.5,42,0.0,0.25,-0.25
GC1,lingauss2,3.5,43,1.0,0.0,1.0
GC2,lingauss2,3.5,43,1.0,0.0,1.0
PC,lingauss2,3.5,43,0.0,0.25,-0.25
GC1,lingauss2,3.5,44,0.25,0.5,-0.25
GC2,lingauss2,3.5,44,1.0,0.125,0.875
PC,lingauss2,3.5,44,0.0,0.5,-0.5
GC1,lingauss2,3.5,45,1.0,0.0,1.0
GC2,lingauss2,3.5,45,1.0,0.0,1.0
PC,lingauss2,3.5,45,0.0,0.25,-0.25
GC1,lingauss2,3.5,46,1.0,0.0,1.0
GC2,lingauss2,3.5,46,1.0,0.0,1.0
PC,lingauss2,3.5,46,0.0,0.25,-0.25
GC1,lingauss2,3.5,47,1.0,0.0,1.0
GC2,lingauss2,3.5,47,1.0,0.0,1.0
PC,lingauss2,3.5,47,0.0,0.25,-0.25
GC1,lingauss2,3.5,48,1.0,0.0,1.0
GC2,lingauss2,3.5,48,1.0,0.0,1.0
PC,lingauss2,3.5,48,0.0,0.25,-0.25
GC1,lingauss2,3.5,49,1.0,0.0,1.0
GC2,lingauss2,3.5,49,1.0,0.125,0.875
PC,lingauss2,3.5,49,0.0,0.25,-0.25
GC1,nonlinnongauss1,0.1,0,1.0,0.111111,0.888889
GC2,nonlinnongauss1,0.1,0,1.0,0.111111,0.888889
PC,nonlinnongauss1,0.1,0,0.0,0.222222,-0.222222
GC1,nonlinnongauss1,0.1,1,1.0,0.0,1.0
GC2,nonlinnongauss1,0.1,1,1.0,0.0,1.0
PC,nonlinnongauss1,0.1,1,0.0,0.222222,-0.222222
GC1,nonlinnongauss1,0.1,2,1.0,0.0,1.0
GC2,nonlinnongauss1,0.1,2,1.0,0.222222,0.777778
PC,nonlinnongauss1,0.1,2,0.0,0.0,0.0
GC1,nonlinnongauss1,0.1,3,1.0,0.0,1.0
GC2,nonlinnongauss1,0.1,3,1.0,0.111111,0.888889
PC,nonlinnongauss1,0.1,3,0.0,0.0,0.0
GC1,nonlinnongauss1,0.1,4,1.0,0.111111,0.888889
GC2,nonlinnongauss1,0.1,4,1.0,0.111111,0.888889
PC,nonlinnongauss1,0.1,4,0.0,0.333333,-0.333333
GC1,nonlinnongauss1,0.1,5,1.0,0.111111,0.888889
GC2,nonlinnongauss1,0.1,5,1.0,0.111111,0.888889
PC,nonlinnongauss1,0.1,5,0.0,0.222222,-0.222222
GC1,nonlinnongauss1,0.1,6,1.0,0.0,1.0
GC2,nonlinnongauss1,0.1,6,1.0,0.0,1.0
PC,nonlinnongauss1,0.1,6,0.0,0.222222,-0.222222
GC1,nonlinnongauss1,0.1,7,1.0,0.111111,0.888889
GC2,nonlinnongauss1,0.1,7,1.0,0.222222,0.777778
PC,nonlinnongauss1,0.1,7,0.0,0.222222,-0.222222
GC1,nonlinnongauss1,0.1,8,0.666667,0.444444,0.222222
GC2,nonlinnongauss1,0.1,8,0.666667,0.222222,0.444444
PC,nonlinnongauss1,0.1,8,0.0,0.666667,-0.666667
GC1,nonlinnongauss1,0.1,9,1.0,0.222222,0.777778
GC2,nonlinnongauss1,0.1,9,1.0,0.111111,0.888889
PC,nonlinnongauss1,0.1,9,0.0,0.222222,-0.222222
GC1,nonlinnongauss1,0.1,10,1.0,0.111111,0.888889
GC2,nonlinnongauss1,0.1,10,1.0,0.0,1.0
PC,nonlinnongauss1,0.1,10,0.0,0.222222,-0.222222
GC1,nonlinnongauss1,0.1,11,1.0,0.111111,0.888889
GC2,nonlinnongauss1,0.1,11,1.0,0.111111,0.888889
PC,nonlinnongauss1,0.1,11,0.0,0.111111,-0.111111
GC1,nonlinnongauss1,0.1,12,1.0,0.0,1.0
GC2,nonlinnongauss1,0.1,12,1.0,0.0,1.0
PC,nonlinnongauss1,0.1,12,0.0,0.222222,-0.222222
GC1,nonlinnongauss1,0.1,13,1.0,0.222222,0.777778
GC2,nonlinnongauss1,0.1,13,1.0,0.222222,0.777778
PC,nonlinnongauss1,0.1,13,0.0,0.333333,-0.333333
GC1,nonlinnongauss1,0.1,14,1.0,0.111111,0.888889
GC2,nonlinnongauss1,0.1,14,1.0,0.0,1.0
PC,nonlinnongauss1,0.1,14,0.0,0.444444,-0.444444
GC1,nonlinnongauss1,0.1,15,1.0,0.0,1.0
GC2,nonlinnongauss1,0.1,15,1.0,0.0,1.0
PC,nonlinnongauss1,0.1,15,0.0,0.222222,-0.222222
GC1,nonlinnongauss1,0.1,16,1.0,0.0,1.0
GC2,nonlinnongauss1,0.1,16,1.0,0.0,1.0
PC,nonlinnongauss1,0.1,16,0.0,0.222222,-0.222222
GC1,nonlinnongauss1,0.1,17,1.0,0.0,1.0
GC2,nonlinnongauss1,0.1,17,1.0,0.0,1.0
PC,nonlinnongauss1,0.1,17,0.0,0.222222,-0.222222
GC1,nonlinnongauss1,0.1,18,0.666667,0.111111,0.555556
GC2,nonlinnongauss1,0.1,18,0.666667,0.111111,0.555556
PC,nonlinnongauss1,0.1,18,0.0,0.222222,-0.222222
GC1,nonlinnongauss1,0.1,19,0.666667,0.111111,0.555556
GC2,nonlinnongauss1,0.1,19,0.333333,0.222222,0.111111
PC,nonlinnongauss1,0.1,19,0.0,0.222222,-0.222222
GC1,nonlinnongauss1,0.1,20,1.0,0.0,1.0
GC2,nonlinnongauss1,0.1,20,1.0,0.0,1.0
PC,nonlinnongauss1,0.1,20,0.0,0.222222,-0.222222
GC1,nonlinnongauss1,0.1,21,1.0,0.111111,0.888889
GC2,nonlinnongauss1,0.1,21,1.0,0.111111,0.888889
PC,nonlinnongauss1,0.1,21,0.0,0.222222,-0.222222
GC1,nonlinnongauss1,0.1,22,1.0,0.111111,0.888889
GC2,nonlinnongauss1,0.1,22,1.0,0.0,1.0
PC,nonlinnongauss1,0.1,22,0.0,0.0,0.0
GC1,nonlinnongauss1,0.1,23,1.0,0.0,1.0
GC2,nonlinnongauss1,0.1,23,1.0,0.111111,0.888889
PC,nonlinnongauss1,0.1,23,0.0,0.222222,-0.222222
GC1,nonlinnongauss1,0.1,24,1.0,0.111111,0.888889
GC2,nonlinnongauss1,0.1,24,1.0,0.222222,0.777778
PC,nonlinnongauss1,0.1,24,0.0,0.222222,-0.222222
GC1,nonlinnongauss1,0.1,25,1.0,0.0,1.0
GC2,nonlinnongauss1,0.1,25,1.0,0.0,1.0
PC,nonlinnongauss1,0.1,25,0.0,0.0,0.0
GC1,nonlinnongauss1,0.1,26,1.0,0.0,1.0
GC2,nonlinnongauss1,0.1,26,1.0,0.0,1.0
PC,nonlinnongauss1,0.1,26,0.0,0.0,0.0
GC1,nonlinnongauss1,0.1,27,1.0,0.0,1.0
GC2,nonlinnongauss1,0.1,27,1.0,0.0,1.0
PC,nonlinnongauss1,0.1,27,0.0,0.222222,-0.222222
GC1,nonlinnongauss1,0.1,28,1.0,0.222222,0.777778
GC2,nonlinnongauss1,0.1,28,1.0,0.111111,0.888889
PC,nonlinnongauss1,0.1,28,0.0,0.222222,-0.222222
GC1,nonlinnongauss1,0.1,29,1.0,0.0,1.0
GC2,nonlinnongauss1,0.1,29,1.0,0.0,1.0
PC,nonlinnongauss1,0.1,29,0.0,0.0,0.0
GC1,nonlinnongauss1,0.1,30,0.666667,0.111111,0.555556
GC2,nonlinnongauss1,0.1,30,0.666667,0.111111,0.555556
PC,nonlinnongauss1,0.1,30,0.0,0.222222,-0.222222
GC1,nonlinnongauss1,0.1,31,1.0,0.222222,0.777778
GC2,nonlinnongauss1,0.1,31,1.0,0.111111,0.888889
PC,nonlinnongauss1,0.1,31,0.0,0.111111,-0.111111
GC1,nonlinnongauss1,0.1,32,0.666667,0.111111,0.555556
GC2,nonlinnongauss1,0.1,32,1.0,0.0,1.0
PC,nonlinnongauss1,0.1,32,0.0,0.222222,-0.222222
GC1,nonlinnongauss1,0.1,33,0.666667,0.222222,0.444444
GC2,nonlinnongauss1,0.1,33,0.666667,0.333333,0.333333
PC,nonlinnongauss1,0.1,33,0.0,0.222222,-0.222222
GC1,nonlinnongauss1,0.1,34,1.0,0.111111,0.888889
GC2,nonlinnongauss1,0.1,34,1.0,0.111111,0.888889
PC,nonlinnongauss1,0.1,34,0.0,0.0,0.0
GC1,nonlinnongauss1,0.1,35,1.0,0.333333,0.666667
GC2,nonlinnongauss1,0.1,35,0.666667,0.333333,0.333333
PC,nonlinnongauss1,0.1,35,0.0,0.444444,-0.444444
GC1,nonlinnongauss1,0.1,36,1.0,0.0,1.0
GC2,nonlinnongauss1,0.1,36,1.0,0.111111,0.888889
PC,nonlinnongauss1,0.1,36,0.0,0.0,0.0
GC1,nonlinnongauss1,0.1,37,1.0,0.222222,0.777778
GC2,nonlinnongauss1,0.1,37,1.0,0.222222,0.777778
PC,nonlinnongauss1,0.1,37,0.0,0.222222,-0.222222
GC1,nonlinnongauss1,0.1,38,1.0,0.111111,0.888889
GC2,nonlinnongauss1,0.1,38,1.0,0.0,1.0
PC,nonlinnongauss1,0.1,38,0.0,0.222222,-0.222222
GC1,nonlinnongauss1,0.1,39,1.0,0.111111,0.888889
GC2,nonlinnongauss1,0.1,39,1.0,0.111111,0.888889
PC,nonlinnongauss1,0.1,39,0.0,0.222222,-0.222222
GC1,nonlinnongauss1,0.1,40,0.666667,0.333333,0.333333
GC2,nonlinnongauss1,0.1,40,1.0,0.222222,0.777778
PC,nonlinnongauss1,0.1,40,0.0,0.333333,-0.333333
GC1,nonlinnongauss1,0.1,41,1.0,0.0,1.0
GC2,nonlinnongauss1,0.1,41,1.0,0.0,1.0
PC,nonlinnongauss1,0.1,41,0.0,0.222222,-0.222222
GC1,nonlinnongauss1,0.1,42,0.333333,0.333333,0.0
GC2,nonlinnongauss1,0.1,42,0.666667,0.222222,0.444444
PC,nonlinnongauss1,0.1,42,0.0,0.222222,-0.222222
GC1,nonlinnongauss1,0.1,43,1.0,0.0,1.0
GC2,nonlinnongauss1,0.1,43,1.0,0.0,1.0
PC,nonlinnongauss1,0.1,43,0.0,0.0,0.0
GC1,nonlinnongauss1,0.1,44,1.0,0.0,1.0
GC2,nonlinnongauss1,0.1,44,1.0,0.0,1.0
PC,nonlinnongauss1,0.1,44,0.0,0.0,0.0
GC1,nonlinnongauss1,0.1,45,1.0,0.111111,0.888889
GC2,nonlinnongauss1,0.1,45,1.0,0.111111,0.888889
PC,nonlinnongauss1,0.1,45,0.0,0.222222,-0.222222
GC1,nonlinnongauss1,0.1,46,1.0,0.0,1.0
GC2,nonlinnongauss1,0.1,46,1.0,0.0,1.0
PC,nonlinnongauss1,0.1,46,0.0,0.0,0.0
GC1,nonlinnongauss1,0.1,47,1.0,0.111111,0.888889
GC2,nonlinnongauss1,0.1,47,1.0,0.0,1.0
PC,nonlinnongauss1,0.1,47,0.0,0.222222,-0.222222
GC1,nonlinnongauss1,0.1,48,0.666667,0.111111,0.555556
GC2,nonlinnongauss1,0.1,48,0.666667,0.111111,0.555556
PC,nonlinnongauss1,0.1,48,0.0,0.222222,-0.222222
GC1,nonlinnongauss1,0.1,49,0.666667,0.111111,0.555556
GC2,nonlinnongauss1,0.1,49,1.0,0.0,1.0
PC,nonlinnongauss1,0.1,49,0.0,0.222222,-0.222222
GC1,nonlinnongauss1,0.5,0,1.0,0.111111,0.888889
GC2,nonlinnongauss1,0.5,0,1.0,0.0,1.0
PC,nonlinnongauss1,0.5,0,0.0,0.222222,-0.222222
GC1,nonlinnongauss1,0.5,1,1.0,0.0,1.0
GC2,nonlinnongauss1,0.5,1,1.0,0.0,1.0
PC,nonlinnongauss1,0.5,1,0.0,0.0,0.0
GC1,nonlinnongauss1,0.5,2,1.0,0.0,1.0
GC2,nonlinnongauss1,0.5,2,1.0,0.0,1.0
PC,nonlinnongauss1,0.5,2,0.0,0.0,0.0
GC1,nonlinnongauss1,0.5,3,0.666667,0.111111,0.555556
GC2,nonlinnongauss1,0.5,3,1.0,0.0,1.0
PC,nonlinnongauss1,0.5,3,0.0,0.222222,-0.222222
GC1,nonlinnongauss1,0.5,4,1.0,0.0,1.0
GC2,nonlinnongauss1,0.5,4,1.0,0.0,1.0
PC,nonlinnongauss1,0.5,4,0.0,0.0,0.0
GC1,nonlinnongauss1,0.5,5,1.0,0.111111,0.888889
GC2,nonlinnongauss1,0.5,5,1.0,0.111111,0.888889
PC,nonlinnongauss1,0.5,5,0.0,0.0,0.0
GC1,nonlinnongauss1,0.5,6,1.0,0.0,1.0
GC2,nonlinnongauss1,0.5,6,1.0,0.0,1.0
PC,nonlinnongauss1,0.5,6,0.0,0.0,0.0
GC1,nonlinnongauss1,0.5,7,1.0,0.0,1.0
GC2,nonlinnongauss1,0.5,7,1.0,0.0,1.0
PC,nonlinnongauss1,0.5,7,0.0,0.0,0.0
GC1,nonlinnongauss1,0.5,8,0.666667,0.111111,0.555556
GC2,nonlinnongauss1,0.5,8,0.666667,0.111111,0.555556
PC,nonlinnongauss1,0.5,8,0.0,0.444444,-0.444444
GC1,nonlinnongauss1,0.5,9,1.0,0.111111,0.888889
GC2,nonlinnongauss1,0.5,9,1.0,0.111111,0.888889
PC,nonlinnongauss1,0.5,9,0.0,0.222222,-0.222222
GC1,nonlinnongauss1,0.5,10,1.0,0.0,1.0
GC2,nonlinnongauss1,0.5,10,1.0,0.0,1.0
PC,nonlinnongauss1,0.5,10,0.0,0.0,0.0
GC1,nonlinnongauss1,0.5,11,1.0,0.0,1.0
GC2,nonlinnongauss1,0.5,11,1.0,0.111111,0.888889
PC,nonlinnongauss1,0.5,11,0.0,0.0,0.0
GC1,nonlinnongauss1,0.5,12,1.0,0.0,1.0
GC2,nonlinnongauss1,0.5,12,1.0,0.0,1.0
PC,nonlinnongauss1,0.5,12,0.0,0.0,0.0
GC1,nonlinnongauss1,0.5,13,1.0,0.0,1.0
GC2,nonlinnongauss1,0.5,13,1.0,0.0,1.0
PC,nonlinnongauss1,0.5,13,0.0,0.0,0.0
GC1,nonlinnongauss1,0.5,14,1.0,0.0,1.0
GC2,nonlinnongauss1,0.5,14,1.0,0.0,1.0
PC,nonlinnongauss1,0.5,14,0.0,0.0,0.0
GC1,nonlinnongauss1,0.5,15,1.0,0.0,1.0
GC2,nonlinnongauss1,0.5,15,1.0,0.0,1.0
PC,nonlinnongauss1,0.5,15,0.0,0.0,0.0
GC1,nonlinnongauss1,0.5,16,1.0,0.0,1.0
GC2,nonlinnongauss1,0.5,16,1.0,0.0,1.0
PC,nonlinnongauss1,0.5,16,0.0,0.0,0.0
GC1,nonlinnongauss1,0.5,17,0.666667,0.111111,0.555556
GC2,nonlinnongauss1,0.5,17,0.666667,0.111111,0.555556
PC,nonlinnongauss1,0.5,17,0.0,0.222222,-0.222222
GC1,nonlinnongauss1,0.5,18,0.666667,0.111111,0.555556
GC2,nonlinnongauss1,0.5,18,0.666667,0.111111,0.555556
PC,nonlinnongauss1,0.5,18,0.0,0.222222,-0.222222
GC1,nonlinnongauss1,0.5,19,0.666667,0.222222,0.444444
GC2,nonlinnongauss1,0.5,19,0.333333,0.222222,0.111111
PC,nonlinnongauss1,0.5,19,0.0,0.222222,-0.222222
GC1,nonlinnongauss1,0.5,20,1.0,0.111111,0.888889
GC2,nonlinnongauss1,0.5,20,1.0,0.111111,0.888889
PC,nonlinnongauss1,0.5,20,0.0,0.0,0.0
GC1,nonlinnongauss1,0.5,21,1.0,0.0,1.0
GC2,nonlinnongauss1,0.5,21,1.0,0.0,1.0
PC,nonlinnongauss1,0.5,21,0.0,0.111111,-0.111111
GC1,nonlinnongauss1,0.5,22,1.0,0.0,1.0
GC2,nonlinnongauss1,0.5,22,1.0,0.0,1.0
PC,nonlinnongauss1,0.5,22,0.0,0.222222,-0.222222
GC1,nonlinnongauss1,0.5,23,1.0,0.111111,0.888889
GC2,nonlinnongauss1,0.5,23,1.0,0.111111,0.888889
PC,nonlinnongauss1,0.5,23,0.0,0.111111,-0.111111
GC1,nonlinnongauss1,0.5,24,1.0,0.111111,0.888889
GC2,nonlinnongauss1,0.5,24,1.0,0.111111,0.888889
PC,nonlinnongauss1,0.5,24,0.0,0.0,0.0
GC1,nonlinnongauss1,0.5,25,1.0,0.0,1.0
GC2,nonlinnongauss1,0.5,25,1.0,0.0,1.0
PC,nonlinnongauss1,0.5,25,0.0,0.0,0.0
GC1,nonlinnongauss1,0.5,26,1.0,0.0,1.0
GC2,nonlinnongauss1,0.5,26,1.0,0.0,1.0
PC,nonlinnongauss1,0.5,26,0.0,0.0,0.0
GC1,nonlinnongauss1,0.5,27,1.0,0.0,1.0
GC2,nonlinnongauss1,0.5,27,1.0,0.0,1.0
PC,nonlinnongauss1,0.5,27,0.0,0.0,0.0
GC1,nonlinnongauss1,0.5,28,1.0,0.0,1.0
GC2,nonlinnongauss1,0.5,28,1.0,0.0,1.0
PC,nonlinnongauss1,0.5,28,0.0,0.0,0.0
GC1,nonlinnongauss1,0.5,29,1.0,0.0,1.0
GC2,nonlinnongauss1,0.5,29,1.0,0.0,1.0
PC,nonlinnongauss1,0.5,29,0.0,0.0,0.0
GC1,nonlinnongauss1,0.5,30,0.666667,0.111111,0.555556
GC2,nonlinnongauss1,0.5,30,0.666667,0.111111,0.555556
PC,nonlinnongauss1,0.5,30,0.0,0.222222,-0.222222
GC1,nonlinnongauss1,0.5,31,1.0,0.222222,0.777778
GC2,nonlinnongauss1,0.5,31,1.0,0.111111,0.888889
PC,nonlinnongauss1,0.5,31,0.0,0.111111,-0.111111
GC1,nonlinnongauss1,0.5,32,0.0,0.444444,-0.444444
GC2,nonlinnongauss1,0.5,32,0.333333,0.333333,0.0
PC,nonlinnongauss1,0.5,32,0.0,0.0,0.0
GC1,nonlinnongauss1,0.5,33,0.333333,0.222222,0.111111
GC2,nonlinnongauss1,0.5,33,0.666667,0.111111,0.555556
PC,nonlinnongauss1,0.5,33,0.333333,0.111111,0.222222
GC1,nonlinnongauss1,0.5,34,1.0,0.111111,0.888889
GC2,nonlinnongauss1,0.5,34,1.0,0.111111,0.888889
PC,nonlinnongauss1,0.5,34,0.0,0.0,0.0
GC1,nonlinnongauss1,0.5,35,1.0,0.111111,0.888889
GC2,nonlinnongauss1,0.5,35,1.0,0.111111,0.888889
PC,nonlinnongauss1,0.5,35,0.0,0.0,0.0
GC1,nonlinnongauss1,0.5,36,1.0,0.0,1.0
GC2,nonlinnongauss1,0.5,36,1.0,0.0,1.0
PC,nonlinnongauss1,0.5,36,0.0,0.0,0.0
GC1,nonlinnongauss1,0.5,37,1.0,0.333333,0.666667
GC2,nonlinnongauss1,0.5,37,1.0,0.222222,0.777778
PC,nonlinnongauss1,0.5,37,0.333333,0.111111,0.222222
GC1,nonlinnongauss1,0.5,38,1.0,0.0,1.0
GC2,nonlinnongauss1,0.5,38,1.0,0.0,1.0
PC,nonlinnongauss1,0.5,38,0.0,0.0,0.0
GC1,nonlinnongauss1,0.5,39,1.0,0.111111,0.888889
GC2,nonlinnongauss1,0.5,39,1.0,0.111111,0.888889
PC,nonlinnongauss1,0.5,39,0.0,0.0,0.0
GC1,nonlinnongauss1,0.5,40,1.0,0.0,1.0
GC2,nonlinnongauss1,0.5,40,1.0,0.0,1.0
PC,nonlinnongauss1,0.5,40,0.0,0.0,0.0
GC1,nonlinnongauss1,0.5,41,1.0,0.0,1.0
GC2,nonlinnongauss1,0.5,41,1.0,0.0,1.0
PC,nonlinnongauss1,0.5,41,0.0,0.0,0.0
GC1,nonlinnongauss1,0.5,42,0.333333,0.222222,0.111111
GC2,nonlinnongauss1,0.5,42,0.666667,0.111111,0.555556
PC,nonlinnongauss1,0.5,42,0.0,0.222222,-0.222222
GC1,nonlinnongauss1,0.5,43,0.666667,0.111111,0.555556
GC2,nonlinnongauss1,0.5,43,0.666667,0.111111,0.555556
PC,nonlinnongauss1,0.5,43,0.0,0.0,0.0
GC1,nonlinnongauss1,0.5,44,1.0,0.0,1.0
GC2,nonlinnongauss1,0.5,44,1.0,0.0,1.0
PC,nonlinnongauss1,0.5,44,0.0,0.0,0.0
GC1,nonlinnongauss1,0.5,45,1.0,0.0,1.0
GC2,nonlinnongauss1,0.5,45,1.0,0.0,1.0
PC,nonlinnongauss1,0.5,45,0.0,0.0,0.0
GC1,nonlinnongauss1,0.5,46,1.0,0.0,1.0
GC2,nonlinnongauss1,0.5,46,1.0,0.0,1.0
PC,nonlinnongauss1,0.5,46,0.0,0.0,0.0
GC1,nonlinnongauss1,0.5,47,1.0,0.0,1.0
GC2,nonlinnongauss1,0.5,47,1.0,0.0,1.0
PC,nonlinnongauss1,0.5,47,0.0,0.0,0.0
GC1,nonlinnongauss1,0.5,48,1.0,0.111111,0.888889
GC2,nonlinnongauss1,0.5,48,1.0,0.111111,0.888889
PC,nonlinnongauss1,0.5,48,0.0,0.0,0.0
GC1,nonlinnongauss1,0.5,49,1.0,0.0,1.0
GC2,nonlinnongauss1,0.5,49,1.0,0.0,1.0
PC,nonlinnongauss1,0.5,49,0.0,0.0,0.0
GC1,nonlinnongauss1,1.0,0,1.0,0.111111,0.888889
GC2,nonlinnongauss1,1.0,0,1.0,0.111111,0.888889
PC,nonlinnongauss1,1.0,0,0.0,0.222222,-0.222222
GC1,nonlinnongauss1,1.0,1,1.0,0.0,1.0
GC2,nonlinnongauss1,1.0,1,1.0,0.0,1.0
PC,nonlinnongauss1,1.0,1,0.0,0.0,0.0
GC1,nonlinnongauss1,1.0,2,1.0,0.0,1.0
GC2,nonlinnongauss1,1.0,2,1.0,0.0,1.0
PC,nonlinnongauss1,1.0,2,0.0,0.0,0.0
GC1,nonlinnongauss1,1.0,3,0.666667,0.111111,0.555556
GC2,nonlinnongauss1,1.0,3,1.0,0.0,1.0
PC,nonlinnongauss1,1.0,3,0.0,0.222222,-0.222222
GC1,nonlinnongauss1,1.0,4,1.0,0.0,1.0
GC2,nonlinnongauss1,1.0,4,1.0,0.111111,0.888889
PC,nonlinnongauss1,1.0,4,0.0,0.0,0.0
GC1,nonlinnongauss1,1.0,5,1.0,0.111111,0.888889
GC2,nonlinnongauss1,1.0,5,1.0,0.0,1.0
PC,nonlinnongauss1,1.0,5,0.0,0.0,0.0
GC1,nonlinnongauss1,1.0,6,1.0,0.111111,0.888889
GC2,nonlinnongauss1,1.0,6,1.0,0.111111,0.888889
PC,nonlinnongauss1,1.0,6,0.0,0.111111,-0.111111
GC1,nonlinnongauss1,1.0,7,1.0,0.0,1.0
GC2,nonlinnongauss1,1.0,7,1.0,0.0,1.0
PC,nonlinnongauss1,1.0,7,0.0,0.0,0.0
GC1,nonlinnongauss1,1.0,8,0.666667,0.111111,0.555556
GC2,nonlinnongauss1,1.0,8,1.0,0.111111,0.888889
PC,nonlinnongauss1,1.0,8,0.0,0.111111,-0.111111
GC1,nonlinnongauss1,1.0,9,1.0,0.0,1.0
GC2,nonlinnongauss1,1.0,9,1.0,0.0,1.0
PC,nonlinnongauss1,1.0,9,0.0,0.222222,-0.222222
GC1,nonlinnongauss1,1.0,10,1.0,0.0,1.0
GC2,nonlinnongauss1,1.0,10,1.0,0.0,1.0
PC,nonlinnongauss1,1.0,10,0.0,0.0,0.0
GC1,nonlinnongauss1,1.0,11,1.0,0.0,1.0
GC2,nonlinnongauss1,1.0,11,1.0,0.0,1.0
PC,nonlinnongauss1,1.0,11,0.0,0.0,0.0
GC1,nonlinnongauss1,1.0,12,1.0,0.0,1.0
GC2,nonlinnongauss1,1.0,12,1.0,0.0,1.0
PC,nonlinnongauss1,1.0,12,0.0,0.0,0.0
GC1,nonlinnongauss1,1.0,13,1.0,0.111111,0.888889
GC2,nonlinnongauss1,1.0,13,1.0,0.111111,0.888889
PC,nonlinnongauss1,1.0,13,0.0,0.0,0.0
GC1,nonlinnongauss1,1.0,14,1.0,0.0,1.0
GC2,nonlinnongauss1,1.0,14,1.0,0.0,1.0
PC,nonlinnongauss1,1.0,14,0.0,0.0,0.0
GC1,nonlinnongauss1,1.0,15,1.0,0.0,1.0
GC2,nonlinnongauss1,1.0,15,1.0,0.0,1.0
PC,nonlinnongauss1,1.0,15,0.0,0.0,0.0
GC1,nonlinnongauss1,1.0,16,1.0,0.0,1.0
GC2,nonlinnongauss1,1.0,16,1.0,0.0,1.0
PC,nonlinnongauss1,1.0,16,0.0,0.0,0.0
GC1,nonlinnongauss1,1.0,17,0.666667,0.111111,0.555556
GC2,nonlinnongauss1,1.0,17,0.666667,0.111111,0.555556
PC,nonlinnongauss1,1.0,17,0.0,0.0,0.0
GC1,nonlinnongauss1,1.0,18,0.666667,0.111111,0.555556
GC2,nonlinnongauss1,1.0,18,0.666667,0.111111,0.555556
PC,nonlinnongauss1,1.0,18,0.0,0.222222,-0.222222
GC1,nonlinnongauss1,1.0,19,0.666667,0.222222,0.444444
GC2,nonlinnongauss1,1.0,19,0.333333,0.222222,0.111111
PC,nonlinnongauss1,1.0,19,0.0,0.222222,-0.222222
GC1,nonlinnongauss1,1.0,20,1.0,0.0,1.0
GC2,nonlinnongauss1,1.0,20,1.0,0.0,1.0
PC,nonlinnongauss1,1.0,20,0.0,0.0,0.0
GC1,nonlinnongauss1,1.0,21,1.0,0.0,1.0
GC2,nonlinnongauss1,1.0,21,1.0,0.0,1.0
PC,nonlinnongauss1,1.0,21,0.0,0.111111,-0.111111
GC1,nonlinnongauss1,1.0,22,1.0,0.0,1.0
GC2,nonlinnongauss1,1.0,22,1.0,0.0,1.0
PC,nonlinnongauss1,1.0,22,0.0,0.222222,-0.222222
GC1,nonlinnongauss1,1.0,23,1.0,0.0,1.0
GC2,nonlinnongauss1,1.0,23,1.0,0.111111,0.888889
PC,nonlinnongauss1,1.0,23,0.0,0.0,0.0
GC1,nonlinnongauss1,1.0,24,1.0,0.111111,0.888889
GC2,nonlinnongauss1,1.0,24,1.0,0.111111,0.888889
PC,nonlinnongauss1,1.0,24,0.0,0.0,0.0
GC1,nonlinnongauss1,1.0,25,1.0,0.0,1.0
GC2,nonlinnongauss1,1.0,25,1.0,0.0,1.0
PC,nonlinnongauss1,1.0,25,0.0,0.0,0.0
GC1,nonlinnongauss1,1.0,26,1.0,0.111111,0.888889
GC2,nonlinnongauss1,1.0,26,1.0,0.0,1.0
PC,nonlinnongauss1,1.0,26,0.0,0.0,0.0
GC1,nonlinnongauss1,1.0,27,1.0,0.111111,0.888889
GC2,nonlinnongauss1,1.0,27,1.0,0.111111,0.888889
PC,nonlinnongauss1,1.0,27,0.0,0.0,0.0
GC1,nonlinnongauss1,1.0,28,1.0,0.0,1.0
GC2,nonlinnongauss1,1.0,28,1.0,0.0,1.0
PC,nonlinnongauss1,1.0,28,0.0,0.0,0.0
GC1,nonlinnongauss1,1.0,29,1.0,0.0,1.0
GC2,nonlinnongauss1,1.0,29,1.0,0.0,1.0
PC,nonlinnongauss1,1.0,29,0.0,0.0,0.0
GC1,nonlinnongauss1,1.0,30,0.333333,0.222222,0.111111
GC2,nonlinnongauss1,1.0,30,0.666667,0.111111,0.555556
PC,nonlinnongauss1,1.0,30,0.0,0.0,0.0
GC1,nonlinnongauss1,1.0,31,1.0,0.111111,0.888889
GC2,nonlinnongauss1,1.0,31,1.0,0.111111,0.888889
PC,nonlinnongauss1,1.0,31,0.0,0.111111,-0.111111
GC1,nonlinnongauss1,1.0,32,0.333333,0.333333,0.0
GC2,nonlinnongauss1,1.0,32,0.333333,0.222222,0.111111
PC,nonlinnongauss1,1.0,32,0.0,0.0,0.0
GC1,nonlinnongauss1,1.0,33,0.333333,0.222222,0.111111
GC2,nonlinnongauss1,1.0,33,0.666667,0.111111,0.555556
PC,nonlinnongauss1,1.0,33,0.333333,0.111111,0.222222
GC1,nonlinnongauss1,1.0,34,1.0,0.333333,0.666667
GC2,nonlinnongauss1,1.0,34,1.0,0.222222,0.777778
PC,nonlinnongauss1,1.0,34,0.0,0.0,0.0
GC1,nonlinnongauss1,1.0,35,1.0,0.111111,0.888889
GC2,nonlinnongauss1,1.0,35,1.0,0.111111,0.888889
PC,nonlinnongauss1,1.0,35,0.0,0.222222,-0.222222
GC1,nonlinnongauss1,1.0,36,1.0,0.0,1.0
GC2,nonlinnongauss1,1.0,36,1.0,0.0,1.0
PC,nonlinnongauss1,1.0,36,0.0,0.0,0.0
GC1,nonlinnongauss1,1.0,37,1.0,0.111111,0.888889
GC2,nonlinnongauss1,1.0,37,1.0,0.111111,0.888889
PC,nonlinnongauss1,1.0,37,0.0,0.111111,-0.111111
GC1,nonlinnongauss1,1.0,38,1.0,0.0,1.0
GC2,nonlinnongauss1,1.0,38,1.0,0.0,1.0
PC,nonlinnongauss1,1.0,38,0.0,0.0,0.0
GC1,nonlinnongauss1,1.0,39,1.0,0.111111,0.888889
GC2,nonlinnongauss1,1.0,39,1.0,0.0,1.0
PC,nonlinnongauss1,1.0,39,0.0,0.0,0.0
GC1,nonlinnongauss1,1.0,40,1.0,0.0,1.0
GC2,nonlinnongauss1,1.0,40,1.0,0.0,1.0
PC,nonlinnongauss1,1.0,40,0.0,0.0,0.0
GC1,nonlinnongauss1,1.0,41,1.0,0.0,1.0
GC2,nonlinnongauss1,1.0,41,1.0,0.0,1.0
PC,nonlinnongauss1,1.0,41,0.0,0.0,0.0
GC1,nonlinnongauss1,1.0,42,0.333333,0.333333,0.0
GC2,nonlinnongauss1,1.0,42,0.666667,0.222222,0.444444
PC,nonlinnongauss1,1.0,42,0.0,0.222222,-0.222222
GC1,nonlinnongauss1,1.0,43,0.666667,0.222222,0.444444
GC2,nonlinnongauss1,1.0,43,0.333333,0.333333,0.0
PC,nonlinnongauss1,1.0,43,0.0,0.0,0.0
GC1,nonlinnongauss1,1.0,44,1.0,0.0,1.0
GC2,nonlinnongauss1,1.0,44,1.0,0.0,1.0
PC,nonlinnongauss1,1.0,44,0.0,0.0,0.0
GC1,nonlinnongauss1,1.0,45,1.0,0.0,1.0
GC2,nonlinnongauss1,1.0,45,1.0,0.0,1.0
PC,nonlinnongauss1,1.0,45,0.0,0.0,0.0
GC1,nonlinnongauss1,1.0,46,1.0,0.0,1.0
GC2,nonlinnongauss1,1.0,46,1.0,0.0,1.0
PC,nonlinnongauss1,1.0,46,0.0,0.0,0.0
GC1,nonlinnongauss1,1.0,47,1.0,0.0,1.0
GC2,nonlinnongauss1,1.0,47,1.0,0.0,1.0
PC,nonlinnongauss1,1.0,47,0.0,0.0,0.0
GC1,nonlinnongauss1,1.0,48,1.0,0.111111,0.888889
GC2,nonlinnongauss1,1.0,48,1.0,0.111111,0.888889
PC,nonlinnongauss1,1.0,48,0.0,0.0,0.0
GC1,nonlinnongauss1,1.0,49,1.0,0.0,1.0
GC2,nonlinnongauss1,1.0,49,1.0,0.0,1.0
PC,nonlinnongauss1,1.0,49,0.0,0.0,0.0
GC1,nonlinnongauss1,1.5,0,1.0,0.0,1.0
GC2,nonlinnongauss1,1.5,0,1.0,0.0,1.0
PC,nonlinnongauss1,1.5,0,0.0,0.222222,-0.222222
GC1,nonlinnongauss1,1.5,1,1.0,0.0,1.0
GC2,nonlinnongauss1,1.5,1,1.0,0.0,1.0
PC,nonlinnongauss1,1.5,1,0.0,0.0,0.0
GC1,nonlinnongauss1,1.5,2,1.0,0.0,1.0
GC2,nonlinnongauss1,1.5,2,1.0,0.0,1.0
PC,nonlinnongauss1,1.5,2,0.0,0.0,0.0
GC1,nonlinnongauss1,1.5,3,1.0,0.0,1.0
GC2,nonlinnongauss1,1.5,3,1.0,0.0,1.0
PC,nonlinnongauss1,1.5,3,0.0,0.222222,-0.222222
GC1,nonlinnongauss1,1.5,4,1.0,0.111111,0.888889
GC2,nonlinnongauss1,1.5,4,1.0,0.111111,0.888889
PC,nonlinnongauss1,1.5,4,0.0,0.0,0.0
GC1,nonlinnongauss1,1.5,5,1.0,0.111111,0.888889
GC2,nonlinnongauss1,1.5,5,1.0,0.111111,0.888889
PC,nonlinnongauss1,1.5,5,0.0,0.0,0.0
GC1,nonlinnongauss1,1.5,6,1.0,0.111111,0.888889
GC2,nonlinnongauss1,1.5,6,1.0,0.111111,0.888889
PC,nonlinnongauss1,1.5,6,0.0,0.111111,-0.111111
GC1,nonlinnongauss1,1.5,7,1.0,0.0,1.0
GC2,nonlinnongauss1,1.5,7,1.0,0.0,1.0
PC,nonlinnongauss1,1.5,7,0.0,0.0,0.0
GC1,nonlinnongauss1,1.5,8,1.0,0.0,1.0
GC2,nonlinnongauss1,1.5,8,1.0,0.111111,0.888889
PC,nonlinnongauss1,1.5,8,0.0,0.111111,-0.111111
GC1,nonlinnongauss1,1.5,9,1.0,0.0,1.0
GC2,nonlinnongauss1,1.5,9,1.0,0.0,1.0
PC,nonlinnongauss1,1.5,9,0.0,0.222222,-0.222222
GC1,nonlinnongauss1,1.5,10,1.0,0.0,1.0
GC2,nonlinnongauss1,1.5,10,1.0,0.0,1.0
PC,nonlinnongauss1,1.5,10,0.0,0.0,0.0
GC1,nonlinnongauss1,1.5,11,1.0,0.0,1.0
GC2,nonlinnongauss1,1.5,11,1.0,0.0,1.0
PC,nonlinnongauss1,1.5,11,0.0,0.0,0.0
GC1,nonlinnongauss1,1.5,12,1.0,0.0,1.0
GC2,nonlinnongauss1,1.5,12,1.0,0.0,1.0
PC,nonlinnongauss1,1.5,12,0.0,0.0,0.0
GC1,nonlinnongauss1,1.5,13,1.0,0.111111,0.888889
GC2,nonlinnongauss1,1.5,13,1.0,0.111111,0.888889
PC,nonlinnongauss1,1.5,13,0.0,0.0,0.0
GC1,nonlinnongauss1,1.5,14,0.666667,0.111111,0.555556
GC2,nonlinnongauss1,1.5,14,0.666667,0.111111,0.555556
PC,nonlinnongauss1,1.5,14,0.0,0.0,0.0
GC1,nonlinnongauss1,1.5,15,1.0,0.0,1.0
GC2,nonlinnongauss1,1.5,15,1.0,0.0,1.0
PC,nonlinnongauss1,1.5,15,0.0,0.0,0.0
GC1,nonlinnongauss1,1.5,16,1.0,0.0,1.0
GC2,nonlinnongauss1,1.5,16,1.0,0.0,1.0
PC,nonlinnongauss1,1.5,16,0.0,0.0,0.0
GC1,nonlinnongauss1,1.5,17,0.666667,0.111111,0.555556
GC2,nonlinnongauss1,1.5,17,0.666667,0.111111,0.555556
PC,nonlinnongauss1,1.5,17,0.0,0.0,0.0
GC1,nonlinnongauss1,1.5,18,0.666667,0.111111,0.555556
GC2,nonlinnongauss1,1.5,18,0.666667,0.111111,0.555556
PC,nonlinnongauss1,1.5,18,0.0,0.222222,-0.222222
GC1,nonlinnongauss1,1.5,19,0.333333,0.222222,0.111111
GC2,nonlinnongauss1,1.5,19,0.333333,0.333333,0.0
PC,nonlinnongauss1,1.5,19,0.0,0.111111,-0.111111
GC1,nonlinnongauss1,1.5,20,1.0,0.0,1.0
GC2,nonlinnongauss1,1.5,20,1.0,0.0,1.0
PC,nonlinnongauss1,1.5,20,0.0,0.0,0.0
GC1,nonlinnongauss1,1.5,21,1.0,0.0,1.0
GC2,nonlinnongauss1,1.5,21,1.0,0.0,1.0
PC,nonlinnongauss1,1.5,21,0.0,0.111111,-0.111111
GC1,nonlinnongauss1,1.5,22,1.0,0.0,1.0
GC2,nonlinnongauss1,1.5,22,1.0,0.0,1.0
PC,nonlinnongauss1,1.5,22,0.333333,0.111111,0.222222
GC1,nonlinnongauss1,1.5,23,1.0,0.111111,0.888889
GC2,nonlinnongauss1,1.5,23,1.0,0.111111,0.888889
PC,nonlinnongauss1,1.5,23,0.0,0.0,0.0
GC1,nonlinnongauss1,1.5,24,1.0,0.0,1.0
GC2,nonlinnongauss1,1.5,24,1.0,0.0,1.0
PC,nonlinnongauss1,1.5,24,0.0,0.0,0.0
GC1,nonlinnongauss1,1.5,25,1.0,0.0,1.0
GC2,nonlinnongauss1,1.5,25,1.0,0.0,1.0
PC,nonlinnongauss1,1.5,25,0.0,0.0,0.0
GC1,nonlinnongauss1,1.5,26,1.0,0.111111,0.888889
GC2,nonlinnongauss1,1.5,26,1.0,0.111111,0.888889
PC,nonlinnongauss1,1.5,26,0.0,0.0,0.0
GC1,nonlinnongauss1,1.5,27,1.0,0.111111,0.888889
GC2,nonlinnongauss1,1.5,27,1.0,0.111111,0.888889
PC,nonlinnongauss1,1.5,27,0.0,0.0,0.0
GC1,nonlinnongauss1,1.5,28,1.0,0.0,1.0
GC2,nonlinnongauss1,1.5,28,1.0,0.0,1.0
PC,nonlinnongauss1,1.5,28,0.0,0.0,0.0
GC1,nonlinnongauss1,1.5,29,1.0,0.0,1.0
GC2,nonlinnongauss1,1.5,29,1.0,0.111111,0.888889
PC,nonlinnongauss1,1.5,29,0.0,0.111111,-0.111111
GC1,nonlinnongauss1,1.5,30,0.666667,0.111111,0.555556
GC2,nonlinnongauss1,1.5,30,1.0,0.0,1.0
PC,nonlinnongauss1,1.5,30,0.0,0.222222,-0.222222
GC1,nonlinnongauss1,1.5,31,1.0,0.111111,0.888889
GC2,nonlinnongauss1,1.5,31,1.0,0.111111,0.888889
PC,nonlinnongauss1,1.5,31,0.0,0.111111,-0.111111
GC1,nonlinnongauss1,1.5,32,0.333333,0.222222,0.111111
GC2,nonlinnongauss1,1.5,32,0.333333,0.222222,0.111111
PC,nonlinnongauss1,1.5,32,0.0,0.0,0.0
GC1,nonlinnongauss1,1.5,33,0.666667,0.111111,0.555556
GC2,nonlinnongauss1,1.5,33,0.666667,0.111111,0.555556
PC,nonlinnongauss1,1.5,33,0.0,0.0,0.0
GC1,nonlinnongauss1,1.5,34,1.0,0.0,1.0
GC2,nonlinnongauss1,1.5,34,1.0,0.0,1.0
PC,nonlinnongauss1,1.5,34,0.0,0.0,0.0
GC1,nonlinnongauss1,1.5,35,1.0,0.111111,0.888889
GC2,nonlinnongauss1,1.5,35,1.0,0.111111,0.888889
PC,nonlinnongauss1,1.5,35,0.0,0.0,0.0
GC1,nonlinnongauss1,1.5,36,1.0,0.0,1.0
GC2,nonlinnongauss1,1.5,36,1.0,0.0,1.0
PC,nonlinnongauss1,1.5,36,0.0,0.0,0.0
GC1,nonlinnongauss1,1.5,37,1.0,0.111111,0.888889
GC2,nonlinnongauss1,1.5,37,1.0,0.222222,0.777778
PC,nonlinnongauss1,1.5,37,0.0,0.111111,-0.111111
GC1,nonlinnongauss1,1.5,38,1.0,0.0,1.0
GC2,nonlinnongauss1,1.5,38,1.0,0.0,1.0
PC,nonlinnongauss1,1.5,38,0.0,0.0,0.0
GC1,nonlinnongauss1,1.5,39,1.0,0.111111,0.888889
GC2,nonlinnongauss1,1.5,39,1.0,0.111111,0.888889
PC,nonlinnongauss1,1.5,39,0.0,0.0,0.0
GC1,nonlinnongauss1,1.5,40,1.0,0.0,1.0
GC2,nonlinnongauss1,1.5,40,0.666667,0.111111,0.555556
PC,nonlinnongauss1,1.5,40,0.0,0.0,0.0
GC1,nonlinnongauss1,1.5,41,1.0,0.0,1.0
GC2,nonlinnongauss1,1.5,41,1.0,0.0,1.0
PC,nonlinnongauss1,1.5,41,0.0,0.0,0.0
GC1,nonlinnongauss1,1.5,42,0.666667,0.222222,0.444444
GC2,nonlinnongauss1,1.5,42,1.0,0.111111,0.888889
PC,nonlinnongauss1,1.5,42,0.0,0.0,0.0
GC1,nonlinnongauss1,1.5,43,0.666667,0.222222,0.444444
GC2,nonlinnongauss1,1.5,43,0.666667,0.222222,0.444444
PC,nonlinnongauss1,1.5,43,0.0,0.111111,-0.111111
GC1,nonlinnongauss1,1.5,44,1.0,0.0,1.0
GC2,nonlinnongauss1,1.5,44,1.0,0.0,1.0
PC,nonlinnongauss1,1.5,44,0.0,0.0,0.0
GC1,nonlinnongauss1,1.5,45,1.0,0.0,1.0
GC2,nonlinnongauss1,1.5,45,1.0,0.0,1.0
PC,nonlinnongauss1,1.5,45,0.0,0.0,0.0
GC1,nonlinnongauss1,1.5,46,1.0,0.0,1.0
GC2,nonlinnongauss1,1.5,46,1.0,0.0,1.0
PC,nonlinnongauss1,1.5,46,0.0,0.0,0.0
GC1,nonlinnongauss1,1.5,47,1.0,0.0,1.0
GC2,nonlinnongauss1,1.5,47,1.0,0.0,1.0
PC,nonlinnongauss1,1.5,47,0.0,0.0,0.0
GC1,nonlinnongauss1,1.5,48,1.0,0.111111,0.888889
GC2,nonlinnongauss1,1.5,48,1.0,0.111111,0.888889
PC,nonlinnongauss1,1.5,48,0.0,0.0,0.0
GC1,nonlinnongauss1,1.5,49,0.666667,0.111111,0.555556
GC2,nonlinnongauss1,1.5,49,1.0,0.0,1.0
PC,nonlinnongauss1,1.5,49,0.0,0.0,0.0
GC1,nonlinnongauss1,2.0,0,0.666667,0.0,0.666667
GC2,nonlinnongauss1,2.0,0,0.666667,0.0,0.666667
PC,nonlinnongauss1,2.0,0,0.0,0.222222,-0.222222
GC1,nonlinnongauss1,2.0,1,0.666667,0.0,0.666667
GC2,nonlinnongauss1,2.0,1,0.666667,0.0,0.666667
PC,nonlinnongauss1,2.0,1,0.0,0.0,0.0
GC1,nonlinnongauss1,2.0,2,1.0,0.0,1.0
GC2,nonlinnongauss1,2.0,2,1.0,0.0,1.0
PC,nonlinnongauss1,2.0,2,0.0,0.0,0.0
GC1,nonlinnongauss1,2.0,3,0.666667,0.222222,0.444444
GC2,nonlinnongauss1,2.0,3,0.666667,0.222222,0.444444
PC,nonlinnongauss1,2.0,3,0.0,0.0,0.0
GC1,nonlinnongauss1,2.0,4,0.666667,0.222222,0.444444
GC2,nonlinnongauss1,2.0,4,0.666667,0.111111,0.555556
PC,nonlinnongauss1,2.0,4,0.0,0.111111,-0.111111
GC1,nonlinnongauss1,2.0,5,0.666667,0.111111,0.555556
GC2,nonlinnongauss1,2.0,5,0.666667,0.111111,0.555556
PC,nonlinnongauss1,2.0,5,0.0,0.0,0.0
GC1,nonlinnongauss1,2.0,6,0.666667,0.0,0.666667
GC2,nonlinnongauss1,2.0,6,0.666667,0.0,0.666667
PC,nonlinnongauss1,2.0,6,0.0,0.0,0.0
GC1,nonlinnongauss1,2.0,7,0.333333,0.111111,0.222222
GC2,nonlinnongauss1,2.0,7,0.333333,0.111111,0.222222
PC,nonlinnongauss1,2.0,7,0.0,0.0,0.0
GC1,nonlinnongauss1,2.0,8,0.666667,0.0,0.666667
GC2,nonlinnongauss1,2.0,8,0.666667,0.0,0.666667
PC,nonlinnongauss1,2.0,8,0.0,0.111111,-0.111111
GC1,nonlinnongauss1,2.0,9,0.666667,0.0,0.666667
GC2,nonlinnongauss1,2.0,9,0.666667,0.0,0.666667
PC,nonlinnongauss1,2.0,9,0.0,0.222222,-0.222222
GC1,nonlinnongauss1,2.0,10,0.666667,0.0,0.666667
GC2,nonlinnongauss1,2.0,10,0.666667,0.0,0.666667
PC,nonlinnongauss1,2.0,10,0.0,0.0,0.0
GC1,nonlinnongauss1,2.0,11,0.666667,0.0,0.666667
GC2,nonlinnongauss1,2.0,11,0.666667,0.0,0.666667
PC,nonlinnongauss1,2.0,11,0.0,0.0,0.0
GC1,nonlinnongauss1,2.0,12,0.666667,0.0,0.666667
GC2,nonlinnongauss1,2.0,12,0.666667,0.0,0.666667
PC,nonlinnongauss1,2.0,12,0.0,0.0,0.0
GC1,nonlinnongauss1,2.0,13,0.666667,0.0,0.666667
GC2,nonlinnongauss1,2.0,13,0.666667,0.0,0.666667
PC,nonlinnongauss1,2.0,13,0.0,0.0,0.0
GC1,nonlinnongauss1,2.0,14,0.333333,0.111111,0.222222
GC2,nonlinnongauss1,2.0,14,0.333333,0.111111,0.222222
PC,nonlinnongauss1,2.0,14,0.0,0.0,0.0
GC1,nonlinnongauss1,2.0,15,0.666667,0.0,0.666667
GC2,nonlinnongauss1,2.0,15,0.666667,0.0,0.666667
PC,nonlinnongauss1,2.0,15,0.0,0.0,0.0
GC1,nonlinnongauss1,2.0,16,0.666667,0.0,0.666667
GC2,nonlinnongauss1,2.0,16,0.666667,0.0,0.666667
PC,nonlinnongauss1,2.0,16,0.0,0.0,0.0
GC1,nonlinnongauss1,2.0,17,0.666667,0.0,0.666667
GC2,nonlinnongauss1,2.0,17,0.666667,0.0,0.666667
PC,nonlinnongauss1,2.0,17,0.0,0.0,0.0
GC1,nonlinnongauss1,2.0,18,0.666667,0.111111,0.555556
GC2,nonlinnongauss1,2.0,18,0.666667,0.111111,0.555556
PC,nonlinnongauss1,2.0,18,0.0,0.0,0.0
GC1,nonlinnongauss1,2.0,19,0.666667,0.222222,0.444444
GC2,nonlinnongauss1,2.0,19,0.666667,0.222222,0.444444
PC,nonlinnongauss1,2.0,19,0.0,0.111111,-0.111111
GC1,nonlinnongauss1,2.0,20,0.666667,0.0,0.666667
GC2,nonlinnongauss1,2.0,20,0.666667,0.0,0.666667
PC,nonlinnongauss1,2.0,20,0.0,0.0,0.0
GC1,nonlinnongauss1,2.0,21,1.0,0.0,1.0
GC2,nonlinnongauss1,2.0,21,1.0,0.0,1.0
PC,nonlinnongauss1,2.0,21,0.0,0.0,0.0
GC1,nonlinnongauss1,2.0,22,0.333333,0.111111,0.222222
GC2,nonlinnongauss1,2.0,22,0.666667,0.0,0.666667
PC,nonlinnongauss1,2.0,22,0.333333,0.111111,0.222222
GC1,nonlinnongauss1,2.0,23,1.0,0.0,1.0
GC2,nonlinnongauss1,2.0,23,1.0,0.0,1.0
PC,nonlinnongauss1,2.0,23,0.0,0.0,0.0
GC1,nonlinnongauss1,2.0,24,0.666667,0.0,0.666667
GC2,nonlinnongauss1,2.0,24,0.666667,0.0,0.666667
PC,nonlinnongauss1,2.0,24,0.0,0.0,0.0
GC1,nonlinnongauss1,2.0,25,1.0,0.0,1.0
GC2,nonlinnongauss1,2.0,25,1.0,0.0,1.0
PC,nonlinnongauss1,2.0,25,0.0,0.222222,-0.222222
GC1,nonlinnongauss1,2.0,26,0.666667,0.111111,0.555556
GC2,nonlinnongauss1,2.0,26,0.666667,0.111111,0.555556
PC,nonlinnongauss1,2.0,26,0.0,0.222222,-0.222222
GC1,nonlinnongauss1,2.0,27,0.666667,0.0,0.666667
GC2,nonlinnongauss1,2.0,27,0.666667,0.0,0.666667
PC,nonlinnongauss1,2.0,27,0.0,0.0,0.0
GC1,nonlinnongauss1,2.0,28,0.666667,0.0,0.666667
GC2,nonlinnongauss1,2.0,28,0.666667,0.0,0.666667
PC,nonlinnongauss1,2.0,28,0.0,0.0,0.0
GC1,nonlinnongauss1,2.0,29,0.666667,0.111111,0.555556
GC2,nonlinnongauss1,2.0,29,0.666667,0.111111,0.555556
PC,nonlinnongauss1,2.0,29,0.0,0.111111,-0.111111
GC1,nonlinnongauss1,2.0,30,0.666667,0.0,0.666667
GC2,nonlinnongauss1,2.0,30,0.666667,0.0,0.666667
PC,nonlinnongauss1,2.0,30,0.0,0.0,0.0
GC1,nonlinnongauss1,2.0,31,1.0,0.111111,0.888889
GC2,nonlinnongauss1,2.0,31,1.0,0.111111,0.888889
PC,nonlinnongauss1,2.0,31,0.0,0.111111,-0.111111
GC1,nonlinnongauss1,2.0,32,0.0,0.222222,-0.222222
GC2,nonlinnongauss1,2.0,32,0.0,0.222222,-0.222222
PC,nonlinnongauss1,2.0,32,0.0,0.0,0.0
GC1,nonlinnongauss1,2.0,33,0.333333,0.111111,0.222222
GC2,nonlinnongauss1,2.0,33,0.333333,0.111111,0.222222
PC,nonlinnongauss1,2.0,33,0.0,0.0,0.0
GC1,nonlinnongauss1,2.0,34,0.666667,0.0,0.666667
GC2,nonlinnongauss1,2.0,34,0.666667,0.0,0.666667
PC,nonlinnongauss1,2.0,34,0.0,0.0,0.0
GC1,nonlinnongauss1,2.0,35,0.666667,0.111111,0.555556
GC2,nonlinnongauss1,2.0,35,0.666667,0.111111,0.555556
PC,nonlinnongauss1,2.0,35,0.0,0.0,0.0
GC1,nonlinnongauss1,2.0,36,0.333333,0.111111,0.222222
GC2,nonlinnongauss1,2.0,36,0.333333,0.111111,0.222222
PC,nonlinnongauss1,2.0,36,0.0,0.0,0.0
GC1,nonlinnongauss1,2.0,37,0.666667,0.0,0.666667
GC2,nonlinnongauss1,2.0,37,0.666667,0.111111,0.555556
PC,nonlinnongauss1,2.0,37,0.0,0.111111,-0.111111
GC1,nonlinnongauss1,2.0,38,1.0,0.0,1.0
GC2,nonlinnongauss1,2.0,38,1.0,0.0,1.0
PC,nonlinnongauss1,2.0,38,0.0,0.0,0.0
GC1,nonlinnongauss1,2.0,39,0.666667,0.0,0.666667
GC2,nonlinnongauss1,2.0,39,0.666667,0.0,0.666667
PC,nonlinnongauss1,2.0,39,0.0,0.0,0.0
GC1,nonlinnongauss1,2.0,40,0.666667,0.0,0.666667
GC2,nonlinnongauss1,2.0,40,0.666667,0.0,0.666667
PC,nonlinnongauss1,2.0,40,0.0,0.0,0.0
GC1,nonlinnongauss1,2.0,41,0.666667,0.0,0.666667
GC2,nonlinnongauss1,2.0,41,0.666667,0.0,0.666667
PC,nonlinnongauss1,2.0,41,0.0,0.0,0.0
GC1,nonlinnongauss1,2.0,42,0.666667,0.0,0.666667
GC2,nonlinnongauss1,2.0,42,0.666667,0.0,0.666667
PC,nonlinnongauss1,2.0,42,0.0,0.0,0.0
GC1,nonlinnongauss1,2.0,43,1.0,0.111111,0.888889
GC2,nonlinnongauss1,2.0,43,1.0,0.111111,0.888889
PC,nonlinnongauss1,2.0,43,0.333333,0.222222,0.111111
GC1,nonlinnongauss1,2.0,44,0.666667,0.0,0.666667
GC2,nonlinnongauss1,2.0,44,0.666667,0.0,0.666667
PC,nonlinnongauss1,2.0,44,0.0,0.0,0.0
GC1,nonlinnongauss1,2.0,45,0.666667,0.0,0.666667
GC2,nonlinnongauss1,2.0,45,0.666667,0.0,0.666667
PC,nonlinnongauss1,2.0,45,0.0,0.0,0.0
GC1,nonlinnongauss1,2.0,46,1.0,0.0,1.0
GC2,nonlinnongauss1,2.0,46,1.0,0.0,1.0
PC,nonlinnongauss1,2.0,46,0.0,0.0,0.0
GC1,nonlinnongauss1,2.0,47,0.666667,0.0,0.666667
GC2,nonlinnongauss1,2.0,47,0.666667,0.0,0.666667
PC,nonlinnongauss1,2.0,47,0.0,0.0,0.0
GC1,nonlinnongauss1,2.0,48,0.666667,0.111111,0.555556
GC2,nonlinnongauss1,2.0,48,0.666667,0.111111,0.555556
PC,nonlinnongauss1,2.0,48,0.0,0.0,0.0
GC1,nonlinnongauss1,2.0,49,0.333333,0.111111,0.222222
GC2,nonlinnongauss1,2.0,49,0.333333,0.111111,0.222222
PC,nonlinnongauss1,2.0,49,0.0,0.0,0.0
GC1,nonlinnongauss1,2.5,0,1.0,0.0,1.0
GC2,nonlinnongauss1,2.5,0,1.0,0.0,1.0
PC,nonlinnongauss1,2.5,0,0.0,0.222222,-0.222222
GC1,nonlinnongauss1,2.5,1,1.0,0.0,1.0
GC2,nonlinnongauss1,2.5,1,1.0,0.0,1.0
PC,nonlinnongauss1,2.5,1,0.0,0.0,0.0
GC1,nonlinnongauss1,2.5,2,1.0,0.0,1.0
GC2,nonlinnongauss1,2.5,2,1.0,0.0,1.0
PC,nonlinnongauss1,2.5,2,0.0,0.0,0.0
GC1,nonlinnongauss1,2.5,3,1.0,0.111111,0.888889
GC2,nonlinnongauss1,2.5,3,1.0,0.111111,0.888889
PC,nonlinnongauss1,2.5,3,0.0,0.0,0.0
GC1,nonlinnongauss1,2.5,4,1.0,0.111111,0.888889
GC2,nonlinnongauss1,2.5,4,1.0,0.111111,0.888889
PC,nonlinnongauss1,2.5,4,0.0,0.0,0.0
GC1,nonlinnongauss1,2.5,5,1.0,0.222222,0.777778
GC2,nonlinnongauss1,2.5,5,1.0,0.222222,0.777778
PC,nonlinnongauss1,2.5,5,0.0,0.0,0.0
GC1,nonlinnongauss1,2.5,6,1.0,0.0,1.0
GC2,nonlinnongauss1,2.5,6,1.0,0.0,1.0
PC,nonlinnongauss1,2.5,6,0.0,0.0,0.0
GC1,nonlinnongauss1,2.5,7,0.666667,0.111111,0.555556
GC2,nonlinnongauss1,2.5,7,0.666667,0.111111,0.555556
PC,nonlinnongauss1,2.5,7,0.0,0.0,0.0
GC1,nonlinnongauss1,2.5,8,1.0,0.0,1.0
GC2,nonlinnongauss1,2.5,8,1.0,0.0,1.0
PC,nonlinnongauss1,2.5,8,0.0,0.111111,-0.111111
GC1,nonlinnongauss1,2.5,9,1.0,0.0,1.0
GC2,nonlinnongauss1,2.5,9,1.0,0.0,1.0
PC,nonlinnongauss1,2.5,9,0.0,0.222222,-0.222222
GC1,nonlinnongauss1,2.5,10,1.0,0.0,1.0
GC2,nonlinnongauss1,2.5,10,1.0,0.0,1.0
PC,nonlinnongauss1,2.5,10,0.0,0.0,0.0
GC1,nonlinnongauss1,2.5,11,1.0,0.111111,0.888889
GC2,nonlinnongauss1,2.5,11,1.0,0.111111,0.888889
PC,nonlinnongauss1,2.5,11,0.0,0.0,0.0
GC1,nonlinnongauss1,2.5,12,1.0,0.0,1.0
GC2,nonlinnongauss1,2.5,12,1.0,0.0,1.0
PC,nonlinnongauss1,2.5,12,0.0,0.0,0.0
GC1,nonlinnongauss1,2.5,13,1.0,0.111111,0.888889
GC2,nonlinnongauss1,2.5,13,1.0,0.111111,0.888889
PC,nonlinnongauss1,2.5,13,0.0,0.222222,-0.222222
GC1,nonlinnongauss1,2.5,14,0.666667,0.111111,0.555556
GC2,nonlinnongauss1,2.5,14,0.666667,0.111111,0.555556
PC,nonlinnongauss1,2.5,14,0.0,0.0,0.0
GC1,nonlinnongauss1,2.5,15,1.0,0.0,1.0
GC2,nonlinnongauss1,2.5,15,1.0,0.0,1.0
PC,nonlinnongauss1,2.5,15,0.0,0.0,0.0
GC1,nonlinnongauss1,2.5,16,1.0,0.0,1.0
GC2,nonlinnongauss1,2.5,16,1.0,0.0,1.0
PC,nonlinnongauss1,2.5,16,0.0,0.0,0.0
GC1,nonlinnongauss1,2.5,17,1.0,0.0,1.0
GC2,nonlinnongauss1,2.5,17,1.0,0.0,1.0
PC,nonlinnongauss1,2.5,17,0.0,0.0,0.0
GC1,nonlinnongauss1,2.5,18,1.0,0.0,1.0
GC2,nonlinnongauss1,2.5,18,1.0,0.0,1.0
PC,nonlinnongauss1,2.5,18,0.0,0.0,0.0
GC1,nonlinnongauss1,2.5,19,1.0,0.111111,0.888889
GC2,nonlinnongauss1,2.5,19,1.0,0.111111,0.888889
PC,nonlinnongauss1,2.5,19,0.0,0.111111,-0.111111
GC1,nonlinnongauss1,2.5,20,1.0,0.0,1.0
GC2,nonlinnongauss1,2.5,20,1.0,0.0,1.0
PC,nonlinnongauss1,2.5,20,0.0,0.0,0.0
GC1,nonlinnongauss1,2.5,21,1.0,0.0,1.0
GC2,nonlinnongauss1,2.5,21,1.0,0.0,1.0
PC,nonlinnongauss1,2.5,21,0.0,0.0,0.0
GC1,nonlinnongauss1,2.5,22,0.666667,0.111111,0.555556
GC2,nonlinnongauss1,2.5,22,0.666667,0.111111,0.555556
PC,nonlinnongauss1,2.5,22,0.0,0.0,0.0
GC1,nonlinnongauss1,2.5,23,1.0,0.0,1.0
GC2,nonlinnongauss1,2.5,23,1.0,0.0,1.0
PC,nonlinnongauss1,2.5,23,0.0,0.0,0.0
GC1,nonlinnongauss1,2.5,24,1.0,0.0,1.0
GC2,nonlinnongauss1,2.5,24,1.0,0.0,1.0
PC,nonlinnongauss1,2.5,24,0.0,0.0,0.0
GC1,nonlinnongauss1,2.5,25,1.0,0.0,1.0
GC2,nonlinnongauss1,2.5,25,1.0,0.0,1.0
PC,nonlinnongauss1,2.5,25,0.0,0.222222,-0.222222
GC1,nonlinnongauss1,2.5,26,1.0,0.0,1.0
GC2,nonlinnongauss1,2.5,26,0.666667,0.222222,0.444444
PC,nonlinnongauss1,2.5,26,0.0,0.0,0.0
GC1,nonlinnongauss1,2.5,27,1.0,0.0,1.0
GC2,nonlinnongauss1,2.5,27,1.0,0.0,1.0
PC,nonlinnongauss1,2.5,27,0.0,0.0,0.0
GC1,nonlinnongauss1,2.5,28,0.666667,0.111111,0.555556
GC2,nonlinnongauss1,2.5,28,0.666667,0.111111,0.555556
PC,nonlinnongauss1,2.5,28,0.0,0.0,0.0
GC1,nonlinnongauss1,2.5,29,1.0,0.111111,0.888889
GC2,nonlinnongauss1,2.5,29,1.0,0.111111,0.888889
PC,nonlinnongauss1,2.5,29,0.0,0.0,0.0
GC1,nonlinnongauss1,2.5,30,1.0,0.0,1.0
GC2,nonlinnongauss1,2.5,30,1.0,0.0,1.0
PC,nonlinnongauss1,2.5,30,0.0,0.0,0.0
GC1,nonlinnongauss1,2.5,31,1.0,0.111111,0.888889
GC2,nonlinnongauss1,2.5,31,1.0,0.111111,0.888889
PC,nonlinnongauss1,2.5,31,0.0,0.0,0.0
GC1,nonlinnongauss1,2.5,32,0.666667,0.111111,0.555556
GC2,nonlinnongauss1,2.5,32,0.666667,0.111111,0.555556
PC,nonlinnongauss1,2.5,32,0.0,0.0,0.0
GC1,nonlinnongauss1,2.5,33,0.666667,0.111111,0.555556
GC2,nonlinnongauss1,2.5,33,0.666667,0.111111,0.555556
PC,nonlinnongauss1,2.5,33,0.0,0.0,0.0
GC1,nonlinnongauss1,2.5,34,0.666667,0.111111,0.555556
GC2,nonlinnongauss1,2.5,34,0.666667,0.111111,0.555556
PC,nonlinnongauss1,2.5,34,0.0,0.0,0.0
GC1,nonlinnongauss1,2.5,35,1.0,0.111111,0.888889
GC2,nonlinnongauss1,2.5,35,0.666667,0.222222,0.444444
PC,nonlinnongauss1,2.5,35,0.0,0.111111,-0.111111
GC1,nonlinnongauss1,2.5,36,0.666667,0.111111,0.555556
GC2,nonlinnongauss1,2.5,36,0.666667,0.111111,0.555556
PC,nonlinnongauss1,2.5,36,0.0,0.0,0.0
GC1,nonlinnongauss1,2.5,37,1.0,0.0,1.0
GC2,nonlinnongauss1,2.5,37,1.0,0.0,1.0
PC,nonlinnongauss1,2.5,37,0.0,0.0,0.0
GC1,nonlinnongauss1,2.5,38,1.0,0.0,1.0
GC2,nonlinnongauss1,2.5,38,1.0,0.0,1.0
PC,nonlinnongauss1,2.5,38,0.0,0.0,0.0
GC1,nonlinnongauss1,2.5,39,1.0,0.0,1.0
GC2,nonlinnongauss1,2.5,39,1.0,0.0,1.0
PC,nonlinnongauss1,2.5,39,0.0,0.0,0.0
GC1,nonlinnongauss1,2.5,40,0.666667,0.111111,0.555556
GC2,nonlinnongauss1,2.5,40,0.666667,0.111111,0.555556
PC,nonlinnongauss1,2.5,40,0.0,0.0,0.0
GC1,nonlinnongauss1,2.5,41,0.666667,0.111111,0.555556
GC2,nonlinnongauss1,2.5,41,0.666667,0.111111,0.555556
PC,nonlinnongauss1,2.5,41,0.0,0.0,0.0
GC1,nonlinnongauss1,2.5,42,0.666667,0.111111,0.555556
GC2,nonlinnongauss1,2.5,42,0.666667,0.111111,0.555556
PC,nonlinnongauss1,2.5,42,0.0,0.0,0.0
GC1,nonlinnongauss1,2.5,43,1.0,0.111111,0.888889
GC2,nonlinnongauss1,2.5,43,1.0,0.0,1.0
PC,nonlinnongauss1,2.5,43,0.0,0.111111,-0.111111
GC1,nonlinnongauss1,2.5,44,1.0,0.0,1.0
GC2,nonlinnongauss1,2.5,44,1.0,0.0,1.0
PC,nonlinnongauss1,2.5,44,0.0,0.0,0.0
GC1,nonlinnongauss1,2.5,45,1.0,0.0,1.0
GC2,nonlinnongauss1,2.5,45,1.0,0.0,1.0
PC,nonlinnongauss1,2.5,45,0.0,0.111111,-0.111111
GC1,nonlinnongauss1,2.5,46,1.0,0.0,1.0
GC2,nonlinnongauss1,2.5,46,1.0,0.0,1.0
PC,nonlinnongauss1,2.5,46,0.0,0.0,0.0
GC1,nonlinnongauss1,2.5,47,1.0,0.0,1.0
GC2,nonlinnongauss1,2.5,47,1.0,0.0,1.0
PC,nonlinnongauss1,2.5,47,0.0,0.0,0.0
GC1,nonlinnongauss1,2.5,48,1.0,0.111111,0.888889
GC2,nonlinnongauss1,2.5,48,1.0,0.111111,0.888889
PC,nonlinnongauss1,2.5,48,0.0,0.0,0.0
GC1,nonlinnongauss1,2.5,49,1.0,0.0,1.0
GC2,nonlinnongauss1,2.5,49,1.0,0.0,1.0
PC,nonlinnongauss1,2.5,49,0.0,0.0,0.0
GC1,nonlinnongauss1,3.0,0,0.666667,0.0,0.666667
GC2,nonlinnongauss1,3.0,0,0.666667,0.0,0.666667
PC,nonlinnongauss1,3.0,0,0.0,0.222222,-0.222222
GC1,nonlinnongauss1,3.0,1,1.0,0.0,1.0
GC2,nonlinnongauss1,3.0,1,1.0,0.0,1.0
PC,nonlinnongauss1,3.0,1,0.0,0.0,0.0
GC1,nonlinnongauss1,3.0,2,1.0,0.0,1.0
GC2,nonlinnongauss1,3.0,2,1.0,0.0,1.0
PC,nonlinnongauss1,3.0,2,0.0,0.0,0.0
GC1,nonlinnongauss1,3.0,3,1.0,0.0,1.0
GC2,nonlinnongauss1,3.0,3,1.0,0.0,1.0
PC,nonlinnongauss1,3.0,3,0.0,0.0,0.0
GC1,nonlinnongauss1,3.0,4,1.0,0.0,1.0
GC2,nonlinnongauss1,3.0,4,1.0,0.0,1.0
PC,nonlinnongauss1,3.0,4,0.0,0.0,0.0
GC1,nonlinnongauss1,3.0,5,1.0,0.222222,0.777778
GC2,nonlinnongauss1,3.0,5,1.0,0.222222,0.777778
PC,nonlinnongauss1,3.0,5,0.0,0.111111,-0.111111
GC1,nonlinnongauss1,3.0,6,1.0,0.0,1.0
GC2,nonlinnongauss1,3.0,6,1.0,0.0,1.0
PC,nonlinnongauss1,3.0,6,0.0,0.0,0.0
GC1,nonlinnongauss1,3.0,7,0.666667,0.111111,0.555556
GC2,nonlinnongauss1,3.0,7,0.666667,0.0,0.666667
PC,nonlinnongauss1,3.0,7,0.0,0.0,0.0
GC1,nonlinnongauss1,3.0,8,1.0,0.0,1.0
GC2,nonlinnongauss1,3.0,8,1.0,0.0,1.0
PC,nonlinnongauss1,3.0,8,0.0,0.0,0.0
GC1,nonlinnongauss1,3.0,9,0.333333,0.222222,0.111111
GC2,nonlinnongauss1,3.0,9,0.0,0.222222,-0.222222
PC,nonlinnongauss1,3.0,9,0.0,0.222222,-0.222222
GC1,nonlinnongauss1,3.0,10,1.0,0.0,1.0
GC2,nonlinnongauss1,3.0,10,1.0,0.0,1.0
PC,nonlinnongauss1,3.0,10,0.0,0.0,0.0
GC1,nonlinnongauss1,3.0,11,0.666667,0.0,0.666667
GC2,nonlinnongauss1,3.0,11,0.666667,0.111111,0.555556
PC,nonlinnongauss1,3.0,11,0.0,0.111111,-0.111111
GC1,nonlinnongauss1,3.0,12,1.0,0.111111,0.888889
GC2,nonlinnongauss1,3.0,12,1.0,0.111111,0.888889
PC,nonlinnongauss1,3.0,12,0.0,0.0,0.0
GC1,nonlinnongauss1,3.0,13,0.666667,0.111111,0.555556
GC2,nonlinnongauss1,3.0,13,0.666667,0.111111,0.555556
PC,nonlinnongauss1,3.0,13,0.0,0.0,0.0
GC1,nonlinnongauss1,3.0,14,1.0,0.0,1.0
GC2,nonlinnongauss1,3.0,14,1.0,0.0,1.0
PC,nonlinnongauss1,3.0,14,0.0,0.222222,-0.222222
GC1,nonlinnongauss1,3.0,15,1.0,0.0,1.0
GC2,nonlinnongauss1,3.0,15,1.0,0.0,1.0
PC,nonlinnongauss1,3.0,15,0.0,0.0,0.0
GC1,nonlinnongauss1,3.0,16,1.0,0.0,1.0
GC2,nonlinnongauss1,3.0,16,1.0,0.0,1.0
PC,nonlinnongauss1,3.0,16,0.0,0.0,0.0
GC1,nonlinnongauss1,3.0,17,0.666667,0.0,0.666667
GC2,nonlinnongauss1,3.0,17,0.666667,0.0,0.666667
PC,nonlinnongauss1,3.0,17,0.0,0.111111,-0.111111
GC1,nonlinnongauss1,3.0,18,1.0,0.0,1.0
GC2,nonlinnongauss1,3.0,18,1.0,0.0,1.0
PC,nonlinnongauss1,3.0,18,0.0,0.111111,-0.111111
GC1,nonlinnongauss1,3.0,19,1.0,0.0,1.0
GC2,nonlinnongauss1,3.0,19,1.0,0.0,1.0
PC,nonlinnongauss1,3.0,19,0.0,0.111111,-0.111111
GC1,nonlinnongauss1,3.0,20,1.0,0.0,1.0
GC2,nonlinnongauss1,3.0,20,1.0,0.0,1.0
PC,nonlinnongauss1,3.0,20,0.0,0.0,0.0
GC1,nonlinnongauss1,3.0,21,1.0,0.0,1.0
GC2,nonlinnongauss1,3.0,21,1.0,0.0,1.0
PC,nonlinnongauss1,3.0,21,0.0,0.0,0.0
GC1,nonlinnongauss1,3.0,22,1.0,0.0,1.0
GC2,nonlinnongauss1,3.0,22,1.0,0.0,1.0
PC,nonlinnongauss1,3.0,22,0.0,0.0,0.0
GC1,nonlinnongauss1,3.0,23,0.333333,0.111111,0.222222
GC2,nonlinnongauss1,3.0,23,0.333333,0.111111,0.222222
PC,nonlinnongauss1,3.0,23,0.0,0.0,0.0
GC1,nonlinnongauss1,3.0,24,1.0,0.111111,0.888889
GC2,nonlinnongauss1,3.0,24,1.0,0.111111,0.888889
PC,nonlinnongauss1,3.0,24,0.0,0.222222,-0.222222
GC1,nonlinnongauss1,3.0,25,1.0,0.0,1.0
GC2,nonlinnongauss1,3.0,25,1.0,0.0,1.0
PC,nonlinnongauss1,3.0,25,0.0,0.0,0.0
GC1,nonlinnongauss1,3.0,26,1.0,0.0,1.0
GC2,nonlinnongauss1,3.0,26,1.0,0.0,1.0
PC,nonlinnongauss1,3.0,26,0.0,0.0,0.0
GC1,nonlinnongauss1,3.0,27,0.666667,0.0,0.666667
GC2,nonlinnongauss1,3.0,27,0.666667,0.0,0.666667
PC,nonlinnongauss1,3.0,27,0.0,0.0,0.0
GC1,nonlinnongauss1,3.0,28,0.666667,0.0,0.666667
GC2,nonlinnongauss1,3.0,28,0.666667,0.0,0.666667
PC,nonlinnongauss1,3.0,28,0.0,0.0,0.0
GC1,nonlinnongauss1,3.0,29,0.666667,0.111111,0.555556
GC2,nonlinnongauss1,3.0,29,0.666667,0.111111,0.555556
PC,nonlinnongauss1,3.0,29,0.0,0.0,0.0
GC1,nonlinnongauss1,3.0,30,0.666667,0.0,0.666667
GC2,nonlinnongauss1,3.0,30,0.666667,0.0,0.666667
PC,nonlinnongauss1,3.0,30,0.0,0.0,0.0
GC1,nonlinnongauss1,3.0,31,1.0,0.111111,0.888889
GC2,nonlinnongauss1,3.0,31,0.666667,0.222222,0.444444
PC,nonlinnongauss1,3.0,31,0.0,0.0,0.0
GC1,nonlinnongauss1,3.0,32,1.0,0.0,1.0
GC2,nonlinnongauss1,3.0,32,1.0,0.0,1.0
PC,nonlinnongauss1,3.0,32,0.0,0.222222,-0.222222
GC1,nonlinnongauss1,3.0,33,0.666667,0.111111,0.555556
GC2,nonlinnongauss1,3.0,33,0.666667,0.111111,0.555556
PC,nonlinnongauss1,3.0,33,0.0,0.0,0.0
GC1,nonlinnongauss1,3.0,34,0.666667,0.111111,0.555556
GC2,nonlinnongauss1,3.0,34,0.666667,0.111111,0.555556
PC,nonlinnongauss1,3.0,34,0.0,0.111111,-0.111111
GC1,nonlinnongauss1,3.0,35,1.0,0.111111,0.888889
GC2,nonlinnongauss1,3.0,35,1.0,0.111111,0.888889
PC,nonlinnongauss1,3.0,35,0.0,0.0,0.0
GC1,nonlinnongauss1,3.0,36,0.666667,0.111111,0.555556
GC2,nonlinnongauss1,3.0,36,0.666667,0.111111,0.555556
PC,nonlinnongauss1,3.0,36,0.0,0.0,0.0
GC1,nonlinnongauss1,3.0,37,1.0,0.0,1.0
GC2,nonlinnongauss1,3.0,37,1.0,0.0,1.0
PC,nonlinnongauss1,3.0,37,0.0,0.0,0.0
GC1,nonlinnongauss1,3.0,38,1.0,0.0,1.0
GC2,nonlinnongauss1,3.0,38,1.0,0.0,1.0
PC,nonlinnongauss1,3.0,38,0.0,0.0,0.0
GC1,nonlinnongauss1,3.0,39,1.0,0.0,1.0
GC2,nonlinnongauss1,3.0,39,1.0,0.0,1.0
PC,nonlinnongauss1,3.0,39,0.0,0.0,0.0
GC1,nonlinnongauss1,3.0,40,0.666667,0.222222,0.444444
GC2,nonlinnongauss1,3.0,40,0.666667,0.222222,0.444444
PC,nonlinnongauss1,3.0,40,0.0,0.222222,-0.222222
GC1,nonlinnongauss1,3.0,41,0.666667,0.222222,0.444444
GC2,nonlinnongauss1,3.0,41,0.666667,0.222222,0.444444
PC,nonlinnongauss1,3.0,41,0.0,0.0,0.0
GC1,nonlinnongauss1,3.0,42,0.666667,0.111111,0.555556
GC2,nonlinnongauss1,3.0,42,0.666667,0.111111,0.555556
PC,nonlinnongauss1,3.0,42,0.0,0.111111,-0.111111
GC1,nonlinnongauss1,3.0,43,1.0,0.0,1.0
GC2,nonlinnongauss1,3.0,43,1.0,0.0,1.0
PC,nonlinnongauss1,3.0,43,0.0,0.111111,-0.111111
GC1,nonlinnongauss1,3.0,44,1.0,0.111111,0.888889
GC2,nonlinnongauss1,3.0,44,1.0,0.111111,0.888889
PC,nonlinnongauss1,3.0,44,0.0,0.111111,-0.111111
GC1,nonlinnongauss1,3.0,45,1.0,0.0,1.0
GC2,nonlinnongauss1,3.0,45,1.0,0.0,1.0
PC,nonlinnongauss1,3.0,45,0.0,0.111111,-0.111111
GC1,nonlinnongauss1,3.0,46,1.0,0.0,1.0
GC2,nonlinnongauss1,3.0,46,1.0,0.0,1.0
PC,nonlinnongauss1,3.0,46,0.0,0.222222,-0.222222
GC1,nonlinnongauss1,3.0,47,0.666667,0.111111,0.555556
GC2,nonlinnongauss1,3.0,47,0.666667,0.111111,0.555556
PC,nonlinnongauss1,3.0,47,0.0,0.0,0.0
GC1,nonlinnongauss1,3.0,48,1.0,0.111111,0.888889
GC2,nonlinnongauss1,3.0,48,1.0,0.111111,0.888889
PC,nonlinnongauss1,3.0,48,0.0,0.111111,-0.111111
GC1,nonlinnongauss1,3.0,49,0.666667,0.0,0.666667
GC2,nonlinnongauss1,3.0,49,0.666667,0.0,0.666667
PC,nonlinnongauss1,3.0,49,0.0,0.0,0.0
GC1,nonlinnongauss1,3.5,0,1.0,0.0,1.0
GC2,nonlinnongauss1,3.5,0,1.0,0.0,1.0
PC,nonlinnongauss1,3.5,0,0.0,0.222222,-0.222222
GC1,nonlinnongauss1,3.5,1,1.0,0.0,1.0
GC2,nonlinnongauss1,3.5,1,1.0,0.111111,0.888889
PC,nonlinnongauss1,3.5,1,0.0,0.0,0.0
GC1,nonlinnongauss1,3.5,2,1.0,0.0,1.0
GC2,nonlinnongauss1,3.5,2,1.0,0.0,1.0
PC,nonlinnongauss1,3.5,2,0.0,0.0,0.0
GC1,nonlinnongauss1,3.5,3,1.0,0.0,1.0
GC2,nonlinnongauss1,3.5,3,1.0,0.0,1.0
PC,nonlinnongauss1,3.5,3,0.0,0.0,0.0
GC1,nonlinnongauss1,3.5,4,0.666667,0.222222,0.444444
GC2,nonlinnongauss1,3.5,4,0.666667,0.222222,0.444444
PC,nonlinnongauss1,3.5,4,0.0,0.0,0.0
GC1,nonlinnongauss1,3.5,5,1.0,0.111111,0.888889
GC2,nonlinnongauss1,3.5,5,1.0,0.111111,0.888889
PC,nonlinnongauss1,3.5,5,0.0,0.111111,-0.111111
GC1,nonlinnongauss1,3.5,6,1.0,0.0,1.0
GC2,nonlinnongauss1,3.5,6,1.0,0.0,1.0
PC,nonlinnongauss1,3.5,6,0.0,0.0,0.0
GC1,nonlinnongauss1,3.5,7,1.0,0.0,1.0
GC2,nonlinnongauss1,3.5,7,1.0,0.0,1.0
PC,nonlinnongauss1,3.5,7,0.0,0.0,0.0
GC1,nonlinnongauss1,3.5,8,1.0,0.0,1.0
GC2,nonlinnongauss1,3.5,8,1.0,0.0,1.0
PC,nonlinnongauss1,3.5,8,0.0,0.0,0.0
GC1,nonlinnongauss1,3.5,9,0.333333,0.222222,0.111111
GC2,nonlinnongauss1,3.5,9,0.333333,0.222222,0.111111
PC,nonlinnongauss1,3.5,9,0.0,0.222222,-0.222222
GC1,nonlinnongauss1,3.5,10,1.0,0.0,1.0
GC2,nonlinnongauss1,3.5,10,1.0,0.0,1.0
PC,nonlinnongauss1,3.5,10,0.0,0.0,0.0
GC1,nonlinnongauss1,3.5,11,1.0,0.0,1.0
GC2,nonlinnongauss1,3.5,11,1.0,0.0,1.0
PC,nonlinnongauss1,3.5,11,0.0,0.0,0.0
GC1,nonlinnongauss1,3.5,12,1.0,0.111111,0.888889
GC2,nonlinnongauss1,3.5,12,1.0,0.111111,0.888889
PC,nonlinnongauss1,3.5,12,0.0,0.0,0.0
GC1,nonlinnongauss1,3.5,13,1.0,0.0,1.0
GC2,nonlinnongauss1,3.5,13,1.0,0.0,1.0
PC,nonlinnongauss1,3.5,13,0.0,0.0,0.0
GC1,nonlinnongauss1,3.5,14,1.0,0.0,1.0
GC2,nonlinnongauss1,3.5,14,1.0,0.0,1.0
PC,nonlinnongauss1,3.5,14,0.0,0.0,0.0
GC1,nonlinnongauss1,3.5,15,1.0,0.0,1.0
GC2,nonlinnongauss1,3.5,15,1.0,0.0,1.0
PC,nonlinnongauss1,3.5,15,0.0,0.111111,-0.111111
GC1,nonlinnongauss1,3.5,16,1.0,0.0,1.0
GC2,nonlinnongauss1,3.5,16,1.0,0.0,1.0
PC,nonlinnongauss1,3.5,16,0.0,0.222222,-0.222222
GC1,nonlinnongauss1,3.5,17,1.0,0.0,1.0
GC2,nonlinnongauss1,3.5,17,1.0,0.0,1.0
PC,nonlinnongauss1,3.5,17,0.0,0.111111,-0.111111
GC1,nonlinnongauss1,3.5,18,1.0,0.0,1.0
GC2,nonlinnongauss1,3.5,18,1.0,0.0,1.0
PC,nonlinnongauss1,3.5,18,0.0,0.111111,-0.111111
GC1,nonlinnongauss1,3.5,19,1.0,0.0,1.0
GC2,nonlinnongauss1,3.5,19,1.0,0.0,1.0
PC,nonlinnongauss1,3.5,19,0.0,0.222222,-0.222222
GC1,nonlinnongauss1,3.5,20,0.666667,0.111111,0.555556
GC2,nonlinnongauss1,3.5,20,0.666667,0.111111,0.555556
PC,nonlinnongauss1,3.5,20,0.0,0.0,0.0
GC1,nonlinnongauss1,3.5,21,1.0,0.0,1.0
GC2,nonlinnongauss1,3.5,21,1.0,0.0,1.0
PC,nonlinnongauss1,3.5,21,0.0,0.0,0.0
GC1,nonlinnongauss1,3.5,22,0.666667,0.222222,0.444444
GC2,nonlinnongauss1,3.5,22,0.666667,0.111111,0.555556
PC,nonlinnongauss1,3.5,22,0.0,0.0,0.0
GC1,nonlinnongauss1,3.5,23,1.0,0.0,1.0
GC2,nonlinnongauss1,3.5,23,1.0,0.0,1.0
PC,nonlinnongauss1,3.5,23,0.0,0.0,0.0
GC1,nonlinnongauss1,3.5,24,1.0,0.0,1.0
GC2,nonlinnongauss1,3.5,24,1.0,0.0,1.0
PC,nonlinnongauss1,3.5,24,0.0,0.0,0.0
GC1,nonlinnongauss1,3.5,25,1.0,0.0,1.0
GC2,nonlinnongauss1,3.5,25,1.0,0.0,1.0
PC,nonlinnongauss1,3.5,25,0.0,0.0,0.0
GC1,nonlinnongauss1,3.5,26,1.0,0.111111,0.888889
GC2,nonlinnongauss1,3.5,26,1.0,0.111111,0.888889
PC,nonlinnongauss1,3.5,26,0.0,0.0,0.0
GC1,nonlinnongauss1,3.5,27,1.0,0.0,1.0
GC2,nonlinnongauss1,3.5,27,1.0,0.0,1.0
PC,nonlinnongauss1,3.5,27,0.0,0.0,0.0
GC1,nonlinnongauss1,3.5,28,1.0,0.0,1.0
GC2,nonlinnongauss1,3.5,28,1.0,0.0,1.0
PC,nonlinnongauss1,3.5,28,0.0,0.0,0.0
GC1,nonlinnongauss1,3.5,29,1.0,0.0,1.0
GC2,nonlinnongauss1,3.5,29,1.0,0.0,1.0
PC,nonlinnongauss1,3.5,29,0.0,0.0,0.0
GC1,nonlinnongauss1,3.5,30,1.0,0.0,1.0
GC2,nonlinnongauss1,3.5,30,1.0,0.0,1.0
PC,nonlinnongauss1,3.5,30,0.0,0.0,0.0
GC1,nonlinnongauss1,3.5,31,0.666667,0.222222,0.444444
GC2,nonlinnongauss1,3.5,31,0.666667,0.222222,0.444444
PC,nonlinnongauss1,3.5,31,0.0,0.0,0.0
GC1,nonlinnongauss1,3.5,32,1.0,0.111111,0.888889
GC2,nonlinnongauss1,3.5,32,1.0,0.111111,0.888889
PC,nonlinnongauss1,3.5,32,0.0,0.222222,-0.222222
GC1,nonlinnongauss1,3.5,33,1.0,0.111111,0.888889
GC2,nonlinnongauss1,3.5,33,1.0,0.111111,0.888889
PC,nonlinnongauss1,3.5,33,0.0,0.0,0.0
GC1,nonlinnongauss1,3.5,34,0.666667,0.111111,0.555556
GC2,nonlinnongauss1,3.5,34,0.666667,0.111111,0.555556
PC,nonlinnongauss1,3.5,34,0.0,0.111111,-0.111111
GC1,nonlinnongauss1,3.5,35,1.0,0.111111,0.888889
GC2,nonlinnongauss1,3.5,35,1.0,0.111111,0.888889
PC,nonlinnongauss1,3.5,35,0.0,0.0,0.0
GC1,nonlinnongauss1,3.5,36,0.666667,0.111111,0.555556
GC2,nonlinnongauss1,3.5,36,0.666667,0.111111,0.555556
PC,nonlinnongauss1,3.5,36,0.0,0.222222,-0.222222
GC1,nonlinnongauss1,3.5,37,1.0,0.0,1.0
GC2,nonlinnongauss1,3.5,37,1.0,0.0,1.0
PC,nonlinnongauss1,3.5,37,0.0,0.0,0.0
GC1,nonlinnongauss1,3.5,38,1.0,0.0,1.0
GC2,nonlinnongauss1,3.5,38,1.0,0.0,1.0
PC,nonlinnongauss1,3.5,38,0.0,0.0,0.0
GC1,nonlinnongauss1,3.5,39,1.0,0.0,1.0
GC2,nonlinnongauss1,3.5,39,1.0,0.0,1.0
PC,nonlinnongauss1,3.5,39,0.0,0.0,0.0
GC1,nonlinnongauss1,3.5,40,1.0,0.0,1.0
GC2,nonlinnongauss1,3.5,40,1.0,0.0,1.0
PC,nonlinnongauss1,3.5,40,0.0,0.222222,-0.222222
GC1,nonlinnongauss1,3.5,41,1.0,0.111111,0.888889
GC2,nonlinnongauss1,3.5,41,1.0,0.111111,0.888889
PC,nonlinnongauss1,3.5,41,0.0,0.222222,-0.222222
GC1,nonlinnongauss1,3.5,42,0.666667,0.111111,0.555556
GC2,nonlinnongauss1,3.5,42,0.666667,0.111111,0.555556
PC,nonlinnongauss1,3.5,42,0.0,0.111111,-0.111111
GC1,nonlinnongauss1,3.5,43,1.0,0.0,1.0
GC2,nonlinnongauss1,3.5,43,1.0,0.0,1.0
PC,nonlinnongauss1,3.5,43,0.0,0.111111,-0.111111
GC1,nonlinnongauss1,3.5,44,1.0,0.0,1.0
GC2,nonlinnongauss1,3.5,44,1.0,0.0,1.0
PC,nonlinnongauss1,3.5,44,0.0,0.111111,-0.111111
GC1,nonlinnongauss1,3.5,45,0.666667,0.111111,0.555556
GC2,nonlinnongauss1,3.5,45,1.0,0.0,1.0
PC,nonlinnongauss1,3.5,45,0.0,0.111111,-0.111111
GC1,nonlinnongauss1,3.5,46,1.0,0.111111,0.888889
GC2,nonlinnongauss1,3.5,46,1.0,0.111111,0.888889
PC,nonlinnongauss1,3.5,46,0.0,0.111111,-0.111111
GC1,nonlinnongauss1,3.5,47,1.0,0.0,1.0
GC2,nonlinnongauss1,3.5,47,0.666667,0.111111,0.555556
PC,nonlinnongauss1,3.5,47,0.0,0.0,0.0
GC1,nonlinnongauss1,3.5,48,1.0,0.111111,0.888889
GC2,nonlinnongauss1,3.5,48,1.0,0.111111,0.888889
PC,nonlinnongauss1,3.5,48,0.0,0.111111,-0.111111
GC1,nonlinnongauss1,3.5,49,0.666667,0.111111,0.555556
GC2,nonlinnongauss1,3.5,49,0.666667,0.111111,0.555556
PC,nonlinnongauss1,3.5,49,0.0,0.0,0.0
GC1,nonlinnongauss2,0.1,0,0.5,0.125,0.375
GC2,nonlinnongauss2,0.1,0,0.5,0.125,0.375
PC,nonlinnongauss2,0.1,0,0.0,0.25,-0.25
GC1,nonlinnongauss2,0.1,1,0.5,0.0,0.5
GC2,nonlinnongauss2,0.1,1,0.5,0.125,0.375
PC,nonlinnongauss2,0.1,1,0.0,0.25,-0.25
GC1,nonlinnongauss2,0.1,2,0.5,0.0,0.5
GC2,nonlinnongauss2,0.1,2,0.5,0.0,0.5
PC,nonlinnongauss2,0.1,2,0.0,0.25,-0.25
GC1,nonlinnongauss2,0.1,3,0.5,0.125,0.375
GC2,nonlinnongauss2,0.1,3,0.5,0.125,0.375
PC,nonlinnongauss2,0.1,3,0.0,0.25,-0.25
GC1,nonlinnongauss2,0.1,4,0.5,0.0,0.5
GC2,nonlinnongauss2,0.1,4,0.5,0.0,0.5
PC,nonlinnongauss2,0.1,4,0.0,0.25,-0.25
GC1,nonlinnongauss2,0.1,5,1.0,0.0,1.0
GC2,nonlinnongauss2,0.1,5,0.5,0.0,0.5
PC,nonlinnongauss2,0.1,5,0.0,0.25,-0.25
GC1,nonlinnongauss2,0.1,6,0.25,0.25,0.0
GC2,nonlinnongauss2,0.1,6,0.5,0.0,0.5
PC,nonlinnongauss2,0.1,6,0.0,0.25,-0.25
GC1,nonlinnongauss2,0.1,7,0.5,0.0,0.5
GC2,nonlinnongauss2,0.1,7,0.5,0.125,0.375
PC,nonlinnongauss2,0.1,7,0.0,0.25,-0.25
GC1,nonlinnongauss2,0.1,8,0.5,0.125,0.375
GC2,nonlinnongauss2,0.1,8,0.5,0.125,0.375
PC,nonlinnongauss2,0.1,8,0.0,0.25,-0.25
GC1,nonlinnongauss2,0.1,9,0.5,0.0,0.5
GC2,nonlinnongauss2,0.1,9,0.5,0.0,0.5
PC,nonlinnongauss2,0.1,9,0.0,0.25,-0.25
GC1,nonlinnongauss2,0.1,10,1.0,0.25,0.75
GC2,nonlinnongauss2,0.1,10,0.5,0.0,0.5
PC,nonlinnongauss2,0.1,10,0.0,0.25,-0.25
GC1,nonlinnongauss2,0.1,11,0.5,0.0,0.5
GC2,nonlinnongauss2,0.1,11,0.5,0.125,0.375
PC,nonlinnongauss2,0.1,11,0.0,0.25,-0.25
GC1,nonlinnongauss2,0.1,12,0.25,0.25,0.0
GC2,nonlinnongauss2,0.1,12,0.25,0.125,0.125
PC,nonlinnongauss2,0.1,12,0.0,0.5,-0.5
GC1,nonlinnongauss2,0.1,13,0.5,0.0,0.5
GC2,nonlinnongauss2,0.1,13,0.5,0.0,0.5
PC,nonlinnongauss2,0.1,13,0.0,0.25,-0.25
GC1,nonlinnongauss2,0.1,14,0.5,0.0,0.5
GC2,nonlinnongauss2,0.1,14,0.5,0.0,0.5
PC,nonlinnongauss2,0.1,14,0.0,0.25,-0.25
GC1,nonlinnongauss2,0.1,15,0.5,0.0,0.5
GC2,nonlinnongauss2,0.1,15,0.5,0.0,0.5
PC,nonlinnongauss2,0.1,15,0.0,0.25,-0.25
GC1,nonlinnongauss2,0.1,16,0.5,0.0,0.5
GC2,nonlinnongauss2,0.1,16,0.5,0.125,0.375
PC,nonlinnongauss2,0.1,16,0.0,0.25,-0.25
GC1,nonlinnongauss2,0.1,17,0.5,0.125,0.375
GC2,nonlinnongauss2,0.1,17,0.5,0.125,0.375
PC,nonlinnongauss2,0.1,17,0.0,0.25,-0.25
GC1,nonlinnongauss2,0.1,18,0.5,0.25,0.25
GC2,nonlinnongauss2,0.1,18,0.5,0.0,0.5
PC,nonlinnongauss2,0.1,18,0.0,0.25,-0.25
GC1,nonlinnongauss2,0.1,19,0.5,0.0,0.5
GC2,nonlinnongauss2,0.1,19,0.5,0.0,0.5
PC,nonlinnongauss2,0.1,19,0.0,0.25,-0.25
GC1,nonlinnongauss2,0.1,20,1.0,0.125,0.875
GC2,nonlinnongauss2,0.1,20,0.5,0.375,0.125
PC,nonlinnongauss2,0.1,20,0.0,0.25,-0.25
GC1,nonlinnongauss2,0.1,21,0.5,0.125,0.375
GC2,nonlinnongauss2,0.1,21,0.5,0.125,0.375
PC,nonlinnongauss2,0.1,21,0.0,0.25,-0.25
GC1,nonlinnongauss2,0.1,22,0.5,0.125,0.375
GC2,nonlinnongauss2,0.1,22,0.75,0.0,0.75
PC,nonlinnongauss2,0.1,22,0.0,0.25,-0.25
GC1,nonlinnongauss2,0.1,23,0.5,0.0,0.5
GC2,nonlinnongauss2,0.1,23,0.25,0.125,0.125
PC,nonlinnongauss2,0.1,23,0.0,0.25,-0.25
GC1,nonlinnongauss2,0.1,24,0.5,0.125,0.375
GC2,nonlinnongauss2,0.1,24,0.5,0.0,0.5
PC,nonlinnongauss2,0.1,24,0.0,0.25,-0.25
GC1,nonlinnongauss2,0.1,25,0.5,0.375,0.125
GC2,nonlinnongauss2,0.1,25,0.5,0.125,0.375
PC,nonlinnongauss2,0.1,25,0.0,0.25,-0.25
GC1,nonlinnongauss2,0.1,26,0.5,0.125,0.375
GC2,nonlinnongauss2,0.1,26,0.5,0.125,0.375
PC,nonlinnongauss2,0.1,26,0.0,0.25,-0.25
GC1,nonlinnongauss2,0.1,27,0.0,0.25,-0.25
GC2,nonlinnongauss2,0.1,27,0.5,0.0,0.5
PC,nonlinnongauss2,0.1,27,0.0,0.25,-0.25
GC1,nonlinnongauss2,0.1,28,0.5,0.125,0.375
GC2,nonlinnongauss2,0.1,28,0.5,0.125,0.375
PC,nonlinnongauss2,0.1,28,0.0,0.25,-0.25
GC1,nonlinnongauss2,0.1,29,0.5,0.0,0.5
GC2,nonlinnongauss2,0.1,29,0.5,0.0,0.5
PC,nonlinnongauss2,0.1,29,0.0,0.25,-0.25
GC1,nonlinnongauss2,0.1,30,0.5,0.125,0.375
GC2,nonlinnongauss2,0.1,30,0.5,0.125,0.375
PC,nonlinnongauss2,0.1,30,0.0,0.25,-0.25
GC1,nonlinnongauss2,0.1,31,0.5,0.0,0.5
GC2,nonlinnongauss2,0.1,31,0.5,0.125,0.375
PC,nonlinnongauss2,0.1,31,0.0,0.25,-0.25
GC1,nonlinnongauss2,0.1,32,0.5,0.0,0.5
GC2,nonlinnongauss2,0.1,32,0.5,0.0,0.5
PC,nonlinnongauss2,0.1,32,0.0,0.25,-0.25
GC1,nonlinnongauss2,0.1,33,0.5,0.0,0.5
GC2,nonlinnongauss2,0.1,33,0.5,0.0,0.5
PC,nonlinnongauss2,0.1,33,0.0,0.25,-0.25
GC1,nonlinnongauss2,0.1,34,0.75,0.125,0.625
GC2,nonlinnongauss2,0.1,34,0.5,0.25,0.25
PC,nonlinnongauss2,0.1,34,0.0,0.25,-0.25
GC1,nonlinnongauss2,0.1,35,0.5,0.0,0.5
GC2,nonlinnongauss2,0.1,35,0.5,0.0,0.5
PC,nonlinnongauss2,0.1,35,0.0,0.25,-0.25
GC1,nonlinnongauss2,0.1,36,0.5,0.0,0.5
GC2,nonlinnongauss2,0.1,36,0.5,0.0,0.5
PC,nonlinnongauss2,0.1,36,0.0,0.25,-0.25
GC1,nonlinnongauss2,0.1,37,1.0,0.0,1.0
GC2,nonlinnongauss2,0.1,37,0.5,0.0,0.5
PC,nonlinnongauss2,0.1,37,0.0,0.25,-0.25
GC1,nonlinnongauss2,0.1,38,0.5,0.0,0.5
GC2,nonlinnongauss2,0.1,38,0.5,0.125,0.375
PC,nonlinnongauss2,0.1,38,0.0,0.25,-0.25
GC1,nonlinnongauss2,0.1,39,0.5,0.0,0.5
GC2,nonlinnongauss2,0.1,39,0.5,0.0,0.5
PC,nonlinnongauss2,0.1,39,0.0,0.25,-0.25
GC1,nonlinnongauss2,0.1,40,0.5,0.0,0.5
GC2,nonlinnongauss2,0.1,40,0.5,0.0,0.5
PC,nonlinnongauss2,0.1,40,0.0,0.25,-0.25
GC1,nonlinnongauss2,0.1,41,0.5,0.0,0.5
GC2,nonlinnongauss2,0.1,41,0.5,0.0,0.5
PC,nonlinnongauss2,0.1,41,0.0,0.25,-0.25
GC1,nonlinnongauss2,0.1,42,0.5,0.0,0.5
GC2,nonlinnongauss2,0.1,42,0.5,0.0,0.5
PC,nonlinnongauss2,0.1,42,0.0,0.25,-0.25
GC1,nonlinnongauss2,0.1,43,0.5,0.0,0.5
GC2,nonlinnongauss2,0.1,43,0.5,0.0,0.5
PC,nonlinnongauss2,0.1,43,0.0,0.25,-0.25
GC1,nonlinnongauss2,0.1,44,0.0,0.25,-0.25
GC2,nonlinnongauss2,0.1,44,0.5,0.0,0.5
PC,nonlinnongauss2,0.1,44,0.0,0.25,-0.25
GC1,nonlinnongauss2,0.1,45,0.5,0.0,0.5
GC2,nonlinnongauss2,0.1,45,0.5,0.0,0.5
PC,nonlinnongauss2,0.1,45,0.0,0.25,-0.25
GC1,nonlinnongauss2,0.1,46,0.5,0.0,0.5
GC2,nonlinnongauss2,0.1,46,0.5,0.0,0.5
PC,nonlinnongauss2,0.1,46,0.0,0.25,-0.25
GC1,nonlinnongauss2,0.1,47,0.5,0.0,0.5
GC2,nonlinnongauss2,0.1,47,0.5,0.125,0.375
PC,nonlinnongauss2,0.1,47,0.0,0.25,-0.25
GC1,nonlinnongauss2,0.1,48,0.5,0.0,0.5
GC2,nonlinnongauss2,0.1,48,0.5,0.0,0.5
PC,nonlinnongauss2,0.1,48,0.0,0.25,-0.25
GC1,nonlinnongauss2,0.1,49,0.5,0.0,0.5
GC2,nonlinnongauss2,0.1,49,0.5,0.0,0.5
PC,nonlinnongauss2,0.1,49,0.0,0.25,-0.25
GC1,nonlinnongauss2,0.5,0,0.5,0.125,0.375
GC2,nonlinnongauss2,0.5,0,0.5,0.125,0.375
PC,nonlinnongauss2,0.5,0,0.0,0.25,-0.25
GC1,nonlinnongauss2,0.5,1,0.5,0.0,0.5
GC2,nonlinnongauss2,0.5,1,0.5,0.125,0.375
PC,nonlinnongauss2,0.5,1,0.0,0.25,-0.25
GC1,nonlinnongauss2,0.5,2,0.5,0.0,0.5
GC2,nonlinnongauss2,0.5,2,0.5,0.0,0.5
PC,nonlinnongauss2,0.5,2,0.0,0.25,-0.25
GC1,nonlinnongauss2,0.5,3,0.5,0.125,0.375
GC2,nonlinnongauss2,0.5,3,0.5,0.125,0.375
PC,nonlinnongauss2,0.5,3,0.0,0.25,-0.25
GC1,nonlinnongauss2,0.5,4,0.5,0.0,0.5
GC2,nonlinnongauss2,0.5,4,0.5,0.0,0.5
PC,nonlinnongauss2,0.5,4,0.0,0.25,-0.25
GC1,nonlinnongauss2,0.5,5,1.0,0.0,1.0
GC2,nonlinnongauss2,0.5,5,0.5,0.0,0.5
PC,nonlinnongauss2,0.5,5,0.0,0.25,-0.25
GC1,nonlinnongauss2,0.5,6,0.25,0.25,0.0
GC2,nonlinnongauss2,0.5,6,0.5,0.0,0.5
PC,nonlinnongauss2,0.5,6,0.0,0.25,-0.25
GC1,nonlinnongauss2,0.5,7,0.5,0.0,0.5
GC2,nonlinnongauss2,0.5,7,0.5,0.0,0.5
PC,nonlinnongauss2,0.5,7,0.0,0.25,-0.25
GC1,nonlinnongauss2,0.5,8,0.5,0.125,0.375
GC2,nonlinnongauss2,0.5,8,0.5,0.125,0.375
PC,nonlinnongauss2,0.5,8,0.0,0.25,-0.25
GC1,nonlinnongauss2,0.5,9,0.5,0.0,0.5
GC2,nonlinnongauss2,0.5,9,0.5,0.0,0.5
PC,nonlinnongauss2,0.5,9,0.0,0.25,-0.25
GC1,nonlinnongauss2,0.5,10,1.0,0.25,0.75
GC2,nonlinnongauss2,0.5,10,0.5,0.0,0.5
PC,nonlinnongauss2,0.5,10,0.0,0.25,-0.25
GC1,nonlinnongauss2,0.5,11,0.5,0.0,0.5
GC2,nonlinnongauss2,0.5,11,0.5,0.125,0.375
PC,nonlinnongauss2,0.5,11,0.0,0.25,-0.25
GC1,nonlinnongauss2,0.5,12,0.25,0.25,0.0
GC2,nonlinnongauss2,0.5,12,0.25,0.125,0.125
PC,nonlinnongauss2,0.5,12,0.0,0.5,-0.5
GC1,nonlinnongauss2,0.5,13,0.5,0.0,0.5
GC2,nonlinnongauss2,0.5,13,0.5,0.0,0.5
PC,nonlinnongauss2,0.5,13,0.0,0.25,-0.25
GC1,nonlinnongauss2,0.5,14,0.5,0.0,0.5
GC2,nonlinnongauss2,0.5,14,0.5,0.0,0.5
PC,nonlinnongauss2,0.5,14,0.0,0.25,-0.25
GC1,nonlinnongauss2,0.5,15,0.5,0.0,0.5
GC2,nonlinnongauss2,0.5,15,0.5,0.0,0.5
PC,nonlinnongauss2,0.5,15,0.0,0.25,-0.25
GC1,nonlinnongauss2,0.5,16,0.5,0.0,0.5
GC2,nonlinnongauss2,0.5,16,0.5,0.125,0.375
PC,nonlinnongauss2,0.5,16,0.0,0.25,-0.25
GC1,nonlinnongauss2,0.5,17,0.5,0.125,0.375
GC2,nonlinnongauss2,0.5,17,0.5,0.125,0.375
PC,nonlinnongauss2,0.5,17,0.0,0.25,-0.25
GC1,nonlinnongauss2,0.5,18,0.5,0.125,0.375
GC2,nonlinnongauss2,0.5,18,0.5,0.25,0.25
PC,nonlinnongauss2,0.5,18,0.0,0.25,-0.25
GC1,nonlinnongauss2,0.5,19,0.5,0.0,0.5
GC2,nonlinnongauss2,0.5,19,0.5,0.0,0.5
PC,nonlinnongauss2,0.5,19,0.0,0.25,-0.25
GC1,nonlinnongauss2,0.5,20,0.75,0.125,0.625
GC2,nonlinnongauss2,0.5,20,0.5,0.375,0.125
PC,nonlinnongauss2,0.5,20,0.0,0.25,-0.25
GC1,nonlinnongauss2,0.5,21,0.5,0.125,0.375
GC2,nonlinnongauss2,0.5,21,0.5,0.125,0.375
PC,nonlinnongauss2,0.5,21,0.0,0.25,-0.25
GC1,nonlinnongauss2,0.5,22,0.5,0.125,0.375
GC2,nonlinnongauss2,0.5,22,0.5,0.0,0.5
PC,nonlinnongauss2,0.5,22,0.0,0.25,-0.25
GC1,nonlinnongauss2,0.5,23,0.5,0.0,0.5
GC2,nonlinnongauss2,0.5,23,0.5,0.0,0.5
PC,nonlinnongauss2,0.5,23,0.0,0.25,-0.25
GC1,nonlinnongauss2,0.5,24,0.5,0.125,0.375
GC2,nonlinnongauss2,0.5,24,0.5,0.0,0.5
PC,nonlinnongauss2,0.5,24,0.0,0.5,-0.5
GC1,nonlinnongauss2,0.5,25,0.5,0.375,0.125
GC2,nonlinnongauss2,0.5,25,0.5,0.125,0.375
PC,nonlinnongauss2,0.5,25,0.0,0.25,-0.25
GC1,nonlinnongauss2,0.5,26,0.5,0.0,0.5
GC2,nonlinnongauss2,0.5,26,0.5,0.0,0.5
PC,nonlinnongauss2,0.5,26,0.0,0.25,-0.25
GC1,nonlinnongauss2,0.5,27,0.0,0.25,-0.25
GC2,nonlinnongauss2,0.5,27,0.5,0.0,0.5
PC,nonlinnongauss2,0.5,27,0.0,0.25,-0.25
GC1,nonlinnongauss2,0.5,28,0.5,0.125,0.375
GC2,nonlinnongauss2,0.5,28,0.5,0.125,0.375
PC,nonlinnongauss2,0.5,28,0.0,0.25,-0.25
GC1,nonlinnongauss2,0.5,29,0.5,0.0,0.5
GC2,nonlinnongauss2,0.5,29,0.5,0.125,0.375
PC,nonlinnongauss2,0.5,29,0.0,0.25,-0.25
GC1,nonlinnongauss2,0.5,30,0.5,0.125,0.375
GC2,nonlinnongauss2,0.5,30,0.5,0.125,0.375
PC,nonlinnongauss2,0.5,30,0.0,0.25,-0.25
GC1,nonlinnongauss2,0.5,31,0.5,0.0,0.5
GC2,nonlinnongauss2,0.5,31,0.5,0.125,0.375
PC,nonlinnongauss2,0.5,31,0.0,0.25,-0.25
GC1,nonlinnongauss2,0.5,32,0.5,0.125,0.375
GC2,nonlinnongauss2,0.5,32,0.5,0.125,0.375
PC,nonlinnongauss2,0.5,32,0.0,0.25,-0.25
GC1,nonlinnongauss2,0.5,33,0.5,0.0,0.5
GC2,nonlinnongauss2,0.5,33,0.5,0.0,0.5
PC,nonlinnongauss2,0.5,33,0.0,0.25,-0.25
GC1,nonlinnongauss2,0.5,34,0.75,0.125,0.625
GC2,nonlinnongauss2,0.5,34,0.5,0.25,0.25
PC,nonlinnongauss2,0.5,34,0.0,0.25,-0.25
GC1,nonlinnongauss2,0.5,35,0.5,0.0,0.5
GC2,nonlinnongauss2,0.5,35,0.5,0.0,0.5
PC,nonlinnongauss2,0.5,35,0.0,0.25,-0.25
GC1,nonlinnongauss2,0.5,36,0.5,0.0,0.5
GC2,nonlinnongauss2,0.5,36,0.5,0.0,0.5
PC,nonlinnongauss2,0.5,36,0.0,0.25,-0.25
GC1,nonlinnongauss2,0.5,37,1.0,0.0,1.0
GC2,nonlinnongauss2,0.5,37,0.5,0.0,0.5
PC,nonlinnongauss2,0.5,37,0.0,0.25,-0.25
GC1,nonlinnongauss2,0.5,38,0.5,0.0,0.5
GC2,nonlinnongauss2,0.5,38,0.5,0.0,0.5
PC,nonlinnongauss2,0.5,38,0.0,0.25,-0.25
GC1,nonlinnongauss2,0.5,39,0.5,0.0,0.5
GC2,nonlinnongauss2,0.5,39,0.5,0.0,0.5
PC,nonlinnongauss2,0.5,39,0.0,0.25,-0.25
GC1,nonlinnongauss2,0.5,40,0.5,0.0,0.5
GC2,nonlinnongauss2,0.5,40,0.5,0.0,0.5
PC,nonlinnongauss2,0.5,40,0.0,0.25,-0.25
GC1,nonlinnongauss2,0.5,41,0.5,0.0,0.5
GC2,nonlinnongauss2,0.5,41,0.5,0.125,0.375
PC,nonlinnongauss2,0.5,41,0.0,0.25,-0.25
GC1,nonlinnongauss2,0.5,42,0.5,0.0,0.5
GC2,nonlinnongauss2,0.5,42,0.5,0.0,0.5
PC,nonlinnongauss2,0.5,42,0.0,0.25,-0.25
GC1,nonlinnongauss2,0.5,43,0.5,0.0,0.5
GC2,nonlinnongauss2,0.5,43,0.5,0.0,0.5
PC,nonlinnongauss2,0.5,43,0.0,0.25,-0.25
GC1,nonlinnongauss2,0.5,44,0.0,0.25,-0.25
GC2,nonlinnongauss2,0.5,44,0.5,0.0,0.5
PC,nonlinnongauss2,0.5,44,0.0,0.25,-0.25
GC1,nonlinnongauss2,0.5,45,0.5,0.0,0.5
GC2,nonlinnongauss2,0.5,45,0.5,0.0,0.5
PC,nonlinnongauss2,0.5,45,0.0,0.25,-0.25
GC1,nonlinnongauss2,0.5,46,0.5,0.0,0.5
GC2,nonlinnongauss2,0.5,46,0.5,0.0,0.5
PC,nonlinnongauss2,0.5,46,0.0,0.25,-0.25
GC1,nonlinnongauss2,0.5,47,0.5,0.0,0.5
GC2,nonlinnongauss2,0.5,47,0.5,0.25,0.25
PC,nonlinnongauss2,0.5,47,0.0,0.25,-0.25
GC1,nonlinnongauss2,0.5,48,0.5,0.0,0.5
GC2,nonlinnongauss2,0.5,48,0.5,0.0,0.5
PC,nonlinnongauss2,0.5,48,0.0,0.25,-0.25
GC1,nonlinnongauss2,0.5,49,0.5,0.0,0.5
GC2,nonlinnongauss2,0.5,49,0.5,0.0,0.5
PC,nonlinnongauss2,0.5,49,0.0,0.25,-0.25
GC1,nonlinnongauss2,1.0,0,0.5,0.125,0.375
GC2,nonlinnongauss2,1.0,0,0.5,0.125,0.375
PC,nonlinnongauss2,1.0,0,0.0,0.25,-0.25
GC1,nonlinnongauss2,1.0,1,0.5,0.125,0.375
GC2,nonlinnongauss2,1.0,1,0.5,0.25,0.25
PC,nonlinnongauss2,1.0,1,0.0,0.25,-0.25
GC1,nonlinnongauss2,1.0,2,0.5,0.0,0.5
GC2,nonlinnongauss2,1.0,2,0.5,0.0,0.5
PC,nonlinnongauss2,1.0,2,0.0,0.25,-0.25
GC1,nonlinnongauss2,1.0,3,0.5,0.125,0.375
GC2,nonlinnongauss2,1.0,3,0.5,0.125,0.375
PC,nonlinnongauss2,1.0,3,0.0,0.25,-0.25
GC1,nonlinnongauss2,1.0,4,0.5,0.125,0.375
GC2,nonlinnongauss2,1.0,4,0.5,0.0,0.5
PC,nonlinnongauss2,1.0,4,0.0,0.25,-0.25
GC1,nonlinnongauss2,1.0,5,0.75,0.125,0.625
GC2,nonlinnongauss2,1.0,5,0.5,0.0,0.5
PC,nonlinnongauss2,1.0,5,0.0,0.25,-0.25
GC1,nonlinnongauss2,1.0,6,0.25,0.25,0.0
GC2,nonlinnongauss2,1.0,6,0.5,0.0,0.5
PC,nonlinnongauss2,1.0,6,0.0,0.25,-0.25
GC1,nonlinnongauss2,1.0,7,0.5,0.125,0.375
GC2,nonlinnongauss2,1.0,7,0.5,0.0,0.5
PC,nonlinnongauss2,1.0,7,0.0,0.25,-0.25
GC1,nonlinnongauss2,1.0,8,0.5,0.125,0.375
GC2,nonlinnongauss2,1.0,8,0.5,0.125,0.375
PC,nonlinnongauss2,1.0,8,0.0,0.25,-0.25
GC1,nonlinnongauss2,1.0,9,0.5,0.0,0.5
GC2,nonlinnongauss2,1.0,9,0.5,0.0,0.5
PC,nonlinnongauss2,1.0,9,0.0,0.25,-0.25
GC1,nonlinnongauss2,1.0,10,1.0,0.125,0.875
GC2,nonlinnongauss2,1.0,10,0.5,0.0,0.5
PC,nonlinnongauss2,1.0,10,0.0,0.25,-0.25
GC1,nonlinnongauss2,1.0,11,0.5,0.0,0.5
GC2,nonlinnongauss2,1.0,11,0.5,0.125,0.375
PC,nonlinnongauss2,1.0,11,0.0,0.25,-0.25
GC1,nonlinnongauss2,1.0,12,0.25,0.25,0.0
GC2,nonlinnongauss2,1.0,12,0.25,0.125,0.125
PC,nonlinnongauss2,1.0,12,0.0,0.5,-0.5
GC1,nonlinnongauss2,1.0,13,0.5,0.0,0.5
GC2,nonlinnongauss2,1.0,13,0.5,0.0,0.5
PC,nonlinnongauss2,1.0,13,0.0,0.25,-0.25
GC1,nonlinnongauss2,1.0,14,0.5,0.125,0.375
GC2,nonlinnongauss2,1.0,14,0.5,0.0,0.5
PC,nonlinnongauss2,1.0,14,0.0,0.25,-0.25
GC1,nonlinnongauss2,1.0,15,0.5,0.0,0.5
GC2,nonlinnongauss2,1.0,15,0.5,0.125,0.375
PC,nonlinnongauss2,1.0,15,0.0,0.25,-0.25
GC1,nonlinnongauss2,1.0,16,0.5,0.0,0.5
GC2,nonlinnongauss2,1.0,16,0.25,0.125,0.125
PC,nonlinnongauss2,1.0,16,0.0,0.25,-0.25
GC1,nonlinnongauss2,1.0,17,0.5,0.125,0.375
GC2,nonlinnongauss2,1.0,17,0.5,0.125,0.375
PC,nonlinnongauss2,1.0,17,0.0,0.25,-0.25
GC1,nonlinnongauss2,1.0,18,0.5,0.125,0.375
GC2,nonlinnongauss2,1.0,18,0.5,0.125,0.375
PC,nonlinnongauss2,1.0,18,0.0,0.25,-0.25
GC1,nonlinnongauss2,1.0,19,0.5,0.0,0.5
GC2,nonlinnongauss2,1.0,19,0.5,0.0,0.5
PC,nonlinnongauss2,1.0,19,0.0,0.25,-0.25
GC1,nonlinnongauss2,1.0,20,0.75,0.125,0.625
GC2,nonlinnongauss2,1.0,20,0.75,0.125,0.625
PC,nonlinnongauss2,1.0,20,0.0,0.25,-0.25
GC1,nonlinnongauss2,1.0,21,0.5,0.125,0.375
GC2,nonlinnongauss2,1.0,21,0.5,0.125,0.375
PC,nonlinnongauss2,1.0,21,0.0,0.25,-0.25
GC1,nonlinnongauss2,1.0,22,0.5,0.0,0.5
GC2,nonlinnongauss2,1.0,22,0.5,0.125,0.375
PC,nonlinnongauss2,1.0,22,0.0,0.25,-0.25
GC1,nonlinnongauss2,1.0,23,0.5,0.0,0.5
GC2,nonlinnongauss2,1.0,23,0.5,0.0,0.5
PC,nonlinnongauss2,1.0,23,0.0,0.25,-0.25
GC1,nonlinnongauss2,1.0,24,0.5,0.125,0.375
GC2,nonlinnongauss2,1.0,24,0.5,0.0,0.5
PC,nonlinnongauss2,1.0,24,0.0,0.5,-0.5
GC1,nonlinnongauss2,1.0,25,0.5,0.25,0.25
GC2,nonlinnongauss2,1.0,25,0.5,0.125,0.375
PC,nonlinnongauss2,1.0,25,0.0,0.375,-0.375
GC1,nonlinnongauss2,1.0,26,0.5,0.0,0.5
GC2,nonlinnongauss2,1.0,26,0.5,0.0,0.5
PC,nonlinnongauss2,1.0,26,0.0,0.25,-0.25
GC1,nonlinnongauss2,1.0,27,0.25,0.25,0.0
GC2,nonlinnongauss2,1.0,27,0.25,0.125,0.125
PC,nonlinnongauss2,1.0,27,0.25,0.125,0.125
GC1,nonlinnongauss2,1.0,28,0.5,0.0,0.5
GC2,nonlinnongauss2,1.0,28,0.5,0.0,0.5
PC,nonlinnongauss2,1.0,28,0.0,0.25,-0.25
GC1,nonlinnongauss2,1.0,29,0.5,0.0,0.5
GC2,nonlinnongauss2,1.0,29,0.5,0.0,0.5
PC,nonlinnongauss2,1.0,29,0.0,0.25,-0.25
GC1,nonlinnongauss2,1.0,30,0.5,0.125,0.375
GC2,nonlinnongauss2,1.0,30,0.5,0.125,0.375
PC,nonlinnongauss2,1.0,30,0.0,0.25,-0.25
GC1,nonlinnongauss2,1.0,31,0.5,0.0,0.5
GC2,nonlinnongauss2,1.0,31,0.5,0.0,0.5
PC,nonlinnongauss2,1.0,31,0.0,0.25,-0.25
GC1,nonlinnongauss2,1.0,32,0.5,0.0,0.5
GC2,nonlinnongauss2,1.0,32,0.5,0.0,0.5
PC,nonlinnongauss2,1.0,32,0.0,0.25,-0.25
GC1,nonlinnongauss2,1.0,33,0.5,0.0,0.5
GC2,nonlinnongauss2,1.0,33,0.5,0.0,0.5
PC,nonlinnongauss2,1.0,33,0.0,0.25,-0.25
GC1,nonlinnongauss2,1.0,34,0.75,0.125,0.625
GC2,nonlinnongauss2,1.0,34,0.5,0.0,0.5
PC,nonlinnongauss2,1.0,34,0.0,0.25,-0.25
GC1,nonlinnongauss2,1.0,35,0.5,0.0,0.5
GC2,nonlinnongauss2,1.0,35,0.5,0.0,0.5
PC,nonlinnongauss2,1.0,35,0.0,0.25,-0.25
GC1,nonlinnongauss2,1.0,36,0.5,0.0,0.5
GC2,nonlinnongauss2,1.0,36,0.5,0.0,0.5
PC,nonlinnongauss2,1.0,36,0.0,0.25,-0.25
GC1,nonlinnongauss2,1.0,37,0.5,0.0,0.5
GC2,nonlinnongauss2,1.0,37,0.5,0.0,0.5
PC,nonlinnongauss2,1.0,37,0.0,0.25,-0.25
GC1,nonlinnongauss2,1.0,38,0.5,0.25,0.25
GC2,nonlinnongauss2,1.0,38,0.5,0.0,0.5
PC,nonlinnongauss2,1.0,38,0.0,0.5,-0.5
GC1,nonlinnongauss2,1.0,39,0.5,0.0,0.5
GC2,nonlinnongauss2,1.0,39,0.5,0.0,0.5
PC,nonlinnongauss2,1.0,39,0.0,0.25,-0.25
GC1,nonlinnongauss2,1.0,40,0.5,0.125,0.375
GC2,nonlinnongauss2,1.0,40,0.5,0.0,0.5
PC,nonlinnongauss2,1.0,40,0.0,0.25,-0.25
GC1,nonlinnongauss2,1.0,41,0.5,0.0,0.5
GC2,nonlinnongauss2,1.0,41,0.5,0.0,0.5
PC,nonlinnongauss2,1.0,41,0.0,0.25,-0.25
GC1,nonlinnongauss2,1.0,42,0.5,0.0,0.5
GC2,nonlinnongauss2,1.0,42,0.5,0.0,0.5
PC,nonlinnongauss2,1.0,42,0.0,0.25,-0.25
GC1,nonlinnongauss2,1.0,43,0.5,0.0,0.5
GC2,nonlinnongauss2,1.0,43,0.5,0.0,0.5
PC,nonlinnongauss2,1.0,43,0.0,0.25,-0.25
GC1,nonlinnongauss2,1.0,44,0.0,0.375,-0.375
GC2,nonlinnongauss2,1.0,44,0.5,0.0,0.5
PC,nonlinnongauss2,1.0,44,0.0,0.25,-0.25
GC1,nonlinnongauss2,1.0,45,0.5,0.0,0.5
GC2,nonlinnongauss2,1.0,45,0.5,0.0,0.5
PC,nonlinnongauss2,1.0,45,0.0,0.25,-0.25
GC1,nonlinnongauss2,1.0,46,0.5,0.0,0.5
GC2,nonlinnongauss2,1.0,46,0.5,0.0,0.5
PC,nonlinnongauss2,1.0,46,0.0,0.25,-0.25
GC1,nonlinnongauss2,1.0,47,0.5,0.0,0.5
GC2,nonlinnongauss2,1.0,47,0.5,0.125,0.375
PC,nonlinnongauss2,1.0,47,0.0,0.25,-0.25
GC1,nonlinnongauss2,1.0,48,0.5,0.0,0.5
GC2,nonlinnongauss2,1.0,48,0.5,0.0,0.5
PC,nonlinnongauss2,1.0,48,0.0,0.25,-0.25
GC1,nonlinnongauss2,1.0,49,0.5,0.0,0.5
GC2,nonlinnongauss2,1.0,49,0.5,0.0,0.5
PC,nonlinnongauss2,1.0,49,0.0,0.25,-0.25
GC1,nonlinnongauss2,1.5,0,0.5,0.0,0.5
GC2,nonlinnongauss2,1.5,0,0.5,0.0,0.5
PC,nonlinnongauss2,1.5,0,0.0,0.25,-0.25
GC1,nonlinnongauss2,1.5,1,0.5,0.125,0.375
GC2,nonlinnongauss2,1.5,1,0.5,0.125,0.375
PC,nonlinnongauss2,1.5,1,0.0,0.25,-0.25
GC1,nonlinnongauss2,1.5,2,0.5,0.0,0.5
GC2,nonlinnongauss2,1.5,2,0.5,0.0,0.5
PC,nonlinnongauss2,1.5,2,0.0,0.25,-0.25
GC1,nonlinnongauss2,1.5,3,0.5,0.0,0.5
GC2,nonlinnongauss2,1.5,3,0.5,0.0,0.5
PC,nonlinnongauss2,1.5,3,0.0,0.25,-0.25
GC1,nonlinnongauss2,1.5,4,0.5,0.125,0.375
GC2,nonlinnongauss2,1.5,4,0.5,0.125,0.375
PC,nonlinnongauss2,1.5,4,0.0,0.25,-0.25
GC1,nonlinnongauss2,1.5,5,0.5,0.125,0.375
GC2,nonlinnongauss2,1.5,5,0.5,0.125,0.375
PC,nonlinnongauss2,1.5,5,0.0,0.25,-0.25
GC1,nonlinnongauss2,1.5,6,0.25,0.25,0.0
GC2,nonlinnongauss2,1.5,6,0.5,0.125,0.375
PC,nonlinnongauss2,1.5,6,0.0,0.25,-0.25
GC1,nonlinnongauss2,1.5,7,0.5,0.0,0.5
GC2,nonlinnongauss2,1.5,7,0.5,0.0,0.5
PC,nonlinnongauss2,1.5,7,0.0,0.25,-0.25
GC1,nonlinnongauss2,1.5,8,0.5,0.125,0.375
GC2,nonlinnongauss2,1.5,8,0.5,0.125,0.375
PC,nonlinnongauss2,1.5,8,0.0,0.25,-0.25
GC1,nonlinnongauss2,1.5,9,0.5,0.0,0.5
GC2,nonlinnongauss2,1.5,9,0.25,0.125,0.125
PC,nonlinnongauss2,1.5,9,0.0,0.25,-0.25
GC1,nonlinnongauss2,1.5,10,1.0,0.0,1.0
GC2,nonlinnongauss2,1.5,10,0.5,0.0,0.5
PC,nonlinnongauss2,1.5,10,0.0,0.25,-0.25
GC1,nonlinnongauss2,1.5,11,0.5,0.0,0.5
GC2,nonlinnongauss2,1.5,11,0.5,0.0,0.5
PC,nonlinnongauss2,1.5,11,0.0,0.25,-0.25
GC1,nonlinnongauss2,1.5,12,0.25,0.25,0.0
GC2,nonlinnongauss2,1.5,12,0.25,0.125,0.125
PC,nonlinnongauss2,1.5,12,0.0,0.25,-0.25
GC1,nonlinnongauss2,1.5,13,0.5,0.0,0.5
GC2,nonlinnongauss2,1.5,13,0.5,0.0,0.5
PC,nonlinnongauss2,1.5,13,0.0,0.25,-0.25
GC1,nonlinnongauss2,1.5,14,0.5,0.0,0.5
GC2,nonlinnongauss2,1.5,14,0.5,0.125,0.375
PC,nonlinnongauss2,1.5,14,0.0,0.25,-0.25
GC1,nonlinnongauss2,1.5,15,0.5,0.0,0.5
GC2,nonlinnongauss2,1.5,15,0.5,0.0,0.5
PC,nonlinnongauss2,1.5,15,0.0,0.25,-0.25
GC1,nonlinnongauss2,1.5,16,0.5,0.0,0.5
GC2,nonlinnongauss2,1.5,16,0.25,0.125,0.125
PC,nonlinnongauss2,1.5,16,0.0,0.25,-0.25
GC1,nonlinnongauss2,1.5,17,0.5,0.125,0.375
GC2,nonlinnongauss2,1.5,17,0.5,0.125,0.375
PC,nonlinnongauss2,1.5,17,0.0,0.25,-0.25
GC1,nonlinnongauss2,1.5,18,0.5,0.0,0.5
GC2,nonlinnongauss2,1.5,18,0.5,0.0,0.5
PC,nonlinnongauss2,1.5,18,0.0,0.25,-0.25
GC1,nonlinnongauss2,1.5,19,0.5,0.0,0.5
GC2,nonlinnongauss2,1.5,19,0.5,0.0,0.5
PC,nonlinnongauss2,1.5,19,0.0,0.25,-0.25
GC1,nonlinnongauss2,1.5,20,0.5,0.125,0.375
GC2,nonlinnongauss2,1.5,20,0.5,0.125,0.375
PC,nonlinnongauss2,1.5,20,0.0,0.25,-0.25
GC1,nonlinnongauss2,1.5,21,0.5,0.0,0.5
GC2,nonlinnongauss2,1.5,21,0.25,0.125,0.125
PC,nonlinnongauss2,1.5,21,0.0,0.25,-0.25
GC1,nonlinnongauss2,1.5,22,0.5,0.0,0.5
GC2,nonlinnongauss2,1.5,22,0.5,0.125,0.375
PC,nonlinnongauss2,1.5,22,0.0,0.25,-0.25
GC1,nonlinnongauss2,1.5,23,0.5,0.0,0.5
GC2,nonlinnongauss2,1.5,23,0.5,0.0,0.5
PC,nonlinnongauss2,1.5,23,0.0,0.25,-0.25
GC1,nonlinnongauss2,1.5,24,0.5,0.125,0.375
GC2,nonlinnongauss2,1.5,24,0.5,0.125,0.375
PC,nonlinnongauss2,1.5,24,0.0,0.25,-0.25
GC1,nonlinnongauss2,1.5,25,0.5,0.125,0.375
GC2,nonlinnongauss2,1.5,25,0.5,0.125,0.375
PC,nonlinnongauss2,1.5,25,0.0,0.25,-0.25
GC1,nonlinnongauss2,1.5,26,0.5,0.0,0.5
GC2,nonlinnongauss2,1.5,26,0.5,0.0,0.5
PC,nonlinnongauss2,1.5,26,0.0,0.25,-0.25
GC1,nonlinnongauss2,1.5,27,0.25,0.125,0.125
GC2,nonlinnongauss2,1.5,27,0.25,0.125,0.125
PC,nonlinnongauss2,1.5,27,0.25,0.125,0.125
GC1,nonlinnongauss2,1.5,28,0.5,0.125,0.375
GC2,nonlinnongauss2,1.5,28,0.5,0.125,0.375
PC,nonlinnongauss2,1.5,28,0.0,0.25,-0.25
GC1,nonlinnongauss2,1.5,29,0.5,0.0,0.5
GC2,nonlinnongauss2,1.5,29,0.75,0.0,0.75
PC,nonlinnongauss2,1.5,29,0.0,0.25,-0.25
GC1,nonlinnongauss2,1.5,30,0.5,0.0,0.5
GC2,nonlinnongauss2,1.5,30,0.5,0.0,0.5
PC,nonlinnongauss2,1.5,30,0.0,0.25,-0.25
GC1,nonlinnongauss2,1.5,31,0.5,0.0,0.5
GC2,nonlinnongauss2,1.5,31,0.5,0.0,0.5
PC,nonlinnongauss2,1.5,31,0.0,0.25,-0.25
GC1,nonlinnongauss2,1.5,32,0.5,0.125,0.375
GC2,nonlinnongauss2,1.5,32,0.5,0.125,0.375
PC,nonlinnongauss2,1.5,32,0.0,0.25,-0.25
GC1,nonlinnongauss2,1.5,33,0.5,0.0,0.5
GC2,nonlinnongauss2,1.5,33,0.5,0.0,0.5
PC,nonlinnongauss2,1.5,33,0.0,0.25,-0.25
GC1,nonlinnongauss2,1.5,34,0.5,0.0,0.5
GC2,nonlinnongauss2,1.5,34,0.5,0.0,0.5
PC,nonlinnongauss2,1.5,34,0.0,0.25,-0.25
GC1,nonlinnongauss2,1.5,35,0.5,0.0,0.5
GC2,nonlinnongauss2,1.5,35,0.5,0.0,0.5
PC,nonlinnongauss2,1.5,35,0.0,0.25,-0.25
GC1,nonlinnongauss2,1.5,36,0.5,0.0,0.5
GC2,nonlinnongauss2,1.5,36,0.5,0.0,0.5
PC,nonlinnongauss2,1.5,36,0.0,0.25,-0.25
GC1,nonlinnongauss2,1.5,37,0.5,0.0,0.5
GC2,nonlinnongauss2,1.5,37,0.5,0.0,0.5
PC,nonlinnongauss2,1.5,37,0.0,0.25,-0.25
GC1,nonlinnongauss2,1.5,38,0.5,0.125,0.375
GC2,nonlinnongauss2,1.5,38,0.5,0.0,0.5
PC,nonlinnongauss2,1.5,38,0.0,0.25,-0.25
GC1,nonlinnongauss2,1.5,39,0.5,0.125,0.375
GC2,nonlinnongauss2,1.5,39,0.5,0.25,0.25
PC,nonlinnongauss2,1.5,39,0.0,0.25,-0.25
GC1,nonlinnongauss2,1.5,40,0.5,0.0,0.5
GC2,nonlinnongauss2,1.5,40,0.5,0.0,0.5
PC,nonlinnongauss2,1.5,40,0.0,0.25,-0.25
GC1,nonlinnongauss2,1.5,41,0.5,0.0,0.5
GC2,nonlinnongauss2,1.5,41,0.5,0.0,0.5
PC,nonlinnongauss2,1.5,41,0.0,0.25,-0.25
GC1,nonlinnongauss2,1.5,42,0.75,0.0,0.75
GC2,nonlinnongauss2,1.5,42,0.75,0.0,0.75
PC,nonlinnongauss2,1.5,42,0.0,0.25,-0.25
GC1,nonlinnongauss2,1.5,43,0.5,0.0,0.5
GC2,nonlinnongauss2,1.5,43,0.5,0.0,0.5
PC,nonlinnongauss2,1.5,43,0.0,0.25,-0.25
GC1,nonlinnongauss2,1.5,44,0.0,0.25,-0.25
GC2,nonlinnongauss2,1.5,44,0.5,0.0,0.5
PC,nonlinnongauss2,1.5,44,0.0,0.25,-0.25
GC1,nonlinnongauss2,1.5,45,0.5,0.0,0.5
GC2,nonlinnongauss2,1.5,45,0.5,0.0,0.5
PC,nonlinnongauss2,1.5,45,0.0,0.25,-0.25
GC1,nonlinnongauss2,1.5,46,0.5,0.0,0.5
GC2,nonlinnongauss2,1.5,46,0.5,0.125,0.375
PC,nonlinnongauss2,1.5,46,0.0,0.25,-0.25
GC1,nonlinnongauss2,1.5,47,0.5,0.0,0.5
GC2,nonlinnongauss2,1.5,47,0.5,0.125,0.375
PC,nonlinnongauss2,1.5,47,0.0,0.25,-0.25
GC1,nonlinnongauss2,1.5,48,0.5,0.125,0.375
GC2,nonlinnongauss2,1.5,48,0.5,0.125,0.375
PC,nonlinnongauss2,1.5,48,0.0,0.25,-0.25
GC1,nonlinnongauss2,1.5,49,0.5,0.0,0.5
GC2,nonlinnongauss2,1.5,49,0.75,0.0,0.75
PC,nonlinnongauss2,1.5,49,0.0,0.25,-0.25
GC1,nonlinnongauss2,2.0,0,0.5,0.0,0.5
GC2,nonlinnongauss2,2.0,0,0.5,0.0,0.5
PC,nonlinnongauss2,2.0,0,0.0,0.25,-0.25
GC1,nonlinnongauss2,2.0,1,0.5,0.0,0.5
GC2,nonlinnongauss2,2.0,1,0.5,0.0,0.5
PC,nonlinnongauss2,2.0,1,0.0,0.25,-0.25
GC1,nonlinnongauss2,2.0,2,0.5,0.0,0.5
GC2,nonlinnongauss2,2.0,2,0.5,0.0,0.5
PC,nonlinnongauss2,2.0,2,0.0,0.25,-0.25
GC1,nonlinnongauss2,2.0,3,0.5,0.125,0.375
GC2,nonlinnongauss2,2.0,3,0.5,0.125,0.375
PC,nonlinnongauss2,2.0,3,0.0,0.25,-0.25
GC1,nonlinnongauss2,2.0,4,0.5,0.125,0.375
GC2,nonlinnongauss2,2.0,4,0.5,0.125,0.375
PC,nonlinnongauss2,2.0,4,0.0,0.25,-0.25
GC1,nonlinnongauss2,2.0,5,0.75,0.125,0.625
GC2,nonlinnongauss2,2.0,5,0.75,0.125,0.625
PC,nonlinnongauss2,2.0,5,0.0,0.25,-0.25
GC1,nonlinnongauss2,2.0,6,0.25,0.25,0.0
GC2,nonlinnongauss2,2.0,6,0.25,0.25,0.0
PC,nonlinnongauss2,2.0,6,0.0,0.25,-0.25
GC1,nonlinnongauss2,2.0,7,0.5,0.125,0.375
GC2,nonlinnongauss2,2.0,7,0.5,0.125,0.375
PC,nonlinnongauss2,2.0,7,0.0,0.25,-0.25
GC1,nonlinnongauss2,2.0,8,0.5,0.0,0.5
GC2,nonlinnongauss2,2.0,8,0.5,0.0,0.5
PC,nonlinnongauss2,2.0,8,0.0,0.25,-0.25
GC1,nonlinnongauss2,2.0,9,0.5,0.0,0.5
GC2,nonlinnongauss2,2.0,9,0.5,0.0,0.5
PC,nonlinnongauss2,2.0,9,0.0,0.25,-0.25
GC1,nonlinnongauss2,2.0,10,0.5,0.125,0.375
GC2,nonlinnongauss2,2.0,10,0.5,0.0,0.5
PC,nonlinnongauss2,2.0,10,0.0,0.25,-0.25
GC1,nonlinnongauss2,2.0,11,0.5,0.0,0.5
GC2,nonlinnongauss2,2.0,11,0.5,0.0,0.5
PC,nonlinnongauss2,2.0,11,0.0,0.25,-0.25
GC1,nonlinnongauss2,2.0,12,0.25,0.125,0.125
GC2,nonlinnongauss2,2.0,12,0.25,0.125,0.125
PC,nonlinnongauss2,2.0,12,0.0,0.25,-0.25
GC1,nonlinnongauss2,2.0,13,0.5,0.0,0.5
GC2,nonlinnongauss2,2.0,13,0.5,0.0,0.5
PC,nonlinnongauss2,2.0,13,0.0,0.25,-0.25
GC1,nonlinnongauss2,2.0,14,0.5,0.125,0.375
GC2,nonlinnongauss2,2.0,14,0.5,0.125,0.375
PC,nonlinnongauss2,2.0,14,0.0,0.25,-0.25
GC1,nonlinnongauss2,2.0,15,0.5,0.0,0.5
GC2,nonlinnongauss2,2.0,15,0.5,0.0,0.5
PC,nonlinnongauss2,2.0,15,0.0,0.25,-0.25
GC1,nonlinnongauss2,2.0,16,0.5,0.0,0.5
GC2,nonlinnongauss2,2.0,16,0.5,0.0,0.5
PC,nonlinnongauss2,2.0,16,0.0,0.25,-0.25
GC1,nonlinnongauss2,2.0,17,0.5,0.125,0.375
GC2,nonlinnongauss2,2.0,17,0.5,0.125,0.375
PC,nonlinnongauss2,2.0,17,0.0,0.25,-0.25
GC1,nonlinnongauss2,2.0,18,0.75,0.125,0.625
GC2,nonlinnongauss2,2.0,18,0.75,0.125,0.625
PC,nonlinnongauss2,2.0,18,0.0,0.25,-0.25
GC1,nonlinnongauss2,2.0,19,0.5,0.0,0.5
GC2,nonlinnongauss2,2.0,19,0.5,0.0,0.5
PC,nonlinnongauss2,2.0,19,0.0,0.25,-0.25
GC1,nonlinnongauss2,2.0,20,0.5,0.125,0.375
GC2,nonlinnongauss2,2.0,20,0.5,0.125,0.375
PC,nonlinnongauss2,2.0,20,0.0,0.25,-0.25
GC1,nonlinnongauss2,2.0,21,0.5,0.125,0.375
GC2,nonlinnongauss2,2.0,21,0.5,0.125,0.375
PC,nonlinnongauss2,2.0,21,0.0,0.25,-0.25
GC1,nonlinnongauss2,2.0,22,0.75,0.125,0.625
GC2,nonlinnongauss2,2.0,22,0.75,0.125,0.625
PC,nonlinnongauss2,2.0,22,0.0,0.25,-0.25
GC1,nonlinnongauss2,2.0,23,0.5,0.0,0.5
GC2,nonlinnongauss2,2.0,23,0.5,0.125,0.375
PC,nonlinnongauss2,2.0,23,0.0,0.25,-0.25
GC1,nonlinnongauss2,2.0,24,0.5,0.125,0.375
GC2,nonlinnongauss2,2.0,24,0.5,0.0,0.5
PC,nonlinnongauss2,2.0,24,0.0,0.25,-0.25
GC1,nonlinnongauss2,2.0,25,0.5,0.125,0.375
GC2,nonlinnongauss2,2.0,25,0.5,0.125,0.375
PC,nonlinnongauss2,2.0,25,0.25,0.375,-0.125
GC1,nonlinnongauss2,2.0,26,0.5,0.125,0.375
GC2,nonlinnongauss2,2.0,26,0.5,0.125,0.375
PC,nonlinnongauss2,2.0,26,0.0,0.25,-0.25
GC1,nonlinnongauss2,2.0,27,0.25,0.125,0.125
GC2,nonlinnongauss2,2.0,27,0.25,0.125,0.125
PC,nonlinnongauss2,2.0,27,0.25,0.125,0.125
GC1,nonlinnongauss2,2.0,28,0.5,0.25,0.25
GC2,nonlinnongauss2,2.0,28,0.5,0.125,0.375
PC,nonlinnongauss2,2.0,28,0.0,0.25,-0.25
GC1,nonlinnongauss2,2.0,29,0.5,0.0,0.5
GC2,nonlinnongauss2,2.0,29,0.5,0.0,0.5
PC,nonlinnongauss2,2.0,29,0.0,0.25,-0.25
GC1,nonlinnongauss2,2.0,30,0.5,0.125,0.375
GC2,nonlinnongauss2,2.0,30,0.5,0.125,0.375
PC,nonlinnongauss2,2.0,30,0.0,0.25,-0.25
GC1,nonlinnongauss2,2.0,31,0.75,0.0,0.75
GC2,nonlinnongauss2,2.0,31,0.5,0.0,0.5
PC,nonlinnongauss2,2.0,31,0.0,0.25,-0.25
GC1,nonlinnongauss2,2.0,32,0.5,0.0,0.5
GC2,nonlinnongauss2,2.0,32,0.5,0.0,0.5
PC,nonlinnongauss2,2.0,32,0.0,0.25,-0.25
GC1,nonlinnongauss2,2.0,33,0.5,0.0,0.5
GC2,nonlinnongauss2,2.0,33,0.5,0.0,0.5
PC,nonlinnongauss2,2.0,33,0.0,0.25,-0.25
GC1,nonlinnongauss2,2.0,34,0.5,0.0,0.5
GC2,nonlinnongauss2,2.0,34,0.5,0.0,0.5
PC,nonlinnongauss2,2.0,34,0.0,0.25,-0.25
GC1,nonlinnongauss2,2.0,35,0.5,0.0,0.5
GC2,nonlinnongauss2,2.0,35,0.5,0.0,0.5
PC,nonlinnongauss2,2.0,35,0.0,0.25,-0.25
GC1,nonlinnongauss2,2.0,36,0.5,0.0,0.5
GC2,nonlinnongauss2,2.0,36,0.5,0.0,0.5
PC,nonlinnongauss2,2.0,36,0.0,0.25,-0.25
GC1,nonlinnongauss2,2.0,37,0.5,0.0,0.5
GC2,nonlinnongauss2,2.0,37,0.5,0.0,0.5
PC,nonlinnongauss2,2.0,37,0.0,0.25,-0.25
GC1,nonlinnongauss2,2.0,38,0.5,0.125,0.375
GC2,nonlinnongauss2,2.0,38,0.5,0.0,0.5
PC,nonlinnongauss2,2.0,38,0.0,0.5,-0.5
GC1,nonlinnongauss2,2.0,39,0.5,0.0,0.5
GC2,nonlinnongauss2,2.0,39,0.5,0.125,0.375
PC,nonlinnongauss2,2.0,39,0.0,0.25,-0.25
GC1,nonlinnongauss2,2.0,40,0.5,0.0,0.5
GC2,nonlinnongauss2,2.0,40,0.5,0.0,0.5
PC,nonlinnongauss2,2.0,40,0.0,0.25,-0.25
GC1,nonlinnongauss2,2.0,41,0.5,0.125,0.375
GC2,nonlinnongauss2,2.0,41,0.5,0.125,0.375
PC,nonlinnongauss2,2.0,41,0.0,0.25,-0.25
GC1,nonlinnongauss2,2.0,42,0.5,0.0,0.5
GC2,nonlinnongauss2,2.0,42,0.5,0.0,0.5
PC,nonlinnongauss2,2.0,42,0.0,0.25,-0.25
GC1,nonlinnongauss2,2.0,43,0.5,0.0,0.5
GC2,nonlinnongauss2,2.0,43,0.5,0.0,0.5
PC,nonlinnongauss2,2.0,43,0.0,0.25,-0.25
GC1,nonlinnongauss2,2.0,44,0.0,0.375,-0.375
GC2,nonlinnongauss2,2.0,44,0.5,0.0,0.5
PC,nonlinnongauss2,2.0,44,0.0,0.5,-0.5
GC1,nonlinnongauss2,2.0,45,0.5,0.125,0.375
GC2,nonlinnongauss2,2.0,45,0.5,0.125,0.375
PC,nonlinnongauss2,2.0,45,0.0,0.25,-0.25
GC1,nonlinnongauss2,2.0,46,0.5,0.0,0.5
GC2,nonlinnongauss2,2.0,46,0.5,0.125,0.375
PC,nonlinnongauss2,2.0,46,0.0,0.25,-0.25
GC1,nonlinnongauss2,2.0,47,0.5,0.0,0.5
GC2,nonlinnongauss2,2.0,47,0.5,0.0,0.5
PC,nonlinnongauss2,2.0,47,0.0,0.25,-0.25
GC1,nonlinnongauss2,2.0,48,0.5,0.0,0.5
GC2,nonlinnongauss2,2.0,48,0.5,0.0,0.5
PC,nonlinnongauss2,2.0,48,0.0,0.25,-0.25
GC1,nonlinnongauss2,2.0,49,0.5,0.0,0.5
GC2,nonlinnongauss2,2.0,49,0.5,0.125,0.375
PC,nonlinnongauss2,2.0,49,0.0,0.25,-0.25
GC1,nonlinnongauss2,2.5,0,0.5,0.0,0.5
GC2,nonlinnongauss2,2.5,0,0.5,0.0,0.5
PC,nonlinnongauss2,2.5,0,0.0,0.25,-0.25
GC1,nonlinnongauss2,2.5,1,0.5,0.125,0.375
GC2,nonlinnongauss2,2.5,1,0.5,0.25,0.25
PC,nonlinnongauss2,2.5,1,0.0,0.25,-0.25
GC1,nonlinnongauss2,2.5,2,0.5,0.0,0.5
GC2,nonlinnongauss2,2.5,2,0.5,0.0,0.5
PC,nonlinnongauss2,2.5,2,0.0,0.25,-0.25
GC1,nonlinnongauss2,2.5,3,0.25,0.125,0.125
GC2,nonlinnongauss2,2.5,3,0.25,0.125,0.125
PC,nonlinnongauss2,2.5,3,0.0,0.0,0.0
GC1,nonlinnongauss2,2.5,4,0.25,0.25,0.0
GC2,nonlinnongauss2,2.5,4,0.25,0.125,0.125
PC,nonlinnongauss2,2.5,4,0.0,0.25,-0.25
GC1,nonlinnongauss2,2.5,5,0.75,0.0,0.75
GC2,nonlinnongauss2,2.5,5,0.75,0.0,0.75
PC,nonlinnongauss2,2.5,5,0.0,0.25,-0.25
GC1,nonlinnongauss2,2.5,6,0.25,0.125,0.125
GC2,nonlinnongauss2,2.5,6,0.25,0.125,0.125
PC,nonlinnongauss2,2.5,6,0.0,0.25,-0.25
GC1,nonlinnongauss2,2.5,7,0.5,0.125,0.375
GC2,nonlinnongauss2,2.5,7,0.5,0.125,0.375
PC,nonlinnongauss2,2.5,7,0.0,0.25,-0.25
GC1,nonlinnongauss2,2.5,8,0.5,0.125,0.375
GC2,nonlinnongauss2,2.5,8,0.5,0.125,0.375
PC,nonlinnongauss2,2.5,8,0.0,0.25,-0.25
GC1,nonlinnongauss2,2.5,9,0.5,0.125,0.375
GC2,nonlinnongauss2,2.5,9,0.5,0.125,0.375
PC,nonlinnongauss2,2.5,9,0.0,0.25,-0.25
GC1,nonlinnongauss2,2.5,10,0.5,0.125,0.375
GC2,nonlinnongauss2,2.5,10,0.5,0.125,0.375
PC,nonlinnongauss2,2.5,10,0.0,0.25,-0.25
GC1,nonlinnongauss2,2.5,11,0.5,0.0,0.5
GC2,nonlinnongauss2,2.5,11,0.5,0.0,0.5
PC,nonlinnongauss2,2.5,11,0.0,0.25,-0.25
GC1,nonlinnongauss2,2.5,12,0.25,0.125,0.125
GC2,nonlinnongauss2,2.5,12,0.25,0.125,0.125
PC,nonlinnongauss2,2.5,12,0.0,0.25,-0.25
GC1,nonlinnongauss2,2.5,13,0.5,0.0,0.5
GC2,nonlinnongauss2,2.5,13,0.5,0.0,0.5
PC,nonlinnongauss2,2.5,13,0.0,0.25,-0.25
GC1,nonlinnongauss2,2.5,14,0.25,0.0,0.25
GC2,nonlinnongauss2,2.5,14,0.25,0.0,0.25
PC,nonlinnongauss2,2.5,14,0.0,0.0,0.0
GC1,nonlinnongauss2,2.5,15,0.5,0.0,0.5
GC2,nonlinnongauss2,2.5,15,0.5,0.0,0.5
PC,nonlinnongauss2,2.5,15,0.0,0.25,-0.25
GC1,nonlinnongauss2,2.5,16,0.5,0.0,0.5
GC2,nonlinnongauss2,2.5,16,0.5,0.0,0.5
PC,nonlinnongauss2,2.5,16,0.0,0.25,-0.25
GC1,nonlinnongauss2,2.5,17,0.5,0.125,0.375
GC2,nonlinnongauss2,2.5,17,0.5,0.125,0.375
PC,nonlinnongauss2,2.5,17,0.0,0.25,-0.25
GC1,nonlinnongauss2,2.5,18,0.5,0.125,0.375
GC2,nonlinnongauss2,2.5,18,0.5,0.125,0.375
PC,nonlinnongauss2,2.5,18,0.0,0.25,-0.25
GC1,nonlinnongauss2,2.5,19,0.75,0.0,0.75
GC2,nonlinnongauss2,2.5,19,0.75,0.0,0.75
PC,nonlinnongauss2,2.5,19,0.0,0.25,-0.25
GC1,nonlinnongauss2,2.5,20,0.75,0.0,0.75
GC2,nonlinnongauss2,2.5,20,0.75,0.0,0.75
PC,nonlinnongauss2,2.5,20,0.0,0.25,-0.25
GC1,nonlinnongauss2,2.5,21,0.5,0.125,0.375
GC2,nonlinnongauss2,2.5,21,0.5,0.125,0.375
PC,nonlinnongauss2,2.5,21,0.0,0.25,-0.25
GC1,nonlinnongauss2,2.5,22,0.75,0.0,0.75
GC2,nonlinnongauss2,2.5,22,0.75,0.125,0.625
PC,nonlinnongauss2,2.5,22,0.0,0.25,-0.25
GC1,nonlinnongauss2,2.5,23,0.25,0.0,0.25
GC2,nonlinnongauss2,2.5,23,0.25,0.0,0.25
PC,nonlinnongauss2,2.5,23,0.0,0.125,-0.125
GC1,nonlinnongauss2,2.5,24,0.5,0.0,0.5
GC2,nonlinnongauss2,2.5,24,0.5,0.0,0.5
PC,nonlinnongauss2,2.5,24,0.0,0.25,-0.25
GC1,nonlinnongauss2,2.5,25,0.25,0.125,0.125
GC2,nonlinnongauss2,2.5,25,0.25,0.125,0.125
PC,nonlinnongauss2,2.5,25,0.0,0.25,-0.25
GC1,nonlinnongauss2,2.5,26,0.5,0.125,0.375
GC2,nonlinnongauss2,2.5,26,0.5,0.125,0.375
PC,nonlinnongauss2,2.5,26,0.0,0.25,-0.25
GC1,nonlinnongauss2,2.5,27,0.0,0.125,-0.125
GC2,nonlinnongauss2,2.5,27,0.0,0.125,-0.125
PC,nonlinnongauss2,2.5,27,0.0,0.125,-0.125
GC1,nonlinnongauss2,2.5,28,0.5,0.125,0.375
GC2,nonlinnongauss2,2.5,28,0.5,0.0,0.5
PC,nonlinnongauss2,2.5,28,0.0,0.25,-0.25
GC1,nonlinnongauss2,2.5,29,0.5,0.0,0.5
GC2,nonlinnongauss2,2.5,29,0.5,0.0,0.5
PC,nonlinnongauss2,2.5,29,0.0,0.25,-0.25
GC1,nonlinnongauss2,2.5,30,0.25,0.125,0.125
GC2,nonlinnongauss2,2.5,30,0.25,0.125,0.125
PC,nonlinnongauss2,2.5,30,0.0,0.0,0.0
GC1,nonlinnongauss2,2.5,31,0.75,0.0,0.75
GC2,nonlinnongauss2,2.5,31,0.75,0.0,0.75
PC,nonlinnongauss2,2.5,31,0.0,0.25,-0.25
GC1,nonlinnongauss2,2.5,32,0.5,0.0,0.5
GC2,nonlinnongauss2,2.5,32,0.5,0.0,0.5
PC,nonlinnongauss2,2.5,32,0.0,0.25,-0.25
GC1,nonlinnongauss2,2.5,33,0.5,0.0,0.5
GC2,nonlinnongauss2,2.5,33,0.5,0.0,0.5
PC,nonlinnongauss2,2.5,33,0.0,0.25,-0.25
GC1,nonlinnongauss2,2.5,34,0.5,0.125,0.375
GC2,nonlinnongauss2,2.5,34,0.5,0.125,0.375
PC,nonlinnongauss2,2.5,34,0.0,0.25,-0.25
GC1,nonlinnongauss2,2.5,35,0.5,0.125,0.375
GC2,nonlinnongauss2,2.5,35,0.5,0.125,0.375
PC,nonlinnongauss2,2.5,35,0.0,0.25,-0.25
GC1,nonlinnongauss2,2.5,36,0.5,0.0,0.5
GC2,nonlinnongauss2,2.5,36,0.5,0.0,0.5
PC,nonlinnongauss2,2.5,36,0.0,0.25,-0.25
GC1,nonlinnongauss2,2.5,37,0.5,0.0,0.5
GC2,nonlinnongauss2,2.5,37,0.25,0.125,0.125
PC,nonlinnongauss2,2.5,37,0.0,0.25,-0.25
GC1,nonlinnongauss2,2.5,38,0.5,0.0,0.5
GC2,nonlinnongauss2,2.5,38,0.5,0.0,0.5
PC,nonlinnongauss2,2.5,38,0.0,0.25,-0.25
GC1,nonlinnongauss2,2.5,39,0.5,0.0,0.5
GC2,nonlinnongauss2,2.5,39,0.5,0.0,0.5
PC,nonlinnongauss2,2.5,39,0.0,0.25,-0.25
GC1,nonlinnongauss2,2.5,40,0.5,0.0,0.5
GC2,nonlinnongauss2,2.5,40,0.5,0.0,0.5
PC,nonlinnongauss2,2.5,40,0.0,0.25,-0.25
GC1,nonlinnongauss2,2.5,41,0.5,0.125,0.375
GC2,nonlinnongauss2,2.5,41,0.5,0.0,0.5
PC,nonlinnongauss2,2.5,41,0.0,0.25,-0.25
GC1,nonlinnongauss2,2.5,42,0.5,0.0,0.5
GC2,nonlinnongauss2,2.5,42,0.5,0.0,0.5
PC,nonlinnongauss2,2.5,42,0.0,0.25,-0.25
GC1,nonlinnongauss2,2.5,43,0.75,0.0,0.75
GC2,nonlinnongauss2,2.5,43,0.75,0.0,0.75
PC,nonlinnongauss2,2.5,43,0.0,0.25,-0.25
GC1,nonlinnongauss2,2.5,44,0.0,0.25,-0.25
GC2,nonlinnongauss2,2.5,44,0.0,0.25,-0.25
PC,nonlinnongauss2,2.5,44,0.0,0.0,0.0
GC1,nonlinnongauss2,2.5,45,0.5,0.125,0.375
GC2,nonlinnongauss2,2.5,45,0.5,0.125,0.375
PC,nonlinnongauss2,2.5,45,0.0,0.25,-0.25
GC1,nonlinnongauss2,2.5,46,0.5,0.0,0.5
GC2,nonlinnongauss2,2.5,46,0.5,0.0,0.5
PC,nonlinnongauss2,2.5,46,0.0,0.25,-0.25
GC1,nonlinnongauss2,2.5,47,0.5,0.0,0.5
GC2,nonlinnongauss2,2.5,47,0.5,0.0,0.5
PC,nonlinnongauss2,2.5,47,0.0,0.25,-0.25
GC1,nonlinnongauss2,2.5,48,0.5,0.0,0.5
GC2,nonlinnongauss2,2.5,48,0.5,0.0,0.5
PC,nonlinnongauss2,2.5,48,0.0,0.25,-0.25
GC1,nonlinnongauss2,2.5,49,0.5,0.0,0.5
GC2,nonlinnongauss2,2.5,49,0.5,0.125,0.375
PC,nonlinnongauss2,2.5,49,0.0,0.25,-0.25
GC1,nonlinnongauss2,3.0,0,0.5,0.125,0.375
GC2,nonlinnongauss2,3.0,0,0.5,0.125,0.375
PC,nonlinnongauss2,3.0,0,0.0,0.25,-0.25
GC1,nonlinnongauss2,3.0,1,0.25,0.0,0.25
GC2,nonlinnongauss2,3.0,1,0.25,0.125,0.125
PC,nonlinnongauss2,3.0,1,0.0,0.0,0.0
GC1,nonlinnongauss2,3.0,2,0.25,0.0,0.25
GC2,nonlinnongauss2,3.0,2,0.25,0.0,0.25
PC,nonlinnongauss2,3.0,2,0.0,0.0,0.0
GC1,nonlinnongauss2,3.0,3,0.25,0.125,0.125
GC2,nonlinnongauss2,3.0,3,0.25,0.125,0.125
PC,nonlinnongauss2,3.0,3,0.0,0.0,0.0
GC1,nonlinnongauss2,3.0,4,0.25,0.125,0.125
GC2,nonlinnongauss2,3.0,4,0.25,0.125,0.125
PC,nonlinnongauss2,3.0,4,0.0,0.0,0.0
GC1,nonlinnongauss2,3.0,5,0.25,0.0,0.25
GC2,nonlinnongauss2,3.0,5,0.25,0.0,0.25
PC,nonlinnongauss2,3.0,5,0.0,0.0,0.0
GC1,nonlinnongauss2,3.0,6,0.0,0.125,-0.125
GC2,nonlinnongauss2,3.0,6,0.0,0.125,-0.125
PC,nonlinnongauss2,3.0,6,0.0,0.0,0.0
GC1,nonlinnongauss2,3.0,7,0.25,0.125,0.125
GC2,nonlinnongauss2,3.0,7,0.25,0.125,0.125
PC,nonlinnongauss2,3.0,7,0.0,0.0,0.0
GC1,nonlinnongauss2,3.0,8,0.25,0.0,0.25
GC2,nonlinnongauss2,3.0,8,0.25,0.0,0.25
PC,nonlinnongauss2,3.0,8,0.0,0.0,0.0
GC1,nonlinnongauss2,3.0,9,0.25,0.125,0.125
GC2,nonlinnongauss2,3.0,9,0.25,0.125,0.125
PC,nonlinnongauss2,3.0,9,0.0,0.0,0.0
GC1,nonlinnongauss2,3.0,10,0.25,0.125,0.125
GC2,nonlinnongauss2,3.0,10,0.25,0.125,0.125
PC,nonlinnongauss2,3.0,10,0.0,0.0,0.0
GC1,nonlinnongauss2,3.0,11,0.25,0.0,0.25
GC2,nonlinnongauss2,3.0,11,0.25,0.125,0.125
PC,nonlinnongauss2,3.0,11,0.0,0.0,0.0
GC1,nonlinnongauss2,3.0,12,0.0,0.125,-0.125
GC2,nonlinnongauss2,3.0,12,0.0,0.125,-0.125
PC,nonlinnongauss2,3.0,12,0.0,0.0,0.0
GC1,nonlinnongauss2,3.0,13,0.25,0.0,0.25
GC2,nonlinnongauss2,3.0,13,0.25,0.0,0.25
PC,nonlinnongauss2,3.0,13,0.0,0.0,0.0
GC1,nonlinnongauss2,3.0,14,0.25,0.0,0.25
GC2,nonlinnongauss2,3.0,14,0.25,0.0,0.25
PC,nonlinnongauss2,3.0,14,0.0,0.0,0.0
GC1,nonlinnongauss2,3.0,15,0.5,0.0,0.5
GC2,nonlinnongauss2,3.0,15,0.5,0.0,0.5
PC,nonlinnongauss2,3.0,15,0.0,0.25,-0.25
GC1,nonlinnongauss2,3.0,16,0.25,0.0,0.25
GC2,nonlinnongauss2,3.0,16,0.25,0.0,0.25
PC,nonlinnongauss2,3.0,16,0.0,0.0,0.0
GC1,nonlinnongauss2,3.0,17,0.25,0.25,0.0
GC2,nonlinnongauss2,3.0,17,0.25,0.25,0.0
PC,nonlinnongauss2,3.0,17,0.0,0.0,0.0
GC1,nonlinnongauss2,3.0,18,0.25,0.125,0.125
GC2,nonlinnongauss2,3.0,18,0.25,0.125,0.125
PC,nonlinnongauss2,3.0,18,0.0,0.125,-0.125
GC1,nonlinnongauss2,3.0,19,0.25,0.0,0.25
GC2,nonlinnongauss2,3.0,19,0.25,0.0,0.25
PC,nonlinnongauss2,3.0,19,0.0,0.0,0.0
GC1,nonlinnongauss2,3.0,20,0.5,0.0,0.5
GC2,nonlinnongauss2,3.0,20,0.5,0.0,0.5
PC,nonlinnongauss2,3.0,20,0.0,0.0,0.0
GC1,nonlinnongauss2,3.0,21,0.25,0.125,0.125
GC2,nonlinnongauss2,3.0,21,0.25,0.125,0.125
PC,nonlinnongauss2,3.0,21,0.0,0.125,-0.125
GC1,nonlinnongauss2,3.0,22,0.5,0.125,0.375
GC2,nonlinnongauss2,3.0,22,0.5,0.125,0.375
PC,nonlinnongauss2,3.0,22,0.0,0.0,0.0
GC1,nonlinnongauss2,3.0,23,0.25,0.0,0.25
GC2,nonlinnongauss2,3.0,23,0.25,0.0,0.25
PC,nonlinnongauss2,3.0,23,0.0,0.0,0.0
GC1,nonlinnongauss2,3.0,24,0.25,0.0,0.25
GC2,nonlinnongauss2,3.0,24,0.25,0.0,0.25
PC,nonlinnongauss2,3.0,24,0.0,0.0,0.0
GC1,nonlinnongauss2,3.0,25,0.25,0.125,0.125
GC2,nonlinnongauss2,3.0,25,0.25,0.125,0.125
PC,nonlinnongauss2,3.0,25,0.0,0.125,-0.125
GC1,nonlinnongauss2,3.0,26,0.25,0.125,0.125
GC2,nonlinnongauss2,3.0,26,0.25,0.125,0.125
PC,nonlinnongauss2,3.0,26,0.0,0.0,0.0
GC1,nonlinnongauss2,3.0,27,0.0,0.125,-0.125
GC2,nonlinnongauss2,3.0,27,0.0,0.125,-0.125
PC,nonlinnongauss2,3.0,27,0.0,0.125,-0.125
GC1,nonlinnongauss2,3.0,28,0.25,0.125,0.125
GC2,nonlinnongauss2,3.0,28,0.25,0.125,0.125
PC,nonlinnongauss2,3.0,28,0.0,0.0,0.0
GC1,nonlinnongauss2,3.0,29,0.25,0.125,0.125
GC2,nonlinnongauss2,3.0,29,0.25,0.0,0.25
PC,nonlinnongauss2,3.0,29,0.0,0.0,0.0
GC1,nonlinnongauss2,3.0,30,0.25,0.125,0.125
GC2,nonlinnongauss2,3.0,30,0.25,0.125,0.125
PC,nonlinnongauss2,3.0,30,0.0,0.0,0.0
GC1,nonlinnongauss2,3.0,31,0.25,0.0,0.25
GC2,nonlinnongauss2,3.0,31,0.25,0.0,0.25
PC,nonlinnongauss2,3.0,31,0.0,0.0,0.0
GC1,nonlinnongauss2,3.0,32,0.25,0.0,0.25
GC2,nonlinnongauss2,3.0,32,0.25,0.0,0.25
PC,nonlinnongauss2,3.0,32,0.0,0.25,-0.25
GC1,nonlinnongauss2,3.0,33,0.25,0.0,0.25
GC2,nonlinnongauss2,3.0,33,0.25,0.0,0.25
PC,nonlinnongauss2,3.0,33,0.0,0.0,0.0
GC1,nonlinnongauss2,3.0,34,0.25,0.125,0.125
GC2,nonlinnongauss2,3.0,34,0.25,0.125,0.125
PC,nonlinnongauss2,3.0,34,0.0,0.0,0.0
GC1,nonlinnongauss2,3.0,35,0.25,0.125,0.125
GC2,nonlinnongauss2,3.0,35,0.25,0.125,0.125
PC,nonlinnongauss2,3.0,35,0.0,0.0,0.0
GC1,nonlinnongauss2,3.0,36,0.5,0.0,0.5
GC2,nonlinnongauss2,3.0,36,0.5,0.0,0.5
PC,nonlinnongauss2,3.0,36,0.0,0.0,0.0
GC1,nonlinnongauss2,3.0,37,0.5,0.0,0.5
GC2,nonlinnongauss2,3.0,37,0.5,0.0,0.5
PC,nonlinnongauss2,3.0,37,0.0,0.25,-0.25
GC1,nonlinnongauss2,3.0,38,0.25,0.125,0.125
GC2,nonlinnongauss2,3.0,38,0.25,0.0,0.25
PC,nonlinnongauss2,3.0,38,0.0,0.25,-0.25
GC1,nonlinnongauss2,3.0,39,0.25,0.0,0.25
GC2,nonlinnongauss2,3.0,39,0.25,0.0,0.25
PC,nonlinnongauss2,3.0,39,0.0,0.0,0.0
GC1,nonlinnongauss2,3.0,40,0.25,0.0,0.25
GC2,nonlinnongauss2,3.0,40,0.25,0.0,0.25
PC,nonlinnongauss2,3.0,40,0.0,0.0,0.0
GC1,nonlinnongauss2,3.0,41,0.25,0.0,0.25
GC2,nonlinnongauss2,3.0,41,0.25,0.0,0.25
PC,nonlinnongauss2,3.0,41,0.0,0.0,0.0
GC1,nonlinnongauss2,3.0,42,0.25,0.0,0.25
GC2,nonlinnongauss2,3.0,42,0.25,0.0,0.25
PC,nonlinnongauss2,3.0,42,0.0,0.0,0.0
GC1,nonlinnongauss2,3.0,43,0.25,0.0,0.25
GC2,nonlinnongauss2,3.0,43,0.25,0.0,0.25
PC,nonlinnongauss2,3.0,43,0.0,0.0,0.0
GC1,nonlinnongauss2,3.0,44,0.0,0.25,-0.25
GC2,nonlinnongauss2,3.0,44,0.0,0.25,-0.25
PC,nonlinnongauss2,3.0,44,0.0,0.0,0.0
GC1,nonlinnongauss2,3.0,45,0.25,0.125,0.125
GC2,nonlinnongauss2,3.0,45,0.25,0.125,0.125
PC,nonlinnongauss2,3.0,45,0.0,0.0,0.0
GC1,nonlinnongauss2,3.0,46,0.25,0.0,0.25
GC2,nonlinnongauss2,3.0,46,0.25,0.125,0.125
PC,nonlinnongauss2,3.0,46,0.0,0.0,0.0
GC1,nonlinnongauss2,3.0,47,0.25,0.0,0.25
GC2,nonlinnongauss2,3.0,47,0.25,0.125,0.125
PC,nonlinnongauss2,3.0,47,0.0,0.0,0.0
GC1,nonlinnongauss2,3.0,48,0.25,0.125,0.125
GC2,nonlinnongauss2,3.0,48,0.25,0.125,0.125
PC,nonlinnongauss2,3.0,48,0.0,0.0,0.0
GC1,nonlinnongauss2,3.0,49,0.5,0.0,0.5
GC2,nonlinnongauss2,3.0,49,0.5,0.0,0.5
PC,nonlinnongauss2,3.0,49,0.0,0.25,-0.25
GC1,nonlinnongauss2,3.5,0,0.25,0.0,0.25
GC2,nonlinnongauss2,3.5,0,0.25,0.0,0.25
PC,nonlinnongauss2,3.5,0,0.0,0.125,-0.125
GC1,nonlinnongauss2,3.5,1,0.25,0.0,0.25
GC2,nonlinnongauss2,3.5,1,0.25,0.125,0.125
PC,nonlinnongauss2,3.5,1,0.0,0.0,0.0
GC1,nonlinnongauss2,3.5,2,0.25,0.0,0.25
GC2,nonlinnongauss2,3.5,2,0.25,0.0,0.25
PC,nonlinnongauss2,3.5,2,0.0,0.0,0.0
GC1,nonlinnongauss2,3.5,3,0.25,0.125,0.125
GC2,nonlinnongauss2,3.5,3,0.25,0.125,0.125
PC,nonlinnongauss2,3.5,3,0.0,0.0,0.0
GC1,nonlinnongauss2,3.5,4,0.25,0.125,0.125
GC2,nonlinnongauss2,3.5,4,0.25,0.125,0.125
PC,nonlinnongauss2,3.5,4,0.0,0.0,0.0
GC1,nonlinnongauss2,3.5,5,0.25,0.125,0.125
GC2,nonlinnongauss2,3.5,5,0.25,0.0,0.25
PC,nonlinnongauss2,3.5,5,0.0,0.0,0.0
GC1,nonlinnongauss2,3.5,6,0.0,0.125,-0.125
GC2,nonlinnongauss2,3.5,6,0.0,0.125,-0.125
PC,nonlinnongauss2,3.5,6,0.0,0.0,0.0
GC1,nonlinnongauss2,3.5,7,0.25,0.0,0.25
GC2,nonlinnongauss2,3.5,7,0.25,0.0,0.25
PC,nonlinnongauss2,3.5,7,0.0,0.0,0.0
GC1,nonlinnongauss2,3.5,8,0.25,0.125,0.125
GC2,nonlinnongauss2,3.5,8,0.25,0.125,0.125
PC,nonlinnongauss2,3.5,8,0.0,0.125,-0.125
GC1,nonlinnongauss2,3.5,9,0.25,0.0,0.25
GC2,nonlinnongauss2,3.5,9,0.25,0.0,0.25
PC,nonlinnongauss2,3.5,9,0.0,0.0,0.0
GC1,nonlinnongauss2,3.5,10,0.25,0.0,0.25
GC2,nonlinnongauss2,3.5,10,0.25,0.0,0.25
PC,nonlinnongauss2,3.5,10,0.0,0.0,0.0
GC1,nonlinnongauss2,3.5,11,0.25,0.125,0.125
GC2,nonlinnongauss2,3.5,11,0.25,0.25,0.0
PC,nonlinnongauss2,3.5,11,0.0,0.0,0.0
GC1,nonlinnongauss2,3.5,12,0.0,0.25,-0.25
GC2,nonlinnongauss2,3.5,12,0.0,0.125,-0.125
PC,nonlinnongauss2,3.5,12,0.0,0.25,-0.25
GC1,nonlinnongauss2,3.5,13,0.25,0.0,0.25
GC2,nonlinnongauss2,3.5,13,0.25,0.0,0.25
PC,nonlinnongauss2,3.5,13,0.0,0.0,0.0
GC1,nonlinnongauss2,3.5,14,0.5,0.0,0.5
GC2,nonlinnongauss2,3.5,14,0.5,0.0,0.5
PC,nonlinnongauss2,3.5,14,0.0,0.25,-0.25
GC1,nonlinnongauss2,3.5,15,0.25,0.125,0.125
GC2,nonlinnongauss2,3.5,15,0.25,0.0,0.25
PC,nonlinnongauss2,3.5,15,0.0,0.25,-0.25
GC1,nonlinnongauss2,3.5,16,0.25,0.125,0.125
GC2,nonlinnongauss2,3.5,16,0.25,0.125,0.125
PC,nonlinnongauss2,3.5,16,0.0,0.0,0.0
GC1,nonlinnongauss2,3.5,17,0.25,0.0,0.25
GC2,nonlinnongauss2,3.5,17,0.25,0.0,0.25
PC,nonlinnongauss2,3.5,17,0.0,0.0,0.0
GC1,nonlinnongauss2,3.5,18,0.25,0.0,0.25
GC2,nonlinnongauss2,3.5,18,0.25,0.0,0.25
PC,nonlinnongauss2,3.5,18,0.0,0.0,0.0
GC1,nonlinnongauss2,3.5,19,0.25,0.0,0.25
GC2,nonlinnongauss2,3.5,19,0.25,0.0,0.25
PC,nonlinnongauss2,3.5,19,0.0,0.125,-0.125
GC1,nonlinnongauss2,3.5,20,0.5,0.25,0.25
GC2,nonlinnongauss2,3.5,20,0.5,0.125,0.375
PC,nonlinnongauss2,3.5,20,0.0,0.0,0.0
GC1,nonlinnongauss2,3.5,21,0.25,0.125,0.125
GC2,nonlinnongauss2,3.5,21,0.25,0.25,0.0
PC,nonlinnongauss2,3.5,21,0.0,0.125,-0.125
GC1,nonlinnongauss2,3.5,22,0.5,0.375,0.125
GC2,nonlinnongauss2,3.5,22,0.5,0.25,0.25
PC,nonlinnongauss2,3.5,22,0.0,0.25,-0.25
GC1,nonlinnongauss2,3.5,23,0.25,0.0,0.25
GC2,nonlinnongauss2,3.5,23,0.25,0.0,0.25
PC,nonlinnongauss2,3.5,23,0.0,0.0,0.0
GC1,nonlinnongauss2,3.5,24,0.25,0.0,0.25
GC2,nonlinnongauss2,3.5,24,0.25,0.0,0.25
PC,nonlinnongauss2,3.5,24,0.0,0.0,0.0
GC1,nonlinnongauss2,3.5,25,0.25,0.25,0.0
GC2,nonlinnongauss2,3.5,25,0.25,0.125,0.125
PC,nonlinnongauss2,3.5,25,0.0,0.25,-0.25
GC1,nonlinnongauss2,3.5,26,0.25,0.125,0.125
GC2,nonlinnongauss2,3.5,26,0.25,0.125,0.125
PC,nonlinnongauss2,3.5,26,0.0,0.0,0.0
GC1,nonlinnongauss2,3.5,27,0.0,0.125,-0.125
GC2,nonlinnongauss2,3.5,27,0.0,0.125,-0.125
PC,nonlinnongauss2,3.5,27,0.0,0.125,-0.125
GC1,nonlinnongauss2,3.5,28,0.25,0.125,0.125
GC2,nonlinnongauss2,3.5,28,0.25,0.125,0.125
PC,nonlinnongauss2,3.5,28,0.0,0.0,0.0
GC1,nonlinnongauss2,3.5,29,0.25,0.0,0.25
GC2,nonlinnongauss2,3.5,29,0.25,0.0,0.25
PC,nonlinnongauss2,3.5,29,0.0,0.0,0.0
GC1,nonlinnongauss2,3.5,30,0.25,0.25,0.0
GC2,nonlinnongauss2,3.5,30,0.25,0.25,0.0
PC,nonlinnongauss2,3.5,30,0.0,0.0,0.0
GC1,nonlinnongauss2,3.5,31,0.25,0.0,0.25
GC2,nonlinnongauss2,3.5,31,0.25,0.0,0.25
PC,nonlinnongauss2,3.5,31,0.0,0.0,0.0
GC1,nonlinnongauss2,3.5,32,0.25,0.0,0.25
GC2,nonlinnongauss2,3.5,32,0.25,0.0,0.25
PC,nonlinnongauss2,3.5,32,0.0,0.0,0.0
GC1,nonlinnongauss2,3.5,33,0.25,0.25,0.0
GC2,nonlinnongauss2,3.5,33,0.25,0.125,0.125
PC,nonlinnongauss2,3.5,33,0.0,0.25,-0.25
GC1,nonlinnongauss2,3.5,34,0.25,0.0,0.25
GC2,nonlinnongauss2,3.5,34,0.25,0.0,0.25
PC,nonlinnongauss2,3.5,34,0.0,0.0,0.0
GC1,nonlinnongauss2,3.5,35,0.25,0.125,0.125
GC2,nonlinnongauss2,3.5,35,0.25,0.125,0.125
PC,nonlinnongauss2,3.5,35,0.0,0.0,0.0
GC1,nonlinnongauss2,3.5,36,0.5,0.0,0.5
GC2,nonlinnongauss2,3.5,36,0.5,0.0,0.5
PC,nonlinnongauss2,3.5,36,0.0,0.0,0.0
GC1,nonlinnongauss2,3.5,37,0.25,0.0,0.25
GC2,nonlinnongauss2,3.5,37,0.25,0.0,0.25
PC,nonlinnongauss2,3.5,37,0.0,0.25,-0.25
GC1,nonlinnongauss2,3.5,38,0.25,0.125,0.125
GC2,nonlinnongauss2,3.5,38,0.25,0.0,0.25
PC,nonlinnongauss2,3.5,38,0.0,0.25,-0.25
GC1,nonlinnongauss2,3.5,39,0.25,0.0,0.25
GC2,nonlinnongauss2,3.5,39,0.25,0.0,0.25
PC,nonlinnongauss2,3.5,39,0.0,0.0,0.0
GC1,nonlinnongauss2,3.5,40,0.25,0.125,0.125
GC2,nonlinnongauss2,3.5,40,0.25,0.125,0.125
PC,nonlinnongauss2,3.5,40,0.0,0.0,0.0
GC1,nonlinnongauss2,3.5,41,0.25,0.0,0.25
GC2,nonlinnongauss2,3.5,41,0.25,0.0,0.25
PC,nonlinnongauss2,3.5,41,0.0,0.0,0.0
GC1,nonlinnongauss2,3.5,42,0.25,0.0,0.25
GC2,nonlinnongauss2,3.5,42,0.25,0.0,0.25
PC,nonlinnongauss2,3.5,42,0.0,0.0,0.0
GC1,nonlinnongauss2,3.5,43,0.25,0.125,0.125
GC2,nonlinnongauss2,3.5,43,0.25,0.0,0.25
PC,nonlinnongauss2,3.5,43,0.0,0.0,0.0
GC1,nonlinnongauss2,3.5,44,0.0,0.375,-0.375
GC2,nonlinnongauss2,3.5,44,0.0,0.25,-0.25
PC,nonlinnongauss2,3.5,44,0.0,0.25,-0.25
GC1,nonlinnongauss2,3.5,45,0.25,0.125,0.125
GC2,nonlinnongauss2,3.5,45,0.25,0.125,0.125
PC,nonlinnongauss2,3.5,45,0.0,0.0,0.0
GC1,nonlinnongauss2,3.5,46,0.25,0.0,0.25
GC2,nonlinnongauss2,3.5,46,0.25,0.125,0.125
PC,nonlinnongauss2,3.5,46,0.0,0.0,0.0
GC1,nonlinnongauss2,3.5,47,0.25,0.0,0.25
GC2,nonlinnongauss2,3.5,47,0.25,0.125,0.125
PC,nonlinnongauss2,3.5,47,0.0,0.0,0.0
GC1,nonlinnongauss2,3.5,48,0.25,0.0,0.25
GC2,nonlinnongauss2,3.5,48,0.25,0.0,0.25
PC,nonlinnongauss2,3.5,48,0.0,0.0,0.0
GC1,nonlinnongauss2,3.5,49,0.25,0.0,0.25
GC2,nonlinnongauss2,3.5,49,0.25,0.0,0.25
PC,nonlinnongauss2,3.5,49,0.0,0.0,0.0
TPC,lingauss1,0.1,0,1.0,0.111111,0.888889
TPC,lingauss1,0.1,1,1.0,0.222222,0.777778
TPC,lingauss1,0.1,2,1.0,0.222222,0.777778
TPC,lingauss1,0.1,3,1.0,0.0,1.0
TPC,lingauss1,0.1,4,1.0,0.222222,0.777778
TPC,lingauss1,0.1,5,1.0,0.111111,0.888889
TPC,lingauss1,0.1,6,1.0,0.111111,0.888889
TPC,lingauss1,0.1,7,1.0,0.222222,0.777778
TPC,lingauss1,0.1,8,1.0,0.222222,0.777778
TPC,lingauss1,0.1,9,1.0,0.111111,0.888889
TPC,lingauss1,0.1,10,1.0,0.111111,0.888889
TPC,lingauss1,0.1,11,1.0,0.111111,0.888889
TPC,lingauss1,0.1,12,1.0,0.111111,0.888889
TPC,lingauss1,0.1,13,1.0,0.0,1.0
TPC,lingauss1,0.1,14,1.0,0.222222,0.777778
TPC,lingauss1,0.1,15,1.0,0.222222,0.777778
TPC,lingauss1,0.1,16,1.0,0.222222,0.777778
TPC,lingauss1,0.1,17,1.0,0.111111,0.888889
TPC,lingauss1,0.1,18,1.0,0.222222,0.777778
TPC,lingauss1,0.1,19,1.0,0.222222,0.777778
TPC,lingauss1,0.1,20,1.0,0.111111,0.888889
TPC,lingauss1,0.1,21,1.0,0.111111,0.888889
TPC,lingauss1,0.1,22,0.666667,0.333333,0.333333
TPC,lingauss1,0.1,23,0.666667,0.333333,0.333333
TPC,lingauss1,0.1,24,1.0,0.333333,0.666667
TPC,lingauss1,0.1,25,1.0,0.111111,0.888889
TPC,lingauss1,0.1,26,0.666667,0.111111,0.555556
TPC,lingauss1,0.1,27,1.0,0.222222,0.777778
TPC,lingauss1,0.1,28,1.0,0.111111,0.888889
TPC,lingauss1,0.1,29,1.0,0.111111,0.888889
TPC,lingauss1,0.1,30,1.0,0.111111,0.888889
TPC,lingauss1,0.1,31,1.0,0.0,1.0
TPC,lingauss1,0.1,32,0.666667,0.111111,0.555556
TPC,lingauss1,0.1,33,1.0,0.222222,0.777778
TPC,lingauss1,0.1,34,1.0,0.111111,0.888889
TPC,lingauss1,0.1,35,1.0,0.111111,0.888889
TPC,lingauss1,0.1,36,0.666667,0.111111,0.555556
TPC,lingauss1,0.1,37,1.0,0.111111,0.888889
TPC,lingauss1,0.1,38,1.0,0.111111,0.888889
TPC,lingauss1,0.1,39,0.666667,0.333333,0.333333
TPC,lingauss1,0.1,40,1.0,0.222222,0.777778
TPC,lingauss1,0.1,41,1.0,0.111111,0.888889
TPC,lingauss1,0.1,42,1.0,0.222222,0.777778
TPC,lingauss1,0.1,43,1.0,0.222222,0.777778
TPC,lingauss1,0.1,44,1.0,0.222222,0.777778
TPC,lingauss1,0.1,45,1.0,0.111111,0.888889
TPC,lingauss1,0.1,46,1.0,0.111111,0.888889
TPC,lingauss1,0.1,47,1.0,0.222222,0.777778
TPC,lingauss1,0.1,48,1.0,0.222222,0.777778
TPC,lingauss1,0.1,49,1.0,0.333333,0.666667
TPC,lingauss1,0.5,0,1.0,0.0,1.0
TPC,lingauss1,0.5,1,1.0,0.0,1.0
TPC,lingauss1,0.5,2,1.0,0.0,1.0
TPC,lingauss1,0.5,3,1.0,0.0,1.0
TPC,lingauss1,0.5,4,1.0,0.0,1.0
TPC,lingauss1,0.5,5,1.0,0.0,1.0
TPC,lingauss1,0.5,6,1.0,0.0,1.0
TPC,lingauss1,0.5,7,1.0,0.0,1.0
TPC,lingauss1,0.5,8,1.0,0.0,1.0
TPC,lingauss1,0.5,9,1.0,0.0,1.0
TPC,lingauss1,0.5,10,1.0,0.222222,0.777778
TPC,lingauss1,0.5,11,1.0,0.0,1.0
TPC,lingauss1,0.5,12,1.0,0.0,1.0
TPC,lingauss1,0.5,13,1.0,0.111111,0.888889
TPC,lingauss1,0.5,14,1.0,0.0,1.0
TPC,lingauss1,0.5,15,1.0,0.0,1.0
TPC,lingauss1,0.5,16,1.0,0.0,1.0
TPC,lingauss1,0.5,17,1.0,0.0,1.0
TPC,lingauss1,0.5,18,1.0,0.0,1.0
TPC,lingauss1,0.5,19,1.0,0.0,1.0
TPC,lingauss1,0.5,20,1.0,0.0,1.0
TPC,lingauss1,0.5,21,1.0,0.0,1.0
TPC,lingauss1,0.5,22,1.0,0.111111,0.888889
TPC,lingauss1,0.5,23,1.0,0.0,1.0
TPC,lingauss1,0.5,24,1.0,0.0,1.0
TPC,lingauss1,0.5,25,1.0,0.111111,0.888889
TPC,lingauss1,0.5,26,1.0,0.0,1.0
TPC,lingauss1,0.5,27,1.0,0.0,1.0
TPC,lingauss1,0.5,28,1.0,0.0,1.0
TPC,lingauss1,0.5,29,1.0,0.0,1.0
TPC,lingauss1,0.5,30,1.0,0.0,1.0
TPC,lingauss1,0.5,31,1.0,0.0,1.0
TPC,lingauss1,0.5,32,1.0,0.0,1.0
TPC,lingauss1,0.5,33,1.0,0.0,1.0
TPC,lingauss1,0.5,34,1.0,0.0,1.0
TPC,lingauss1,0.5,35,1.0,0.0,1.0
TPC,lingauss1,0.5,36,1.0,0.0,1.0
TPC,lingauss1,0.5,37,1.0,0.0,1.0
TPC,lingauss1,0.5,38,1.0,0.0,1.0
TPC,lingauss1,0.5,39,1.0,0.0,1.0
TPC,lingauss1,0.5,40,1.0,0.222222,0.777778
TPC,lingauss1,0.5,41,1.0,0.0,1.0
TPC,lingauss1,0.5,42,1.0,0.0,1.0
TPC,lingauss1,0.5,43,1.0,0.222222,0.777778
TPC,lingauss1,0.5,44,1.0,0.0,1.0
TPC,lingauss1,0.5,45,1.0,0.0,1.0
TPC,lingauss1,0.5,46,1.0,0.0,1.0
TPC,lingauss1,0.5,47,1.0,0.0,1.0
TPC,lingauss1,0.5,48,1.0,0.0,1.0
TPC,lingauss1,0.5,49,1.0,0.0,1.0
TPC,lingauss1,1.0,0,1.0,0.0,1.0
TPC,lingauss1,1.0,1,1.0,0.0,1.0
TPC,lingauss1,1.0,2,1.0,0.0,1.0
TPC,lingauss1,1.0,3,1.0,0.0,1.0
TPC,lingauss1,1.0,4,1.0,0.0,1.0
TPC,lingauss1,1.0,5,1.0,0.0,1.0
TPC,lingauss1,1.0,6,1.0,0.0,1.0
TPC,lingauss1,1.0,7,1.0,0.0,1.0
TPC,lingauss1,1.0,8,1.0,0.0,1.0
TPC,lingauss1,1.0,9,1.0,0.0,1.0
TPC,lingauss1,1.0,10,1.0,0.222222,0.777778
TPC,lingauss1,1.0,11,1.0,0.0,1.0
TPC,lingauss1,1.0,12,1.0,0.0,1.0
TPC,lingauss1,1.0,13,1.0,0.111111,0.888889
TPC,lingauss1,1.0,14,1.0,0.0,1.0
TPC,lingauss1,1.0,15,1.0,0.0,1.0
TPC,lingauss1,1.0,16,1.0,0.0,1.0
TPC,lingauss1,1.0,17,1.0,0.0,1.0
TPC,lingauss1,1.0,18,1.0,0.0,1.0
TPC,lingauss1,1.0,19,1.0,0.0,1.0
TPC,lingauss1,1.0,20,1.0,0.0,1.0
TPC,lingauss1,1.0,21,1.0,0.0,1.0
TPC,lingauss1,1.0,22,1.0,0.111111,0.888889
TPC,lingauss1,1.0,23,1.0,0.0,1.0
TPC,lingauss1,1.0,24,1.0,0.111111,0.888889
TPC,lingauss1,1.0,25,1.0,0.111111,0.888889
TPC,lingauss1,1.0,26,1.0,0.0,1.0
TPC,lingauss1,1.0,27,1.0,0.0,1.0
TPC,lingauss1,1.0,28,1.0,0.0,1.0
TPC,lingauss1,1.0,29,1.0,0.222222,0.777778
TPC,lingauss1,1.0,30,1.0,0.0,1.0
TPC,lingauss1,1.0,31,1.0,0.0,1.0
TPC,lingauss1,1.0,32,1.0,0.0,1.0
TPC,lingauss1,1.0,33,1.0,0.0,1.0
TPC,lingauss1,1.0,34,1.0,0.0,1.0
TPC,lingauss1,1.0,35,1.0,0.0,1.0
TPC,lingauss1,1.0,36,1.0,0.0,1.0
TPC,lingauss1,1.0,37,1.0,0.0,1.0
TPC,lingauss1,1.0,38,1.0,0.0,1.0
TPC,lingauss1,1.0,39,1.0,0.0,1.0
TPC,lingauss1,1.0,40,1.0,0.222222,0.777778
TPC,lingauss1,1.0,41,1.0,0.0,1.0
TPC,lingauss1,1.0,42,1.0,0.0,1.0
TPC,lingauss1,1.0,43,1.0,0.222222,0.777778
TPC,lingauss1,1.0,44,1.0,0.0,1.0
TPC,lingauss1,1.0,45,1.0,0.0,1.0
TPC,lingauss1,1.0,46,1.0,0.0,1.0
TPC,lingauss1,1.0,47,1.0,0.0,1.0
TPC,lingauss1,1.0,48,1.0,0.0,1.0
TPC,lingauss1,1.0,49,1.0,0.0,1.0
TPC,lingauss1,1.5,0,1.0,0.0,1.0
TPC,lingauss1,1.5,1,1.0,0.0,1.0
TPC,lingauss1,1.5,2,1.0,0.0,1.0
TPC,lingauss1,1.5,3,1.0,0.0,1.0
TPC,lingauss1,1.5,4,1.0,0.0,1.0
TPC,lingauss1,1.5,5,1.0,0.0,1.0
TPC,lingauss1,1.5,6,1.0,0.0,1.0
TPC,lingauss1,1.5,7,1.0,0.0,1.0
TPC,lingauss1,1.5,8,1.0,0.0,1.0
TPC,lingauss1,1.5,9,1.0,0.0,1.0
TPC,lingauss1,1.5,10,1.0,0.0,1.0
TPC,lingauss1,1.5,11,1.0,0.0,1.0
TPC,lingauss1,1.5,12,1.0,0.0,1.0
TPC,lingauss1,1.5,13,1.0,0.111111,0.888889
TPC,lingauss1,1.5,14,1.0,0.0,1.0
TPC,lingauss1,1.5,15,1.0,0.0,1.0
TPC,lingauss1,1.5,16,1.0,0.0,1.0
TPC,lingauss1,1.5,17,1.0,0.0,1.0
TPC,lingauss1,1.5,18,1.0,0.0,1.0
TPC,lingauss1,1.5,19,1.0,0.0,1.0
TPC,lingauss1,1.5,20,1.0,0.0,1.0
TPC,lingauss1,1.5,21,1.0,0.0,1.0
TPC,lingauss1,1.5,22,1.0,0.111111,0.888889
TPC,lingauss1,1.5,23,1.0,0.0,1.0
TPC,lingauss1,1.5,24,1.0,0.111111,0.888889
TPC,lingauss1,1.5,25,1.0,0.111111,0.888889
TPC,lingauss1,1.5,26,1.0,0.0,1.0
TPC,lingauss1,1.5,27,1.0,0.0,1.0
TPC,lingauss1,1.5,28,1.0,0.0,1.0
TPC,lingauss1,1.5,29,1.0,0.222222,0.777778
TPC,lingauss1,1.5,30,1.0,0.0,1.0
TPC,lingauss1,1.5,31,1.0,0.0,1.0
TPC,lingauss1,1.5,32,1.0,0.0,1.0
TPC,lingauss1,1.5,33,1.0,0.0,1.0
TPC,lingauss1,1.5,34,1.0,0.0,1.0
TPC,lingauss1,1.5,35,1.0,0.0,1.0
TPC,lingauss1,1.5,36,1.0,0.0,1.0
TPC,lingauss1,1.5,37,1.0,0.0,1.0
TPC,lingauss1,1.5,38,1.0,0.0,1.0
TPC,lingauss1,1.5,39,1.0,0.0,1.0
TPC,lingauss1,1.5,40,1.0,0.222222,0.777778
TPC,lingauss1,1.5,41,1.0,0.0,1.0
TPC,lingauss1,1.5,42,1.0,0.0,1.0
TPC,lingauss1,1.5,43,1.0,0.222222,0.777778
TPC,lingauss1,1.5,44,1.0,0.0,1.0
TPC,lingauss1,1.5,45,1.0,0.0,1.0
TPC,lingauss1,1.5,46,1.0,0.0,1.0
TPC,lingauss1,1.5,47,1.0,0.0,1.0
TPC,lingauss1,1.5,48,1.0,0.0,1.0
TPC,lingauss1,1.5,49,1.0,0.0,1.0
TPC,lingauss1,2.0,0,1.0,0.0,1.0
TPC,lingauss1,2.0,1,1.0,0.0,1.0
TPC,lingauss1,2.0,2,1.0,0.0,1.0
TPC,lingauss1,2.0,3,1.0,0.0,1.0
TPC,lingauss1,2.0,4,1.0,0.0,1.0
TPC,lingauss1,2.0,5,1.0,0.0,1.0
TPC,lingauss1,2.0,6,1.0,0.0,1.0
TPC,lingauss1,2.0,7,1.0,0.0,1.0
TPC,lingauss1,2.0,8,1.0,0.0,1.0
TPC,lingauss1,2.0,9,1.0,0.0,1.0
TPC,lingauss1,2.0,10,1.0,0.0,1.0
TPC,lingauss1,2.0,11,1.0,0.0,1.0
TPC,lingauss1,2.0,12,1.0,0.0,1.0
TPC,lingauss1,2.0,13,1.0,0.111111,0.888889
TPC,lingauss1,2.0,14,1.0,0.0,1.0
TPC,lingauss1,2.0,15,1.0,0.0,1.0
TPC,lingauss1,2.0,16,1.0,0.0,1.0
TPC,lingauss1,2.0,17,1.0,0.0,1.0
TPC,lingauss1,2.0,18,1.0,0.0,1.0
TPC,lingauss1,2.0,19,1.0,0.0,1.0
TPC,lingauss1,2.0,20,1.0,0.0,1.0
TPC,lingauss1,2.0,21,1.0,0.0,1.0
TPC,lingauss1,2.0,22,1.0,0.111111,0.888889
TPC,lingauss1,2.0,23,1.0,0.0,1.0
TPC,lingauss1,2.0,24,1.0,0.111111,0.888889
TPC,lingauss1,2.0,25,1.0,0.111111,0.888889
TPC,lingauss1,2.0,26,1.0,0.0,1.0
TPC,lingauss1,2.0,27,1.0,0.0,1.0
TPC,lingauss1,2.0,28,1.0,0.0,1.0
TPC,lingauss1,2.0,29,1.0,0.222222,0.777778
TPC,lingauss1,2.0,30,1.0,0.0,1.0
TPC,lingauss1,2.0,31,1.0,0.0,1.0
TPC,lingauss1,2.0,32,1.0,0.0,1.0
TPC,lingauss1,2.0,33,1.0,0.0,1.0
TPC,lingauss1,2.0,34,1.0,0.0,1.0
TPC,lingauss1,2.0,35,1.0,0.0,1.0
TPC,lingauss1,2.0,36,1.0,0.0,1.0
TPC,lingauss1,2.0,37,1.0,0.0,1.0
TPC,lingauss1,2.0,38,1.0,0.0,1.0
TPC,lingauss1,2.0,39,1.0,0.0,1.0
TPC,lingauss1,2.0,40,1.0,0.222222,0.777778
TPC,lingauss1,2.0,41,1.0,0.0,1.0
TPC,lingauss1,2.0,42,1.0,0.0,1.0
TPC,lingauss1,2.0,43,1.0,0.0,1.0
TPC,lingauss1,2.0,44,1.0,0.0,1.0
TPC,lingauss1,2.0,45,1.0,0.0,1.0
TPC,lingauss1,2.0,46,1.0,0.0,1.0
TPC,lingauss1,2.0,47,1.0,0.0,1.0
TPC,lingauss1,2.0,48,1.0,0.0,1.0
TPC,lingauss1,2.0,49,1.0,0.0,1.0
TPC,lingauss1,2.5,0,1.0,0.0,1.0
TPC,lingauss1,2.5,1,1.0,0.0,1.0
TPC,lingauss1,2.5,2,1.0,0.0,1.0
TPC,lingauss1,2.5,3,1.0,0.0,1.0
TPC,lingauss1,2.5,4,1.0,0.0,1.0
TPC,lingauss1,2.5,5,1.0,0.0,1.0
TPC,lingauss1,2.5,6,1.0,0.0,1.0
TPC,lingauss1,2.5,7,1.0,0.0,1.0
TPC,lingauss1,2.5,8,1.0,0.0,1.0
TPC,lingauss1,2.5,9,1.0,0.0,1.0
TPC,lingauss1,2.5,10,1.0,0.0,1.0
TPC,lingauss1,2.5,11,1.0,0.0,1.0
TPC,lingauss1,2.5,12,1.0,0.0,1.0
TPC,lingauss1,2.5,13,1.0,0.111111,0.888889
TPC,lingauss1,2.5,14,1.0,0.0,1.0
TPC,lingauss1,2.5,15,1.0,0.0,1.0
TPC,lingauss1,2.5,16,1.0,0.0,1.0
TPC,lingauss1,2.5,17,1.0,0.0,1.0
TPC,lingauss1,2.5,18,1.0,0.0,1.0
TPC,lingauss1,2.5,19,1.0,0.0,1.0
TPC,lingauss1,2.5,20,1.0,0.0,1.0
TPC,lingauss1,2.5,21,1.0,0.0,1.0
TPC,lingauss1,2.5,22,1.0,0.111111,0.888889
TPC,lingauss1,2.5,23,1.0,0.0,1.0
TPC,lingauss1,2.5,24,1.0,0.111111,0.888889
TPC,lingauss1,2.5,25,1.0,0.111111,0.888889
TPC,lingauss1,2.5,26,1.0,0.0,1.0
TPC,lingauss1,2.5,27,1.0,0.0,1.0
TPC,lingauss1,2.5,28,1.0,0.0,1.0
TPC,lingauss1,2.5,29,1.0,0.222222,0.777778
TPC,lingauss1,2.5,30,1.0,0.0,1.0
TPC,lingauss1,2.5,31,1.0,0.0,1.0
TPC,lingauss1,2.5,32,1.0,0.0,1.0
TPC,lingauss1,2.5,33,1.0,0.0,1.0
TPC,lingauss1,2.5,34,1.0,0.0,1.0
TPC,lingauss1,2.5,35,1.0,0.0,1.0
TPC,lingauss1,2.5,36,1.0,0.0,1.0
TPC,lingauss1,2.5,37,1.0,0.0,1.0
TPC,lingauss1,2.5,38,1.0,0.0,1.0
TPC,lingauss1,2.5,39,1.0,0.0,1.0
TPC,lingauss1,2.5,40,1.0,0.222222,0.777778
TPC,lingauss1,2.5,41,1.0,0.0,1.0
TPC,lingauss1,2.5,42,1.0,0.0,1.0
TPC,lingauss1,2.5,43,1.0,0.0,1.0
TPC,lingauss1,2.5,44,1.0,0.0,1.0
TPC,lingauss1,2.5,45,1.0,0.0,1.0
TPC,lingauss1,2.5,46,1.0,0.0,1.0
TPC,lingauss1,2.5,47,1.0,0.0,1.0
TPC,lingauss1,2.5,48,1.0,0.0,1.0
TPC,lingauss1,2.5,49,1.0,0.0,1.0
TPC,lingauss1,3.0,0,1.0,0.0,1.0
TPC,lingauss1,3.0,1,1.0,0.0,1.0
TPC,lingauss1,3.0,2,1.0,0.0,1.0
TPC,lingauss1,3.0,3,1.0,0.0,1.0
TPC,lingauss1,3.0,4,1.0,0.0,1.0
TPC,lingauss1,3.0,5,1.0,0.0,1.0
TPC,lingauss1,3.0,6,1.0,0.0,1.0
TPC,lingauss1,3.0,7,1.0,0.0,1.0
TPC,lingauss1,3.0,8,1.0,0.0,1.0
TPC,lingauss1,3.0,9,1.0,0.0,1.0
TPC,lingauss1,3.0,10,1.0,0.0,1.0
TPC,lingauss1,3.0,11,1.0,0.0,1.0
TPC,lingauss1,3.0,12,1.0,0.0,1.0
TPC,lingauss1,3.0,13,1.0,0.111111,0.888889
TPC,lingauss1,3.0,14,1.0,0.0,1.0
TPC,lingauss1,3.0,15,1.0,0.0,1.0
TPC,lingauss1,3.0,16,1.0,0.0,1.0
TPC,lingauss1,3.0,17,1.0,0.0,1.0
TPC,lingauss1,3.0,18,1.0,0.0,1.0
TPC,lingauss1,3.0,19,1.0,0.0,1.0
TPC,lingauss1,3.0,20,1.0,0.0,1.0
TPC,lingauss1,3.0,21,1.0,0.0,1.0
TPC,lingauss1,3.0,22,1.0,0.111111,0.888889
TPC,lingauss1,3.0,23,1.0,0.0,1.0
TPC,lingauss1,3.0,24,1.0,0.111111,0.888889
TPC,lingauss1,3.0,25,1.0,0.111111,0.888889
TPC,lingauss1,3.0,26,1.0,0.0,1.0
TPC,lingauss1,3.0,27,1.0,0.0,1.0
TPC,lingauss1,3.0,28,1.0,0.0,1.0
TPC,lingauss1,3.0,29,1.0,0.222222,0.777778
TPC,lingauss1,3.0,30,1.0,0.0,1.0
TPC,lingauss1,3.0,31,1.0,0.0,1.0
TPC,lingauss1,3.0,32,1.0,0.0,1.0
TPC,lingauss1,3.0,33,1.0,0.0,1.0
TPC,lingauss1,3.0,34,1.0,0.0,1.0
TPC,lingauss1,3.0,35,1.0,0.0,1.0
TPC,lingauss1,3.0,36,1.0,0.0,1.0
TPC,lingauss1,3.0,37,1.0,0.0,1.0
TPC,lingauss1,3.0,38,1.0,0.0,1.0
TPC,lingauss1,3.0,39,1.0,0.0,1.0
TPC,lingauss1,3.0,40,1.0,0.222222,0.777778
TPC,lingauss1,3.0,41,1.0,0.0,1.0
TPC,lingauss1,3.0,42,1.0,0.0,1.0
TPC,lingauss1,3.0,43,1.0,0.0,1.0
TPC,lingauss1,3.0,44,1.0,0.0,1.0
TPC,lingauss1,3.0,45,1.0,0.0,1.0
TPC,lingauss1,3.0,46,1.0,0.0,1.0
TPC,lingauss1,3.0,47,1.0,0.0,1.0
TPC,lingauss1,3.0,48,1.0,0.0,1.0
TPC,lingauss1,3.0,49,1.0,0.0,1.0
TPC,lingauss1,3.5,0,1.0,0.0,1.0
TPC,lingauss1,3.5,1,1.0,0.0,1.0
TPC,lingauss1,3.5,2,1.0,0.0,1.0
TPC,lingauss1,3.5,3,1.0,0.0,1.0
TPC,lingauss1,3.5,4,1.0,0.0,1.0
TPC,lingauss1,3.5,5,1.0,0.0,1.0
TPC,lingauss1,3.5,6,1.0,0.0,1.0
TPC,lingauss1,3.5,7,1.0,0.0,1.0
TPC,lingauss1,3.5,8,1.0,0.0,1.0
TPC,lingauss1,3.5,9,1.0,0.0,1.0
TPC,lingauss1,3.5,10,1.0,0.0,1.0
TPC,lingauss1,3.5,11,1.0,0.0,1.0
TPC,lingauss1,3.5,12,1.0,0.0,1.0
TPC,lingauss1,3.5,13,1.0,0.111111,0.888889
TPC,lingauss1,3.5,14,1.0,0.0,1.0
TPC,lingauss1,3.5,15,1.0,0.0,1.0
TPC,lingauss1,3.5,16,1.0,0.0,1.0
TPC,lingauss1,3.5,17,1.0,0.0,1.0
TPC,lingauss1,3.5,18,1.0,0.0,1.0
TPC,lingauss1,3.5,19,1.0,0.0,1.0
TPC,lingauss1,3.5,20,1.0,0.0,1.0
TPC,lingauss1,3.5,21,1.0,0.0,1.0
TPC,lingauss1,3.5,22,1.0,0.111111,0.888889
TPC,lingauss1,3.5,23,1.0,0.0,1.0
TPC,lingauss1,3.5,24,1.0,0.111111,0.888889
TPC,lingauss1,3.5,25,1.0,0.111111,0.888889
TPC,lingauss1,3.5,26,1.0,0.0,1.0
TPC,lingauss1,3.5,27,1.0,0.0,1.0
TPC,lingauss1,3.5,28,1.0,0.0,1.0
TPC,lingauss1,3.5,29,1.0,0.222222,0.777778
TPC,lingauss1,3.5,30,1.0,0.0,1.0
TPC,lingauss1,3.5,31,1.0,0.0,1.0
TPC,lingauss1,3.5,32,1.0,0.0,1.0
TPC,lingauss1,3.5,33,1.0,0.0,1.0
TPC,lingauss1,3.5,34,1.0,0.0,1.0
TPC,lingauss1,3.5,35,1.0,0.0,1.0
TPC,lingauss1,3.5,36,1.0,0.0,1.0
TPC,lingauss1,3.5,37,1.0,0.0,1.0
TPC,lingauss1,3.5,38,1.0,0.0,1.0
TPC,lingauss1,3.5,39,1.0,0.0,1.0
TPC,lingauss1,3.5,40,1.0,0.222222,0.777778
TPC,lingauss1,3.5,41,1.0,0.0,1.0
TPC,lingauss1,3.5,42,1.0,0.0,1.0
TPC,lingauss1,3.5,43,1.0,0.0,1.0
TPC,lingauss1,3.5,44,1.0,0.0,1.0
TPC,lingauss1,3.5,45,1.0,0.0,1.0
TPC,lingauss1,3.5,46,1.0,0.0,1.0
TPC,lingauss1,3.5,47,1.0,0.0,1.0
TPC,lingauss1,3.5,48,1.0,0.0,1.0
TPC,lingauss1,3.5,49,1.0,0.0,1.0
TPC,lingauss2,0.1,0,1.0,0.25,0.75
TPC,lingauss2,0.1,1,0.75,0.25,0.5
TPC,lingauss2,0.1,2,1.0,0.25,0.75
TPC,lingauss2,0.1,3,1.0,0.25,0.75
TPC,lingauss2,0.1,4,1.0,0.375,0.625
TPC,lingauss2,0.1,5,0.75,0.125,0.625
TPC,lingauss2,0.1,6,1.0,0.125,0.875
TPC,lingauss2,0.1,7,1.0,0.25,0.75
TPC,lingauss2,0.1,8,1.0,0.25,0.75
TPC,lingauss2,0.1,9,1.0,0.25,0.75
TPC,lingauss2,0.1,10,0.75,0.125,0.625
TPC,lingauss2,0.1,11,1.0,0.25,0.75
TPC,lingauss2,0.1,12,1.0,0.25,0.75
TPC,lingauss2,0.1,13,1.0,0.25,0.75
TPC,lingauss2,0.1,14,1.0,0.25,0.75
TPC,lingauss2,0.1,15,1.0,0.25,0.75
TPC,lingauss2,0.1,16,1.0,0.25,0.75
TPC,lingauss2,0.1,17,1.0,0.25,0.75
TPC,lingauss2,0.1,18,1.0,0.25,0.75
TPC,lingauss2,0.1,19,1.0,0.25,0.75
TPC,lingauss2,0.1,20,1.0,0.25,0.75
TPC,lingauss2,0.1,21,1.0,0.25,0.75
TPC,lingauss2,0.1,22,1.0,0.25,0.75
TPC,lingauss2,0.1,23,0.75,0.125,0.625
TPC,lingauss2,0.1,24,1.0,0.25,0.75
TPC,lingauss2,0.1,25,0.75,0.125,0.625
TPC,lingauss2,0.1,26,1.0,0.25,0.75
TPC,lingauss2,0.1,27,1.0,0.25,0.75
TPC,lingauss2,0.1,28,1.0,0.125,0.875
TPC,lingauss2,0.1,29,1.0,0.25,0.75
TPC,lingauss2,0.1,30,0.75,0.125,0.625
TPC,lingauss2,0.1,31,0.75,0.125,0.625
TPC,lingauss2,0.1,32,1.0,0.0,1.0
TPC,lingauss2,0.1,33,1.0,0.25,0.75
TPC,lingauss2,0.1,34,1.0,0.25,0.75
TPC,lingauss2,0.1,35,1.0,0.25,0.75
TPC,lingauss2,0.1,36,1.0,0.375,0.625
TPC,lingauss2,0.1,37,1.0,0.25,0.75
TPC,lingauss2,0.1,38,1.0,0.25,0.75
TPC,lingauss2,0.1,39,0.75,0.25,0.5
TPC,lingauss2,0.1,40,1.0,0.25,0.75
TPC,lingauss2,0.1,41,1.0,0.375,0.625
TPC,lingauss2,0.1,42,1.0,0.25,0.75
TPC,lingauss2,0.1,43,1.0,0.25,0.75
TPC,lingauss2,0.1,44,1.0,0.25,0.75
TPC,lingauss2,0.1,45,1.0,0.25,0.75
TPC,lingauss2,0.1,46,1.0,0.25,0.75
TPC,lingauss2,0.1,47,1.0,0.25,0.75
TPC,lingauss2,0.1,48,1.0,0.25,0.75
TPC,lingauss2,0.1,49,1.0,0.25,0.75
TPC,lingauss2,0.5,0,1.0,0.25,0.75
TPC,lingauss2,0.5,1,1.0,0.25,0.75
TPC,lingauss2,0.5,2,1.0,0.25,0.75
TPC,lingauss2,0.5,3,1.0,0.25,0.75
TPC,lingauss2,0.5,4,1.0,0.25,0.75
TPC,lingauss2,0.5,5,1.0,0.0,1.0
TPC,lingauss2,0.5,6,1.0,0.25,0.75
TPC,lingauss2,0.5,7,1.0,0.25,0.75
TPC,lingauss2,0.5,8,1.0,0.25,0.75
TPC,lingauss2,0.5,9,1.0,0.25,0.75
TPC,lingauss2,0.5,10,1.0,0.25,0.75
TPC,lingauss2,0.5,11,1.0,0.25,0.75
TPC,lingauss2,0.5,12,1.0,0.25,0.75
TPC,lingauss2,0.5,13,1.0,0.25,0.75
TPC,lingauss2,0.5,14,1.0,0.25,0.75
TPC,lingauss2,0.5,15,1.0,0.25,0.75
TPC,lingauss2,0.5,16,1.0,0.25,0.75
TPC,lingauss2,0.5,17,1.0,0.25,0.75
TPC,lingauss2,0.5,18,1.0,0.25,0.75
TPC,lingauss2,0.5,19,1.0,0.25,0.75
TPC,lingauss2,0.5,20,1.0,0.25,0.75
TPC,lingauss2,0.5,21,1.0,0.25,0.75
TPC,lingauss2,0.5,22,1.0,0.25,0.75
TPC,lingauss2,0.5,23,1.0,0.25,0.75
TPC,lingauss2,0.5,24,1.0,0.25,0.75
TPC,lingauss2,0.5,25,1.0,0.25,0.75
TPC,lingauss2,0.5,26,1.0,0.25,0.75
TPC,lingauss2,0.5,27,1.0,0.25,0.75
TPC,lingauss2,0.5,28,1.0,0.25,0.75
TPC,lingauss2,0.5,29,1.0,0.25,0.75
TPC,lingauss2,0.5,30,1.0,0.25,0.75
TPC,lingauss2,0.5,31,1.0,0.25,0.75
TPC,lingauss2,0.5,32,1.0,0.0,1.0
TPC,lingauss2,0.5,33,1.0,0.25,0.75
TPC,lingauss2,0.5,34,1.0,0.25,0.75
TPC,lingauss2,0.5,35,1.0,0.25,0.75
TPC,lingauss2,0.5,36,1.0,0.25,0.75
TPC,lingauss2,0.5,37,1.0,0.25,0.75
TPC,lingauss2,0.5,38,1.0,0.25,0.75
TPC,lingauss2,0.5,39,1.0,0.25,0.75
TPC,lingauss2,0.5,40,1.0,0.25,0.75
TPC,lingauss2,0.5,41,1.0,0.25,0.75
TPC,lingauss2,0.5,42,1.0,0.25,0.75
TPC,lingauss2,0.5,43,1.0,0.25,0.75
TPC,lingauss2,0.5,44,1.0,0.25,0.75
TPC,lingauss2,0.5,45,1.0,0.25,0.75
TPC,lingauss2,0.5,46,1.0,0.25,0.75
TPC,lingauss2,0.5,47,1.0,0.25,0.75
TPC,lingauss2,0.5,48,1.0,0.25,0.75
TPC,lingauss2,0.5,49,1.0,0.25,0.75
TPC,lingauss2,1.0,0,1.0,0.25,0.75
TPC,lingauss2,1.0,1,1.0,0.25,0.75
TPC,lingauss2,1.0,2,1.0,0.25,0.75
TPC,lingauss2,1.0,3,1.0,0.25,0.75
TPC,lingauss2,1.0,4,1.0,0.125,0.875
TPC,lingauss2,1.0,5,1.0,0.0,1.0
TPC,lingauss2,1.0,6,1.0,0.25,0.75
TPC,lingauss2,1.0,7,1.0,0.25,0.75
TPC,lingauss2,1.0,8,1.0,0.25,0.75
TPC,lingauss2,1.0,9,1.0,0.25,0.75
TPC,lingauss2,1.0,10,1.0,0.25,0.75
TPC,lingauss2,1.0,11,1.0,0.25,0.75
TPC,lingauss2,1.0,12,1.0,0.25,0.75
TPC,lingauss2,1.0,13,1.0,0.25,0.75
TPC,lingauss2,1.0,14,1.0,0.25,0.75
TPC,lingauss2,1.0,15,1.0,0.25,0.75
TPC,lingauss2,1.0,16,1.0,0.25,0.75
TPC,lingauss2,1.0,17,1.0,0.25,0.75
TPC,lingauss2,1.0,18,1.0,0.25,0.75
TPC,lingauss2,1.0,19,1.0,0.25,0.75
TPC,lingauss2,1.0,20,1.0,0.25,0.75
TPC,lingauss2,1.0,21,1.0,0.25,0.75
TPC,lingauss2,1.0,22,1.0,0.25,0.75
TPC,lingauss2,1.0,23,1.0,0.25,0.75
TPC,lingauss2,1.0,24,1.0,0.25,0.75
TPC,lingauss2,1.0,25,1.0,0.25,0.75
TPC,lingauss2,1.0,26,1.0,0.25,0.75
TPC,lingauss2,1.0,27,1.0,0.25,0.75
TPC,lingauss2,1.0,28,1.0,0.25,0.75
TPC,lingauss2,1.0,29,1.0,0.25,0.75
TPC,lingauss2,1.0,30,1.0,0.25,0.75
TPC,lingauss2,1.0,31,1.0,0.25,0.75
TPC,lingauss2,1.0,32,1.0,0.0,1.0
TPC,lingauss2,1.0,33,1.0,0.25,0.75
TPC,lingauss2,1.0,34,1.0,0.25,0.75
TPC,lingauss2,1.0,35,1.0,0.25,0.75
TPC,lingauss2,1.0,36,1.0,0.25,0.75
TPC,lingauss2,1.0,37,1.0,0.25,0.75
TPC,lingauss2,1.0,38,1.0,0.25,0.75
TPC,lingauss2,1.0,39,1.0,0.25,0.75
TPC,lingauss2,1.0,40,1.0,0.25,0.75
TPC,lingauss2,1.0,41,1.0,0.25,0.75
TPC,lingauss2,1.0,42,1.0,0.25,0.75
TPC,lingauss2,1.0,43,1.0,0.25,0.75
TPC,lingauss2,1.0,44,1.0,0.25,0.75
TPC,lingauss2,1.0,45,1.0,0.25,0.75
TPC,lingauss2,1.0,46,1.0,0.25,0.75
TPC,lingauss2,1.0,47,1.0,0.25,0.75
TPC,lingauss2,1.0,48,1.0,0.25,0.75
TPC,lingauss2,1.0,49,1.0,0.25,0.75
TPC,lingauss2,1.5,0,1.0,0.25,0.75
TPC,lingauss2,1.5,1,1.0,0.25,0.75
TPC,lingauss2,1.5,2,1.0,0.25,0.75
TPC,lingauss2,1.5,3,1.0,0.25,0.75
TPC,lingauss2,1.5,4,1.0,0.125,0.875
TPC,lingauss2,1.5,5,1.0,0.0,1.0
TPC,lingauss2,1.5,6,1.0,0.25,0.75
TPC,lingauss2,1.5,7,1.0,0.25,0.75
TPC,lingauss2,1.5,8,1.0,0.25,0.75
TPC,lingauss2,1.5,9,1.0,0.25,0.75
TPC,lingauss2,1.5,10,1.0,0.25,0.75
TPC,lingauss2,1.5,11,1.0,0.25,0.75
TPC,lingauss2,1.5,12,1.0,0.25,0.75
TPC,lingauss2,1.5,13,1.0,0.25,0.75
TPC,lingauss2,1.5,14,1.0,0.25,0.75
TPC,lingauss2,1.5,15,1.0,0.25,0.75
TPC,lingauss2,1.5,16,1.0,0.25,0.75
TPC,lingauss2,1.5,17,1.0,0.25,0.75
TPC,lingauss2,1.5,18,1.0,0.25,0.75
TPC,lingauss2,1.5,19,1.0,0.25,0.75
TPC,lingauss2,1.5,20,1.0,0.25,0.75
TPC,lingauss2,1.5,21,1.0,0.25,0.75
TPC,lingauss2,1.5,22,1.0,0.25,0.75
TPC,lingauss2,1.5,23,1.0,0.25,0.75
TPC,lingauss2,1.5,24,1.0,0.25,0.75
TPC,lingauss2,1.5,25,1.0,0.25,0.75
TPC,lingauss2,1.5,26,1.0,0.25,0.75
TPC,lingauss2,1.5,27,1.0,0.25,0.75
TPC,lingauss2,1.5,28,1.0,0.25,0.75
TPC,lingauss2,1.5,29,1.0,0.25,0.75
TPC,lingauss2,1.5,30,1.0,0.25,0.75
TPC,lingauss2,1.5,31,1.0,0.25,0.75
TPC,lingauss2,1.5,32,1.0,0.0,1.0
TPC,lingauss2,1.5,33,1.0,0.25,0.75
TPC,lingauss2,1.5,34,1.0,0.25,0.75
TPC,lingauss2,1.5,35,1.0,0.25,0.75
TPC,lingauss2,1.5,36,1.0,0.25,0.75
TPC,lingauss2,1.5,37,1.0,0.25,0.75
TPC,lingauss2,1.5,38,1.0,0.25,0.75
TPC,lingauss2,1.5,39,1.0,0.25,0.75
TPC,lingauss2,1.5,40,1.0,0.25,0.75
TPC,lingauss2,1.5,41,1.0,0.25,0.75
TPC,lingauss2,1.5,42,1.0,0.25,0.75
TPC,lingauss2,1.5,43,1.0,0.25,0.75
TPC,lingauss2,1.5,44,1.0,0.25,0.75
TPC,lingauss2,1.5,45,1.0,0.25,0.75
TPC,lingauss2,1.5,46,1.0,0.25,0.75
TPC,lingauss2,1.5,47,1.0,0.25,0.75
TPC,lingauss2,1.5,48,1.0,0.25,0.75
TPC,lingauss2,1.5,49,1.0,0.25,0.75
TPC,lingauss2,2.0,0,1.0,0.25,0.75
TPC,lingauss2,2.0,1,1.0,0.25,0.75
TPC,lingauss2,2.0,2,1.0,0.25,0.75
TPC,lingauss2,2.0,3,1.0,0.25,0.75
TPC,lingauss2,2.0,4,1.0,0.125,0.875
TPC,lingauss2,2.0,5,1.0,0.0,1.0
TPC,lingauss2,2.0,6,1.0,0.25,0.75
TPC,lingauss2,2.0,7,1.0,0.25,0.75
TPC,lingauss2,2.0,8,1.0,0.25,0.75
TPC,lingauss2,2.0,9,1.0,0.25,0.75
TPC,lingauss2,2.0,10,1.0,0.25,0.75
TPC,lingauss2,2.0,11,1.0,0.25,0.75
TPC,lingauss2,2.0,12,1.0,0.25,0.75
TPC,lingauss2,2.0,13,1.0,0.25,0.75
TPC,lingauss2,2.0,14,1.0,0.25,0.75
TPC,lingauss2,2.0,15,1.0,0.25,0.75
TPC,lingauss2,2.0,16,1.0,0.25,0.75
TPC,lingauss2,2.0,17,1.0,0.25,0.75
TPC,lingauss2,2.0,18,1.0,0.25,0.75
TPC,lingauss2,2.0,19,1.0,0.25,0.75
TPC,lingauss2,2.0,20,1.0,0.25,0.75
TPC,lingauss2,2.0,21,1.0,0.25,0.75
TPC,lingauss2,2.0,22,1.0,0.25,0.75
TPC,lingauss2,2.0,23,1.0,0.25,0.75
TPC,lingauss2,2.0,24,1.0,0.25,0.75
TPC,lingauss2,2.0,25,1.0,0.25,0.75
TPC,lingauss2,2.0,26,1.0,0.25,0.75
TPC,lingauss2,2.0,27,1.0,0.25,0.75
TPC,lingauss2,2.0,28,1.0,0.25,0.75
TPC,lingauss2,2.0,29,1.0,0.25,0.75
TPC,lingauss2,2.0,30,1.0,0.25,0.75
TPC,lingauss2,2.0,31,1.0,0.25,0.75
TPC,lingauss2,2.0,32,1.0,0.0,1.0
TPC,lingauss2,2.0,33,1.0,0.25,0.75
TPC,lingauss2,2.0,34,1.0,0.25,0.75
TPC,lingauss2,2.0,35,1.0,0.25,0.75
TPC,lingauss2,2.0,36,1.0,0.25,0.75
TPC,lingauss2,2.0,37,1.0,0.25,0.75
TPC,lingauss2,2.0,38,1.0,0.25,0.75
TPC,lingauss2,2.0,39,1.0,0.25,0.75
TPC,lingauss2,2.0,40,1.0,0.25,0.75
TPC,lingauss2,2.0,41,1.0,0.25,0.75
TPC,lingauss2,2.0,42,1.0,0.25,0.75
TPC,lingauss2,2.0,43,1.0,0.25,0.75
TPC,lingauss2,2.0,44,1.0,0.25,0.75
TPC,lingauss2,2.0,45,1.0,0.25,0.75
TPC,lingauss2,2.0,46,1.0,0.25,0.75
TPC,lingauss2,2.0,47,1.0,0.25,0.75
TPC,lingauss2,2.0,48,1.0,0.25,0.75
TPC,lingauss2,2.0,49,1.0,0.25,0.75
TPC,lingauss2,2.5,0,1.0,0.25,0.75
TPC,lingauss2,2.5,1,1.0,0.25,0.75
TPC,lingauss2,2.5,2,1.0,0.25,0.75
TPC,lingauss2,2.5,3,1.0,0.25,0.75
TPC,lingauss2,2.5,4,1.0,0.125,0.875
TPC,lingauss2,2.5,5,1.0,0.0,1.0
TPC,lingauss2,2.5,6,1.0,0.25,0.75
TPC,lingauss2,2.5,7,1.0,0.25,0.75
TPC,lingauss2,2.5,8,1.0,0.25,0.75
TPC,lingauss2,2.5,9,1.0,0.25,0.75
TPC,lingauss2,2.5,10,1.0,0.25,0.75
TPC,lingauss2,2.5,11,1.0,0.25,0.75
TPC,lingauss2,2.5,12,1.0,0.25,0.75
TPC,lingauss2,2.5,13,1.0,0.25,0.75
TPC,lingauss2,2.5,14,1.0,0.25,0.75
TPC,lingauss2,2.5,15,1.0,0.25,0.75
TPC,lingauss2,2.5,16,1.0,0.25,0.75
TPC,lingauss2,2.5,17,1.0,0.25,0.75
TPC,lingauss2,2.5,18,1.0,0.25,0.75
TPC,lingauss2,2.5,19,1.0,0.25,0.75
TPC,lingauss2,2.5,20,1.0,0.25,0.75
TPC,lingauss2,2.5,21,1.0,0.25,0.75
TPC,lingauss2,2.5,22,1.0,0.25,0.75
TPC,lingauss2,2.5,23,1.0,0.25,0.75
TPC,lingauss2,2.5,24,1.0,0.25,0.75
TPC,lingauss2,2.5,25,1.0,0.25,0.75
TPC,lingauss2,2.5,26,1.0,0.25,0.75
TPC,lingauss2,2.5,27,1.0,0.25,0.75
TPC,lingauss2,2.5,28,1.0,0.25,0.75
TPC,lingauss2,2.5,29,1.0,0.25,0.75
TPC,lingauss2,2.5,30,1.0,0.25,0.75
TPC,lingauss2,2.5,31,1.0,0.25,0.75
TPC,lingauss2,2.5,32,1.0,0.0,1.0
TPC,lingauss2,2.5,33,1.0,0.25,0.75
TPC,lingauss2,2.5,34,1.0,0.25,0.75
TPC,lingauss2,2.5,35,1.0,0.25,0.75
TPC,lingauss2,2.5,36,1.0,0.25,0.75
TPC,lingauss2,2.5,37,1.0,0.25,0.75
TPC,lingauss2,2.5,38,1.0,0.25,0.75
TPC,lingauss2,2.5,39,1.0,0.25,0.75
TPC,lingauss2,2.5,40,1.0,0.25,0.75
TPC,lingauss2,2.5,41,1.0,0.25,0.75
TPC,lingauss2,2.5,42,1.0,0.25,0.75
TPC,lingauss2,2.5,43,1.0,0.25,0.75
TPC,lingauss2,2.5,44,1.0,0.25,0.75
TPC,lingauss2,2.5,45,1.0,0.25,0.75
TPC,lingauss2,2.5,46,1.0,0.25,0.75
TPC,lingauss2,2.5,47,1.0,0.25,0.75
TPC,lingauss2,2.5,48,1.0,0.25,0.75
TPC,lingauss2,2.5,49,1.0,0.25,0.75
TPC,lingauss2,3.0,0,1.0,0.25,0.75
TPC,lingauss2,3.0,1,1.0,0.25,0.75
TPC,lingauss2,3.0,2,1.0,0.25,0.75
TPC,lingauss2,3.0,3,1.0,0.25,0.75
TPC,lingauss2,3.0,4,1.0,0.125,0.875
TPC,lingauss2,3.0,5,1.0,0.0,1.0
TPC,lingauss2,3.0,6,1.0,0.25,0.75
TPC,lingauss2,3.0,7,1.0,0.25,0.75
TPC,lingauss2,3.0,8,1.0,0.25,0.75
TPC,lingauss2,3.0,9,1.0,0.25,0.75
TPC,lingauss2,3.0,10,1.0,0.25,0.75
TPC,lingauss2,3.0,11,1.0,0.25,0.75
TPC,lingauss2,3.0,12,1.0,0.25,0.75
TPC,lingauss2,3.0,13,1.0,0.25,0.75
TPC,lingauss2,3.0,14,1.0,0.25,0.75
TPC,lingauss2,3.0,15,1.0,0.25,0.75
TPC,lingauss2,3.0,16,1.0,0.25,0.75
TPC,lingauss2,3.0,17,1.0,0.25,0.75
TPC,lingauss2,3.0,18,1.0,0.25,0.75
TPC,lingauss2,3.0,19,1.0,0.25,0.75
TPC,lingauss2,3.0,20,1.0,0.25,0.75
TPC,lingauss2,3.0,21,1.0,0.25,0.75
TPC,lingauss2,3.0,22,1.0,0.25,0.75
TPC,lingauss2,3.0,23,1.0,0.25,0.75
TPC,lingauss2,3.0,24,1.0,0.25,0.75
TPC,lingauss2,3.0,25,1.0,0.25,0.75
TPC,lingauss2,3.0,26,1.0,0.25,0.75
TPC,lingauss2,3.0,27,1.0,0.25,0.75
TPC,lingauss2,3.0,28,1.0,0.25,0.75
TPC,lingauss2,3.0,29,1.0,0.25,0.75
TPC,lingauss2,3.0,30,1.0,0.25,0.75
TPC,lingauss2,3.0,31,1.0,0.25,0.75
TPC,lingauss2,3.0,32,1.0,0.0,1.0
TPC,lingauss2,3.0,33,1.0,0.25,0.75
TPC,lingauss2,3.0,34,1.0,0.25,0.75
TPC,lingauss2,3.0,35,1.0,0.25,0.75
TPC,lingauss2,3.0,36,1.0,0.25,0.75
TPC,lingauss2,3.0,37,1.0,0.25,0.75
TPC,lingauss2,3.0,38,1.0,0.25,0.75
TPC,lingauss2,3.0,39,1.0,0.25,0.75
TPC,lingauss2,3.0,40,1.0,0.25,0.75
TPC,lingauss2,3.0,41,1.0,0.25,0.75
TPC,lingauss2,3.0,42,1.0,0.25,0.75
TPC,lingauss2,3.0,43,1.0,0.25,0.75
TPC,lingauss2,3.0,44,1.0,0.25,0.75
TPC,lingauss2,3.0,45,1.0,0.25,0.75
TPC,lingauss2,3.0,46,1.0,0.25,0.75
TPC,lingauss2,3.0,47,1.0,0.25,0.75
TPC,lingauss2,3.0,48,1.0,0.25,0.75
TPC,lingauss2,3.0,49,1.0,0.25,0.75
TPC,lingauss2,3.5,0,1.0,0.25,0.75
TPC,lingauss2,3.5,1,1.0,0.25,0.75
TPC,lingauss2,3.5,2,1.0,0.25,0.75
TPC,lingauss2,3.5,3,1.0,0.25,0.75
TPC,lingauss2,3.5,4,1.0,0.125,0.875
TPC,lingauss2,3.5,5,1.0,0.0,1.0
TPC,lingauss2,3.5,6,1.0,0.25,0.75
TPC,lingauss2,3.5,7,1.0,0.25,0.75
TPC,lingauss2,3.5,8,1.0,0.25,0.75
TPC,lingauss2,3.5,9,1.0,0.25,0.75
TPC,lingauss2,3.5,10,1.0,0.25,0.75
TPC,lingauss2,3.5,11,1.0,0.25,0.75
TPC,lingauss2,3.5,12,1.0,0.25,0.75
TPC,lingauss2,3.5,13,1.0,0.25,0.75
TPC,lingauss2,3.5,14,1.0,0.25,0.75
TPC,lingauss2,3.5,15,1.0,0.25,0.75
TPC,lingauss2,3.5,16,1.0,0.25,0.75
TPC,lingauss2,3.5,17,1.0,0.25,0.75
TPC,lingauss2,3.5,18,1.0,0.25,0.75
TPC,lingauss2,3.5,19,1.0,0.25,0.75
TPC,lingauss2,3.5,20,1.0,0.25,0.75
TPC,lingauss2,3.5,21,1.0,0.25,0.75
TPC,lingauss2,3.5,22,1.0,0.25,0.75
TPC,lingauss2,3.5,23,1.0,0.25,0.75
TPC,lingauss2,3.5,24,1.0,0.25,0.75
TPC,lingauss2,3.5,25,1.0,0.25,0.75
TPC,lingauss2,3.5,26,1.0,0.25,0.75
TPC,lingauss2,3.5,27,1.0,0.25,0.75
TPC,lingauss2,3.5,28,1.0,0.25,0.75
TPC,lingauss2,3.5,29,1.0,0.25,0.75
TPC,lingauss2,3.5,30,1.0,0.25,0.75
TPC,lingauss2,3.5,31,1.0,0.25,0.75
TPC,lingauss2,3.5,32,1.0,0.0,1.0
TPC,lingauss2,3.5,33,1.0,0.25,0.75
TPC,lingauss2,3.5,34,1.0,0.25,0.75
TPC,lingauss2,3.5,35,1.0,0.25,0.75
TPC,lingauss2,3.5,36,1.0,0.25,0.75
TPC,lingauss2,3.5,37,1.0,0.25,0.75
TPC,lingauss2,3.5,38,1.0,0.25,0.75
TPC,lingauss2,3.5,39,1.0,0.25,0.75
TPC,lingauss2,3.5,40,1.0,0.25,0.75
TPC,lingauss2,3.5,41,1.0,0.25,0.75
TPC,lingauss2,3.5,42,1.0,0.25,0.75
TPC,lingauss2,3.5,43,1.0,0.25,0.75
TPC,lingauss2,3.5,44,1.0,0.25,0.75
TPC,lingauss2,3.5,45,1.0,0.25,0.75
TPC,lingauss2,3.5,46,1.0,0.25,0.75
TPC,lingauss2,3.5,47,1.0,0.25,0.75
TPC,lingauss2,3.5,48,1.0,0.25,0.75
TPC,lingauss2,3.5,49,1.0,0.25,0.75
TPC,nonlinnongauss1,0.1,0,1.0,0.222222,0.777778
TPC,nonlinnongauss1,0.1,1,1.0,0.222222,0.777778
TPC,nonlinnongauss1,0.1,2,1.0,0.222222,0.777778
TPC,nonlinnongauss1,0.1,3,1.0,0.0,1.0
TPC,nonlinnongauss1,0.1,4,0.333333,0.111111,0.222222
TPC,nonlinnongauss1,0.1,5,0.333333,0.111111,0.222222
TPC,nonlinnongauss1,0.1,6,1.0,0.222222,0.777778
TPC,nonlinnongauss1,0.1,7,1.0,0.222222,0.777778
TPC,nonlinnongauss1,0.1,8,0.666667,0.111111,0.555556
TPC,nonlinnongauss1,0.1,9,0.333333,0.111111,0.222222
TPC,nonlinnongauss1,0.1,10,0.333333,0.111111,0.222222
TPC,nonlinnongauss1,0.1,11,0.666667,0.111111,0.555556
TPC,nonlinnongauss1,0.1,12,1.0,0.222222,0.777778
TPC,nonlinnongauss1,0.1,13,0.333333,0.111111,0.222222
TPC,nonlinnongauss1,0.1,14,0.666667,0.111111,0.555556
TPC,nonlinnongauss1,0.1,15,1.0,0.222222,0.777778
TPC,nonlinnongauss1,0.1,16,1.0,0.222222,0.777778
TPC,nonlinnongauss1,0.1,17,1.0,0.222222,0.777778
TPC,nonlinnongauss1,0.1,18,1.0,0.222222,0.777778
TPC,nonlinnongauss1,0.1,19,1.0,0.222222,0.777778
TPC,nonlinnongauss1,0.1,20,1.0,0.222222,0.777778
TPC,nonlinnongauss1,0.1,21,0.666667,0.222222,0.444444
TPC,nonlinnongauss1,0.1,22,1.0,0.222222,0.777778
TPC,nonlinnongauss1,0.1,23,0.333333,0.111111,0.222222
TPC,nonlinnongauss1,0.1,24,1.0,0.222222,0.777778
TPC,nonlinnongauss1,0.1,25,1.0,0.0,1.0
TPC,nonlinnongauss1,0.1,26,1.0,0.222222,0.777778
TPC,nonlinnongauss1,0.1,27,1.0,0.222222,0.777778
TPC,nonlinnongauss1,0.1,28,0.333333,0.111111,0.222222
TPC,nonlinnongauss1,0.1,29,1.0,0.0,1.0
TPC,nonlinnongauss1,0.1,30,1.0,0.222222,0.777778
TPC,nonlinnongauss1,0.1,31,1.0,0.0,1.0
TPC,nonlinnongauss1,0.1,32,1.0,0.222222,0.777778
TPC,nonlinnongauss1,0.1,33,1.0,0.222222,0.777778
TPC,nonlinnongauss1,0.1,34,1.0,0.0,1.0
TPC,nonlinnongauss1,0.1,35,1.0,0.222222,0.777778
TPC,nonlinnongauss1,0.1,36,1.0,0.222222,0.777778
TPC,nonlinnongauss1,0.1,37,0.333333,0.111111,0.222222
TPC,nonlinnongauss1,0.1,38,1.0,0.222222,0.777778
TPC,nonlinnongauss1,0.1,39,1.0,0.222222,0.777778
TPC,nonlinnongauss1,0.1,40,0.666667,0.111111,0.555556
TPC,nonlinnongauss1,0.1,41,0.333333,0.111111,0.222222
TPC,nonlinnongauss1,0.1,42,0.0,0.111111,-0.111111
TPC,nonlinnongauss1,0.1,43,1.0,0.0,1.0
TPC,nonlinnongauss1,0.1,44,1.0,0.0,1.0
TPC,nonlinnongauss1,0.1,45,1.0,0.222222,0.777778
TPC,nonlinnongauss1,0.1,46,1.0,0.0,1.0
TPC,nonlinnongauss1,0.1,47,1.0,0.222222,0.777778
TPC,nonlinnongauss1,0.1,48,1.0,0.222222,0.777778
TPC,nonlinnongauss1,0.1,49,1.0,0.222222,0.777778
TPC,nonlinnongauss1,0.5,0,1.0,0.0,1.0
TPC,nonlinnongauss1,0.5,1,1.0,0.0,1.0
TPC,nonlinnongauss1,0.5,2,1.0,0.0,1.0
TPC,nonlinnongauss1,0.5,3,1.0,0.0,1.0
TPC,nonlinnongauss1,0.5,4,1.0,0.0,1.0
TPC,nonlinnongauss1,0.5,5,1.0,0.111111,0.888889
TPC,nonlinnongauss1,0.5,6,1.0,0.0,1.0
TPC,nonlinnongauss1,0.5,7,1.0,0.0,1.0
TPC,nonlinnongauss1,0.5,8,1.0,0.0,1.0
TPC,nonlinnongauss1,0.5,9,1.0,0.0,1.0
TPC,nonlinnongauss1,0.5,10,1.0,0.0,1.0
TPC,nonlinnongauss1,0.5,11,1.0,0.0,1.0
TPC,nonlinnongauss1,0.5,12,1.0,0.0,1.0
TPC,nonlinnongauss1,0.5,13,1.0,0.222222,0.777778
TPC,nonlinnongauss1,0.5,14,1.0,0.111111,0.888889
TPC,nonlinnongauss1,0.5,15,1.0,0.0,1.0
TPC,nonlinnongauss1,0.5,16,1.0,0.0,1.0
TPC,nonlinnongauss1,0.5,17,1.0,0.0,1.0
TPC,nonlinnongauss1,0.5,18,1.0,0.0,1.0
TPC,nonlinnongauss1,0.5,19,1.0,0.0,1.0
TPC,nonlinnongauss1,0.5,20,1.0,0.0,1.0
TPC,nonlinnongauss1,0.5,21,1.0,0.0,1.0
TPC,nonlinnongauss1,0.5,22,1.0,0.0,1.0
TPC,nonlinnongauss1,0.5,23,1.0,0.0,1.0
TPC,nonlinnongauss1,0.5,24,1.0,0.0,1.0
TPC,nonlinnongauss1,0.5,25,1.0,0.0,1.0
TPC,nonlinnongauss1,0.5,26,1.0,0.0,1.0
TPC,nonlinnongauss1,0.5,27,1.0,0.0,1.0
TPC,nonlinnongauss1,0.5,28,1.0,0.0,1.0
TPC,nonlinnongauss1,0.5,29,1.0,0.0,1.0
TPC,nonlinnongauss1,0.5,30,1.0,0.0,1.0
TPC,nonlinnongauss1,0.5,31,1.0,0.0,1.0
TPC,nonlinnongauss1,0.5,32,1.0,0.0,1.0
TPC,nonlinnongauss1,0.5,33,1.0,0.0,1.0
TPC,nonlinnongauss1,0.5,34,1.0,0.111111,0.888889
TPC,nonlinnongauss1,0.5,35,1.0,0.0,1.0
TPC,nonlinnongauss1,0.5,36,1.0,0.0,1.0
TPC,nonlinnongauss1,0.5,37,1.0,0.0,1.0
TPC,nonlinnongauss1,0.5,38,1.0,0.0,1.0
TPC,nonlinnongauss1,0.5,39,1.0,0.0,1.0
TPC,nonlinnongauss1,0.5,40,1.0,0.0,1.0
TPC,nonlinnongauss1,0.5,41,1.0,0.0,1.0
TPC,nonlinnongauss1,0.5,42,1.0,0.0,1.0
TPC,nonlinnongauss1,0.5,43,1.0,0.0,1.0
TPC,nonlinnongauss1,0.5,44,1.0,0.0,1.0
TPC,nonlinnongauss1,0.5,45,1.0,0.0,1.0
TPC,nonlinnongauss1,0.5,46,1.0,0.0,1.0
TPC,nonlinnongauss1,0.5,47,1.0,0.0,1.0
TPC,nonlinnongauss1,0.5,48,1.0,0.0,1.0
TPC,nonlinnongauss1,0.5,49,1.0,0.0,1.0
TPC,nonlinnongauss1,1.0,0,1.0,0.0,1.0
TPC,nonlinnongauss1,1.0,1,1.0,0.0,1.0
TPC,nonlinnongauss1,1.0,2,1.0,0.0,1.0
TPC,nonlinnongauss1,1.0,3,1.0,0.0,1.0
TPC,nonlinnongauss1,1.0,4,1.0,0.0,1.0
TPC,nonlinnongauss1,1.0,5,1.0,0.0,1.0
TPC,nonlinnongauss1,1.0,6,1.0,0.0,1.0
TPC,nonlinnongauss1,1.0,7,1.0,0.0,1.0
TPC,nonlinnongauss1,1.0,8,1.0,0.0,1.0
TPC,nonlinnongauss1,1.0,9,1.0,0.0,1.0
TPC,nonlinnongauss1,1.0,10,1.0,0.0,1.0
TPC,nonlinnongauss1,1.0,11,1.0,0.0,1.0
TPC,nonlinnongauss1,1.0,12,1.0,0.0,1.0
TPC,nonlinnongauss1,1.0,13,1.0,0.111111,0.888889
TPC,nonlinnongauss1,1.0,14,1.0,0.0,1.0
TPC,nonlinnongauss1,1.0,15,1.0,0.0,1.0
TPC,nonlinnongauss1,1.0,16,1.0,0.0,1.0
TPC,nonlinnongauss1,1.0,17,1.0,0.0,1.0
TPC,nonlinnongauss1,1.0,18,1.0,0.0,1.0
TPC,nonlinnongauss1,1.0,19,1.0,0.0,1.0
TPC,nonlinnongauss1,1.0,20,1.0,0.0,1.0
TPC,nonlinnongauss1,1.0,21,1.0,0.0,1.0
TPC,nonlinnongauss1,1.0,22,1.0,0.0,1.0
TPC,nonlinnongauss1,1.0,23,1.0,0.0,1.0
TPC,nonlinnongauss1,1.0,24,1.0,0.0,1.0
TPC,nonlinnongauss1,1.0,25,1.0,0.0,1.0
TPC,nonlinnongauss1,1.0,26,1.0,0.111111,0.888889
TPC,nonlinnongauss1,1.0,27,1.0,0.0,1.0
TPC,nonlinnongauss1,1.0,28,1.0,0.111111,0.888889
TPC,nonlinnongauss1,1.0,29,1.0,0.0,1.0
TPC,nonlinnongauss1,1.0,30,1.0,0.0,1.0
TPC,nonlinnongauss1,1.0,31,1.0,0.0,1.0
TPC,nonlinnongauss1,1.0,32,1.0,0.0,1.0
TPC,nonlinnongauss1,1.0,33,1.0,0.0,1.0
TPC,nonlinnongauss1,1.0,34,1.0,0.0,1.0
TPC,nonlinnongauss1,1.0,35,1.0,0.0,1.0
TPC,nonlinnongauss1,1.0,36,1.0,0.111111,0.888889
TPC,nonlinnongauss1,1.0,37,1.0,0.0,1.0
TPC,nonlinnongauss1,1.0,38,1.0,0.0,1.0
TPC,nonlinnongauss1,1.0,39,1.0,0.0,1.0
TPC,nonlinnongauss1,1.0,40,1.0,0.0,1.0
TPC,nonlinnongauss1,1.0,41,1.0,0.0,1.0
TPC,nonlinnongauss1,1.0,42,1.0,0.0,1.0
TPC,nonlinnongauss1,1.0,43,1.0,0.0,1.0
TPC,nonlinnongauss1,1.0,44,1.0,0.0,1.0
TPC,nonlinnongauss1,1.0,45,1.0,0.111111,0.888889
TPC,nonlinnongauss1,1.0,46,1.0,0.0,1.0
TPC,nonlinnongauss1,1.0,47,1.0,0.0,1.0
TPC,nonlinnongauss1,1.0,48,1.0,0.111111,0.888889
TPC,nonlinnongauss1,1.0,49,1.0,0.0,1.0
TPC,nonlinnongauss1,1.5,0,1.0,0.0,1.0
TPC,nonlinnongauss1,1.5,1,0.666667,0.0,0.666667
TPC,nonlinnongauss1,1.5,2,0.666667,0.0,0.666667
TPC,nonlinnongauss1,1.5,3,0.666667,0.111111,0.555556
TPC,nonlinnongauss1,1.5,4,0.666667,0.0,0.666667
TPC,nonlinnongauss1,1.5,5,0.666667,0.0,0.666667
TPC,nonlinnongauss1,1.5,6,1.0,0.0,1.0
TPC,nonlinnongauss1,1.5,7,0.666667,0.0,0.666667
TPC,nonlinnongauss1,1.5,8,1.0,0.0,1.0
TPC,nonlinnongauss1,1.5,9,1.0,0.222222,0.777778
TPC,nonlinnongauss1,1.5,10,0.666667,0.0,0.666667
TPC,nonlinnongauss1,1.5,11,1.0,0.0,1.0
TPC,nonlinnongauss1,1.5,12,1.0,0.0,1.0
TPC,nonlinnongauss1,1.5,13,1.0,0.111111,0.888889
TPC,nonlinnongauss1,1.5,14,1.0,0.0,1.0
TPC,nonlinnongauss1,1.5,15,1.0,0.0,1.0
TPC,nonlinnongauss1,1.5,16,1.0,0.0,1.0
TPC,nonlinnongauss1,1.5,17,0.666667,0.0,0.666667
TPC,nonlinnongauss1,1.5,18,1.0,0.0,1.0
TPC,nonlinnongauss1,1.5,19,0.666667,0.0,0.666667
TPC,nonlinnongauss1,1.5,20,0.666667,0.111111,0.555556
TPC,nonlinnongauss1,1.5,21,0.666667,0.0,0.666667
TPC,nonlinnongauss1,1.5,22,0.666667,0.111111,0.555556
TPC,nonlinnongauss1,1.5,23,0.666667,0.0,0.666667
TPC,nonlinnongauss1,1.5,24,0.666667,0.0,0.666667
TPC,nonlinnongauss1,1.5,25,0.666667,0.0,0.666667
TPC,nonlinnongauss1,1.5,26,0.666667,0.111111,0.555556
TPC,nonlinnongauss1,1.5,27,1.0,0.0,1.0
TPC,nonlinnongauss1,1.5,28,0.666667,0.111111,0.555556
TPC,nonlinnongauss1,1.5,29,0.666667,0.0,0.666667
TPC,nonlinnongauss1,1.5,30,0.666667,0.111111,0.555556
TPC,nonlinnongauss1,1.5,31,1.0,0.0,1.0
TPC,nonlinnongauss1,1.5,32,0.666667,0.111111,0.555556
TPC,nonlinnongauss1,1.5,33,0.666667,0.0,0.666667
TPC,nonlinnongauss1,1.5,34,1.0,0.0,1.0
TPC,nonlinnongauss1,1.5,35,0.666667,0.0,0.666667
TPC,nonlinnongauss1,1.5,36,1.0,0.111111,0.888889
TPC,nonlinnongauss1,1.5,37,1.0,0.0,1.0
TPC,nonlinnongauss1,1.5,38,1.0,0.0,1.0
TPC,nonlinnongauss1,1.5,39,0.666667,0.0,0.666667
TPC,nonlinnongauss1,1.5,40,0.666667,0.0,0.666667
TPC,nonlinnongauss1,1.5,41,1.0,0.0,1.0
TPC,nonlinnongauss1,1.5,42,0.666667,0.0,0.666667
TPC,nonlinnongauss1,1.5,43,0.666667,0.0,0.666667
TPC,nonlinnongauss1,1.5,44,0.666667,0.0,0.666667
TPC,nonlinnongauss1,1.5,45,1.0,0.111111,0.888889
TPC,nonlinnongauss1,1.5,46,0.666667,0.0,0.666667
TPC,nonlinnongauss1,1.5,47,0.666667,0.0,0.666667
TPC,nonlinnongauss1,1.5,48,0.666667,0.111111,0.555556
TPC,nonlinnongauss1,1.5,49,1.0,0.0,1.0
TPC,nonlinnongauss1,2.0,0,0.666667,0.0,0.666667
TPC,nonlinnongauss1,2.0,1,0.666667,0.0,0.666667
TPC,nonlinnongauss1,2.0,2,0.666667,0.0,0.666667
TPC,nonlinnongauss1,2.0,3,0.666667,0.111111,0.555556
TPC,nonlinnongauss1,2.0,4,0.666667,0.111111,0.555556
TPC,nonlinnongauss1,2.0,5,0.666667,0.0,0.666667
TPC,nonlinnongauss1,2.0,6,0.666667,0.0,0.666667
TPC,nonlinnongauss1,2.0,7,0.666667,0.0,0.666667
TPC,nonlinnongauss1,2.0,8,0.666667,0.0,0.666667
TPC,nonlinnongauss1,2.0,9,0.666667,0.111111,0.555556
TPC,nonlinnongauss1,2.0,10,0.666667,0.0,0.666667
TPC,nonlinnongauss1,2.0,11,0.666667,0.111111,0.555556
TPC,nonlinnongauss1,2.0,12,0.666667,0.0,0.666667
TPC,nonlinnongauss1,2.0,13,0.666667,0.111111,0.555556
TPC,nonlinnongauss1,2.0,14,0.666667,0.0,0.666667
TPC,nonlinnongauss1,2.0,15,0.666667,0.111111,0.555556
TPC,nonlinnongauss1,2.0,16,0.666667,0.0,0.666667
TPC,nonlinnongauss1,2.0,17,0.666667,0.0,0.666667
TPC,nonlinnongauss1,2.0,18,0.666667,0.0,0.666667
TPC,nonlinnongauss1,2.0,19,1.0,0.0,1.0
TPC,nonlinnongauss1,2.0,20,0.666667,0.111111,0.555556
TPC,nonlinnongauss1,2.0,21,0.666667,0.0,0.666667
TPC,nonlinnongauss1,2.0,22,0.666667,0.0,0.666667
TPC,nonlinnongauss1,2.0,23,0.666667,0.111111,0.555556
TPC,nonlinnongauss1,2.0,24,1.0,0.0,1.0
TPC,nonlinnongauss1,2.0,25,0.666667,0.0,0.666667
TPC,nonlinnongauss1,2.0,26,0.666667,0.111111,0.555556
TPC,nonlinnongauss1,2.0,27,0.666667,0.0,0.666667
TPC,nonlinnongauss1,2.0,28,1.0,0.0,1.0
TPC,nonlinnongauss1,2.0,29,0.666667,0.0,0.666667
TPC,nonlinnongauss1,2.0,30,0.666667,0.0,0.666667
TPC,nonlinnongauss1,2.0,31,0.666667,0.0,0.666667
TPC,nonlinnongauss1,2.0,32,0.666667,0.111111,0.555556
TPC,nonlinnongauss1,2.0,33,0.666667,0.0,0.666667
TPC,nonlinnongauss1,2.0,34,0.666667,0.0,0.666667
TPC,nonlinnongauss1,2.0,35,0.666667,0.0,0.666667
TPC,nonlinnongauss1,2.0,36,0.666667,0.111111,0.555556
TPC,nonlinnongauss1,2.0,37,0.666667,0.0,0.666667
TPC,nonlinnongauss1,2.0,38,0.666667,0.111111,0.555556
TPC,nonlinnongauss1,2.0,39,0.666667,0.0,0.666667
TPC,nonlinnongauss1,2.0,40,0.666667,0.0,0.666667
TPC,nonlinnongauss1,2.0,41,0.666667,0.0,0.666667
TPC,nonlinnongauss1,2.0,42,0.666667,0.111111,0.555556
TPC,nonlinnongauss1,2.0,43,0.666667,0.0,0.666667
TPC,nonlinnongauss1,2.0,44,0.666667,0.111111,0.555556
TPC,nonlinnongauss1,2.0,45,0.666667,0.111111,0.555556
TPC,nonlinnongauss1,2.0,46,0.666667,0.0,0.666667
TPC,nonlinnongauss1,2.0,47,0.666667,0.0,0.666667
TPC,nonlinnongauss1,2.0,48,0.666667,0.111111,0.555556
TPC,nonlinnongauss1,2.0,49,0.666667,0.0,0.666667
TPC,nonlinnongauss1,2.5,0,0.666667,0.0,0.666667
TPC,nonlinnongauss1,2.5,1,0.666667,0.0,0.666667
TPC,nonlinnongauss1,2.5,2,1.0,0.111111,0.888889
TPC,nonlinnongauss1,2.5,3,1.0,0.0,1.0
TPC,nonlinnongauss1,2.5,4,1.0,0.111111,0.888889
TPC,nonlinnongauss1,2.5,5,1.0,0.0,1.0
TPC,nonlinnongauss1,2.5,6,1.0,0.0,1.0
TPC,nonlinnongauss1,2.5,7,1.0,0.0,1.0
TPC,nonlinnongauss1,2.5,8,0.666667,0.0,0.666667
TPC,nonlinnongauss1,2.5,9,0.666667,0.111111,0.555556
TPC,nonlinnongauss1,2.5,10,1.0,0.0,1.0
TPC,nonlinnongauss1,2.5,11,0.666667,0.111111,0.555556
TPC,nonlinnongauss1,2.5,12,1.0,0.0,1.0
TPC,nonlinnongauss1,2.5,13,1.0,0.111111,0.888889
TPC,nonlinnongauss1,2.5,14,1.0,0.0,1.0
TPC,nonlinnongauss1,2.5,15,0.666667,0.0,0.666667
TPC,nonlinnongauss1,2.5,16,0.666667,0.0,0.666667
TPC,nonlinnongauss1,2.5,17,1.0,0.0,1.0
TPC,nonlinnongauss1,2.5,18,1.0,0.0,1.0
TPC,nonlinnongauss1,2.5,19,1.0,0.0,1.0
TPC,nonlinnongauss1,2.5,20,1.0,0.0,1.0
TPC,nonlinnongauss1,2.5,21,1.0,0.0,1.0
TPC,nonlinnongauss1,2.5,22,1.0,0.111111,0.888889
TPC,nonlinnongauss1,2.5,23,1.0,0.0,1.0
TPC,nonlinnongauss1,2.5,24,0.666667,0.0,0.666667
TPC,nonlinnongauss1,2.5,25,1.0,0.0,1.0
TPC,nonlinnongauss1,2.5,26,1.0,0.111111,0.888889
TPC,nonlinnongauss1,2.5,27,1.0,0.222222,0.777778
TPC,nonlinnongauss1,2.5,28,1.0,0.0,1.0
TPC,nonlinnongauss1,2.5,29,1.0,0.0,1.0
TPC,nonlinnongauss1,2.5,30,1.0,0.0,1.0
TPC,nonlinnongauss1,2.5,31,0.666667,0.111111,0.555556
TPC,nonlinnongauss1,2.5,32,0.666667,0.111111,0.555556
TPC,nonlinnongauss1,2.5,33,0.666667,0.0,0.666667
TPC,nonlinnongauss1,2.5,34,0.666667,0.111111,0.555556
TPC,nonlinnongauss1,2.5,35,1.0,0.0,1.0
TPC,nonlinnongauss1,2.5,36,0.666667,0.0,0.666667
TPC,nonlinnongauss1,2.5,37,0.666667,0.111111,0.555556
TPC,nonlinnongauss1,2.5,38,0.666667,0.222222,0.444444
TPC,nonlinnongauss1,2.5,39,1.0,0.0,1.0
TPC,nonlinnongauss1,2.5,40,1.0,0.111111,0.888889
TPC,nonlinnongauss1,2.5,41,0.666667,0.0,0.666667
TPC,nonlinnongauss1,2.5,42,0.666667,0.0,0.666667
TPC,nonlinnongauss1,2.5,43,1.0,0.0,1.0
TPC,nonlinnongauss1,2.5,44,1.0,0.111111,0.888889
TPC,nonlinnongauss1,2.5,45,0.666667,0.111111,0.555556
TPC,nonlinnongauss1,2.5,46,1.0,0.222222,0.777778
TPC,nonlinnongauss1,2.5,47,0.666667,0.0,0.666667
TPC,nonlinnongauss1,2.5,48,1.0,0.111111,0.888889
TPC,nonlinnongauss1,2.5,49,1.0,0.0,1.0
TPC,nonlinnongauss1,3.0,0,0.333333,0.111111,0.222222
TPC,nonlinnongauss1,3.0,1,0.333333,0.0,0.333333
TPC,nonlinnongauss1,3.0,2,0.333333,0.111111,0.222222
TPC,nonlinnongauss1,3.0,3,0.666667,0.0,0.666667
TPC,nonlinnongauss1,3.0,4,0.333333,0.0,0.333333
TPC,nonlinnongauss1,3.0,5,0.666667,0.0,0.666667
TPC,nonlinnongauss1,3.0,6,1.0,0.0,1.0
TPC,nonlinnongauss1,3.0,7,0.666667,0.0,0.666667
TPC,nonlinnongauss1,3.0,8,0.333333,0.0,0.333333
TPC,nonlinnongauss1,3.0,9,0.333333,0.111111,0.222222
TPC,nonlinnongauss1,3.0,10,0.666667,0.0,0.666667
TPC,nonlinnongauss1,3.0,11,0.333333,0.0,0.333333
TPC,nonlinnongauss1,3.0,12,1.0,0.0,1.0
TPC,nonlinnongauss1,3.0,13,1.0,0.333333,0.666667
TPC,nonlinnongauss1,3.0,14,0.666667,0.0,0.666667
TPC,nonlinnongauss1,3.0,15,0.333333,0.0,0.333333
TPC,nonlinnongauss1,3.0,16,0.333333,0.0,0.333333
TPC,nonlinnongauss1,3.0,17,0.333333,0.0,0.333333
TPC,nonlinnongauss1,3.0,18,0.333333,0.111111,0.222222
TPC,nonlinnongauss1,3.0,19,0.666667,0.0,0.666667
TPC,nonlinnongauss1,3.0,20,0.666667,0.0,0.666667
TPC,nonlinnongauss1,3.0,21,0.333333,0.0,0.333333
TPC,nonlinnongauss1,3.0,22,1.0,0.222222,0.777778
TPC,nonlinnongauss1,3.0,23,0.666667,0.111111,0.555556
TPC,nonlinnongauss1,3.0,24,0.666667,0.222222,0.444444
TPC,nonlinnongauss1,3.0,25,0.333333,0.0,0.333333
TPC,nonlinnongauss1,3.0,26,0.666667,0.0,0.666667
TPC,nonlinnongauss1,3.0,27,0.666667,0.222222,0.444444
TPC,nonlinnongauss1,3.0,28,0.333333,0.0,0.333333
TPC,nonlinnongauss1,3.0,29,0.666667,0.111111,0.555556
TPC,nonlinnongauss1,3.0,30,0.333333,0.111111,0.222222
TPC,nonlinnongauss1,3.0,31,0.666667,0.0,0.666667
TPC,nonlinnongauss1,3.0,32,1.0,0.0,1.0
TPC,nonlinnongauss1,3.0,33,1.0,0.0,1.0
TPC,nonlinnongauss1,3.0,34,0.333333,0.111111,0.222222
TPC,nonlinnongauss1,3.0,35,0.666667,0.0,0.666667
TPC,nonlinnongauss1,3.0,36,0.666667,0.0,0.666667
TPC,nonlinnongauss1,3.0,37,0.666667,0.0,0.666667
TPC,nonlinnongauss1,3.0,38,0.0,0.0,0.0
TPC,nonlinnongauss1,3.0,39,0.666667,0.0,0.666667
TPC,nonlinnongauss1,3.0,40,0.666667,0.222222,0.444444
TPC,nonlinnongauss1,3.0,41,0.333333,0.111111,0.222222
TPC,nonlinnongauss1,3.0,42,0.666667,0.111111,0.555556
TPC,nonlinnongauss1,3.0,43,0.333333,0.111111,0.222222
TPC,nonlinnongauss1,3.0,44,0.333333,0.0,0.333333
TPC,nonlinnongauss1,3.0,45,0.333333,0.0,0.333333
TPC,nonlinnongauss1,3.0,46,0.666667,0.222222,0.444444
TPC,nonlinnongauss1,3.0,47,0.333333,0.0,0.333333
TPC,nonlinnongauss1,3.0,48,0.666667,0.0,0.666667
TPC,nonlinnongauss1,3.0,49,0.333333,0.111111,0.222222
TPC,nonlinnongauss1,3.5,0,1.0,0.111111,0.888889
TPC,nonlinnongauss1,3.5,1,1.0,0.0,1.0
TPC,nonlinnongauss1,3.5,2,0.666667,0.111111,0.555556
TPC,nonlinnongauss1,3.5,3,0.666667,0.0,0.666667
TPC,nonlinnongauss1,3.5,4,0.666667,0.0,0.666667
TPC,nonlinnongauss1,3.5,5,0.666667,0.0,0.666667
TPC,nonlinnongauss1,3.5,6,0.666667,0.0,0.666667
TPC,nonlinnongauss1,3.5,7,1.0,0.0,1.0
TPC,nonlinnongauss1,3.5,8,0.666667,0.111111,0.555556
TPC,nonlinnongauss1,3.5,9,0.333333,0.0,0.333333
TPC,nonlinnongauss1,3.5,10,0.333333,0.0,0.333333
TPC,nonlinnongauss1,3.5,11,1.0,0.0,1.0
TPC,nonlinnongauss1,3.5,12,0.333333,0.222222,0.111111
TPC,nonlinnongauss1,3.5,13,0.333333,0.0,0.333333
TPC,nonlinnongauss1,3.5,14,1.0,0.111111,0.888889
TPC,nonlinnongauss1,3.5,15,0.666667,0.111111,0.555556
TPC,nonlinnongauss1,3.5,16,1.0,0.111111,0.888889
TPC,nonlinnongauss1,3.5,17,1.0,0.0,1.0
TPC,nonlinnongauss1,3.5,18,1.0,0.0,1.0
TPC,nonlinnongauss1,3.5,19,0.666667,0.0,0.666667
TPC,nonlinnongauss1,3.5,20,1.0,0.0,1.0
TPC,nonlinnongauss1,3.5,21,1.0,0.0,1.0
TPC,nonlinnongauss1,3.5,22,0.666667,0.222222,0.444444
TPC,nonlinnongauss1,3.5,23,1.0,0.222222,0.777778
TPC,nonlinnongauss1,3.5,24,0.666667,0.0,0.666667
TPC,nonlinnongauss1,3.5,25,0.666667,0.111111,0.555556
TPC,nonlinnongauss1,3.5,26,0.666667,0.111111,0.555556
TPC,nonlinnongauss1,3.5,27,1.0,0.222222,0.777778
TPC,nonlinnongauss1,3.5,28,1.0,0.0,1.0
TPC,nonlinnongauss1,3.5,29,0.666667,0.0,0.666667
TPC,nonlinnongauss1,3.5,30,1.0,0.111111,0.888889
TPC,nonlinnongauss1,3.5,31,0.666667,0.0,0.666667
TPC,nonlinnongauss1,3.5,32,0.666667,0.0,0.666667
TPC,nonlinnongauss1,3.5,33,0.333333,0.0,0.333333
TPC,nonlinnongauss1,3.5,34,0.666667,0.0,0.666667
TPC,nonlinnongauss1,3.5,35,0.666667,0.0,0.666667
TPC,nonlinnongauss1,3.5,36,1.0,0.111111,0.888889
TPC,nonlinnongauss1,3.5,37,0.666667,0.222222,0.444444
TPC,nonlinnongauss1,3.5,38,0.333333,0.111111,0.222222
TPC,nonlinnongauss1,3.5,39,0.666667,0.0,0.666667
TPC,nonlinnongauss1,3.5,40,1.0,0.222222,0.777778
TPC,nonlinnongauss1,3.5,41,0.666667,0.111111,0.555556
TPC,nonlinnongauss1,3.5,42,0.333333,0.111111,0.222222
TPC,nonlinnongauss1,3.5,43,1.0,0.0,1.0
TPC,nonlinnongauss1,3.5,44,0.666667,0.0,0.666667
TPC,nonlinnongauss1,3.5,45,0.333333,0.0,0.333333
TPC,nonlinnongauss1,3.5,46,0.666667,0.222222,0.444444
TPC,nonlinnongauss1,3.5,47,1.0,0.0,1.0
TPC,nonlinnongauss1,3.5,48,0.666667,0.0,0.666667
TPC,nonlinnongauss1,3.5,49,0.666667,0.111111,0.555556
TPC,nonlinnongauss2,0.1,0,0.5,0.25,0.25
TPC,nonlinnongauss2,0.1,1,0.5,0.125,0.375
TPC,nonlinnongauss2,0.1,2,0.5,0.125,0.375
TPC,nonlinnongauss2,0.1,3,0.5,0.25,0.25
TPC,nonlinnongauss2,0.1,4,0.5,0.125,0.375
TPC,nonlinnongauss2,0.1,5,0.5,0.25,0.25
TPC,nonlinnongauss2,0.1,6,0.5,0.25,0.25
TPC,nonlinnongauss2,0.1,7,0.5,0.25,0.25
TPC,nonlinnongauss2,0.1,8,0.5,0.25,0.25
TPC,nonlinnongauss2,0.1,9,0.5,0.25,0.25
TPC,nonlinnongauss2,0.1,10,0.5,0.25,0.25
TPC,nonlinnongauss2,0.1,11,0.5,0.25,0.25
TPC,nonlinnongauss2,0.1,12,0.5,0.25,0.25
TPC,nonlinnongauss2,0.1,13,0.5,0.25,0.25
TPC,nonlinnongauss2,0.1,14,0.5,0.25,0.25
TPC,nonlinnongauss2,0.1,15,0.5,0.25,0.25
TPC,nonlinnongauss2,0.1,16,0.5,0.25,0.25
TPC,nonlinnongauss2,0.1,17,0.5,0.25,0.25
TPC,nonlinnongauss2,0.1,18,0.5,0.25,0.25
TPC,nonlinnongauss2,0.1,19,0.5,0.25,0.25
TPC,nonlinnongauss2,0.1,20,0.5,0.25,0.25
TPC,nonlinnongauss2,0.1,21,0.5,0.25,0.25
TPC,nonlinnongauss2,0.1,22,0.5,0.25,0.25
TPC,nonlinnongauss2,0.1,23,0.5,0.25,0.25
TPC,nonlinnongauss2,0.1,24,0.5,0.25,0.25
TPC,nonlinnongauss2,0.1,25,0.5,0.25,0.25
TPC,nonlinnongauss2,0.1,26,0.5,0.25,0.25
TPC,nonlinnongauss2,0.1,27,0.5,0.25,0.25
TPC,nonlinnongauss2,0.1,28,0.5,0.25,0.25
TPC,nonlinnongauss2,0.1,29,0.5,0.25,0.25
TPC,nonlinnongauss2,0.1,30,0.5,0.25,0.25
TPC,nonlinnongauss2,0.1,31,0.5,0.25,0.25
TPC,nonlinnongauss2,0.1,32,0.5,0.25,0.25
TPC,nonlinnongauss2,0.1,33,0.5,0.25,0.25
TPC,nonlinnongauss2,0.1,34,0.5,0.25,0.25
TPC,nonlinnongauss2,0.1,35,0.5,0.25,0.25
TPC,nonlinnongauss2,0.1,36,0.5,0.25,0.25
TPC,nonlinnongauss2,0.1,37,0.5,0.25,0.25
TPC,nonlinnongauss2,0.1,38,0.5,0.125,0.375
TPC,nonlinnongauss2,0.1,39,0.5,0.25,0.25
TPC,nonlinnongauss2,0.1,40,0.5,0.25,0.25
TPC,nonlinnongauss2,0.1,41,0.5,0.25,0.25
TPC,nonlinnongauss2,0.1,42,0.5,0.25,0.25
TPC,nonlinnongauss2,0.1,43,0.5,0.25,0.25
TPC,nonlinnongauss2,0.1,44,0.5,0.25,0.25
TPC,nonlinnongauss2,0.1,45,0.5,0.25,0.25
TPC,nonlinnongauss2,0.1,46,0.5,0.25,0.25
TPC,nonlinnongauss2,0.1,47,0.5,0.25,0.25
TPC,nonlinnongauss2,0.1,48,0.5,0.25,0.25
TPC,nonlinnongauss2,0.1,49,0.5,0.25,0.25
TPC,nonlinnongauss2,0.5,0,0.5,0.25,0.25
TPC,nonlinnongauss2,0.5,1,0.5,0.375,0.125
TPC,nonlinnongauss2,0.5,2,0.5,0.125,0.375
TPC,nonlinnongauss2,0.5,3,0.5,0.25,0.25
TPC,nonlinnongauss2,0.5,4,0.5,0.125,0.375
TPC,nonlinnongauss2,0.5,5,0.5,0.25,0.25
TPC,nonlinnongauss2,0.5,6,0.5,0.25,0.25
TPC,nonlinnongauss2,0.5,7,0.5,0.25,0.25
TPC,nonlinnongauss2,0.5,8,0.5,0.25,0.25
TPC,nonlinnongauss2,0.5,9,0.5,0.25,0.25
TPC,nonlinnongauss2,0.5,10,0.5,0.25,0.25
TPC,nonlinnongauss2,0.5,11,0.5,0.25,0.25
TPC,nonlinnongauss2,0.5,12,0.5,0.25,0.25
TPC,nonlinnongauss2,0.5,13,0.5,0.25,0.25
TPC,nonlinnongauss2,0.5,14,0.5,0.25,0.25
TPC,nonlinnongauss2,0.5,15,0.5,0.25,0.25
TPC,nonlinnongauss2,0.5,16,0.5,0.25,0.25
TPC,nonlinnongauss2,0.5,17,0.5,0.25,0.25
TPC,nonlinnongauss2,0.5,18,0.5,0.25,0.25
TPC,nonlinnongauss2,0.5,19,0.5,0.25,0.25
TPC,nonlinnongauss2,0.5,20,0.5,0.25,0.25
TPC,nonlinnongauss2,0.5,21,0.5,0.25,0.25
TPC,nonlinnongauss2,0.5,22,0.5,0.25,0.25
TPC,nonlinnongauss2,0.5,23,0.5,0.25,0.25
TPC,nonlinnongauss2,0.5,24,0.5,0.25,0.25
TPC,nonlinnongauss2,0.5,25,0.5,0.25,0.25
TPC,nonlinnongauss2,0.5,26,0.5,0.25,0.25
TPC,nonlinnongauss2,0.5,27,0.5,0.25,0.25
TPC,nonlinnongauss2,0.5,28,0.5,0.25,0.25
TPC,nonlinnongauss2,0.5,29,0.5,0.25,0.25
TPC,nonlinnongauss2,0.5,30,0.5,0.25,0.25
TPC,nonlinnongauss2,0.5,31,0.5,0.25,0.25
TPC,nonlinnongauss2,0.5,32,0.5,0.25,0.25
TPC,nonlinnongauss2,0.5,33,0.5,0.25,0.25
TPC,nonlinnongauss2,0.5,34,0.5,0.25,0.25
TPC,nonlinnongauss2,0.5,35,0.5,0.25,0.25
TPC,nonlinnongauss2,0.5,36,0.5,0.25,0.25
TPC,nonlinnongauss2,0.5,37,0.5,0.25,0.25
TPC,nonlinnongauss2,0.5,38,0.5,0.375,0.125
TPC,nonlinnongauss2,0.5,39,0.5,0.25,0.25
TPC,nonlinnongauss2,0.5,40,0.5,0.25,0.25
TPC,nonlinnongauss2,0.5,41,0.5,0.25,0.25
TPC,nonlinnongauss2,0.5,42,0.5,0.25,0.25
TPC,nonlinnongauss2,0.5,43,0.5,0.25,0.25
TPC,nonlinnongauss2,0.5,44,0.5,0.25,0.25
TPC,nonlinnongauss2,0.5,45,0.5,0.25,0.25
TPC,nonlinnongauss2,0.5,46,0.5,0.25,0.25
TPC,nonlinnongauss2,0.5,47,0.5,0.25,0.25
TPC,nonlinnongauss2,0.5,48,0.5,0.25,0.25
TPC,nonlinnongauss2,0.5,49,0.5,0.25,0.25
TPC,nonlinnongauss2,1.0,0,0.5,0.25,0.25
TPC,nonlinnongauss2,1.0,1,0.5,0.25,0.25
TPC,nonlinnongauss2,1.0,2,0.5,0.125,0.375
TPC,nonlinnongauss2,1.0,3,0.5,0.125,0.375
TPC,nonlinnongauss2,1.0,4,0.5,0.125,0.375
TPC,nonlinnongauss2,1.0,5,0.5,0.125,0.375
TPC,nonlinnongauss2,1.0,6,0.5,0.25,0.25
TPC,nonlinnongauss2,1.0,7,0.5,0.25,0.25
TPC,nonlinnongauss2,1.0,8,0.5,0.25,0.25
TPC,nonlinnongauss2,1.0,9,0.5,0.25,0.25
TPC,nonlinnongauss2,1.0,10,0.5,0.25,0.25
TPC,nonlinnongauss2,1.0,11,0.5,0.125,0.375
TPC,nonlinnongauss2,1.0,12,0.5,0.25,0.25
TPC,nonlinnongauss2,1.0,13,0.5,0.25,0.25
TPC,nonlinnongauss2,1.0,14,0.5,0.125,0.375
TPC,nonlinnongauss2,1.0,15,0.5,0.25,0.25
TPC,nonlinnongauss2,1.0,16,0.5,0.25,0.25
TPC,nonlinnongauss2,1.0,17,0.5,0.25,0.25
TPC,nonlinnongauss2,1.0,18,0.5,0.25,0.25
TPC,nonlinnongauss2,1.0,19,0.5,0.25,0.25
TPC,nonlinnongauss2,1.0,20,0.5,0.125,0.375
TPC,nonlinnongauss2,1.0,21,0.5,0.25,0.25
TPC,nonlinnongauss2,1.0,22,0.5,0.25,0.25
TPC,nonlinnongauss2,1.0,23,0.5,0.25,0.25
TPC,nonlinnongauss2,1.0,24,0.5,0.25,0.25
TPC,nonlinnongauss2,1.0,25,0.5,0.25,0.25
TPC,nonlinnongauss2,1.0,26,0.5,0.25,0.25
TPC,nonlinnongauss2,1.0,27,0.5,0.25,0.25
TPC,nonlinnongauss2,1.0,28,0.5,0.25,0.25
TPC,nonlinnongauss2,1.0,29,0.5,0.25,0.25
TPC,nonlinnongauss2,1.0,30,0.5,0.25,0.25
TPC,nonlinnongauss2,1.0,31,0.5,0.125,0.375
TPC,nonlinnongauss2,1.0,32,0.5,0.25,0.25
TPC,nonlinnongauss2,1.0,33,0.5,0.25,0.25
TPC,nonlinnongauss2,1.0,34,0.5,0.25,0.25
TPC,nonlinnongauss2,1.0,35,0.5,0.25,0.25
TPC,nonlinnongauss2,1.0,36,0.5,0.25,0.25
TPC,nonlinnongauss2,1.0,37,0.5,0.25,0.25
TPC,nonlinnongauss2,1.0,38,0.5,0.375,0.125
TPC,nonlinnongauss2,1.0,39,0.5,0.25,0.25
TPC,nonlinnongauss2,1.0,40,0.5,0.25,0.25
TPC,nonlinnongauss2,1.0,41,0.5,0.25,0.25
TPC,nonlinnongauss2,1.0,42,0.5,0.25,0.25
TPC,nonlinnongauss2,1.0,43,0.5,0.25,0.25
TPC,nonlinnongauss2,1.0,44,0.5,0.25,0.25
TPC,nonlinnongauss2,1.0,45,0.5,0.25,0.25
TPC,nonlinnongauss2,1.0,46,0.5,0.25,0.25
TPC,nonlinnongauss2,1.0,47,0.5,0.125,0.375
TPC,nonlinnongauss2,1.0,48,0.5,0.25,0.25
TPC,nonlinnongauss2,1.0,49,0.5,0.25,0.25
TPC,nonlinnongauss2,1.5,0,0.5,0.125,0.375
TPC,nonlinnongauss2,1.5,1,0.5,0.125,0.375
TPC,nonlinnongauss2,1.5,2,0.5,0.125,0.375
TPC,nonlinnongauss2,1.5,3,0.5,0.125,0.375
TPC,nonlinnongauss2,1.5,4,0.5,0.125,0.375
TPC,nonlinnongauss2,1.5,5,0.25,0.125,0.125
TPC,nonlinnongauss2,1.5,6,0.5,0.0,0.5
TPC,nonlinnongauss2,1.5,7,0.5,0.125,0.375
TPC,nonlinnongauss2,1.5,8,0.5,0.125,0.375
TPC,nonlinnongauss2,1.5,9,0.5,0.125,0.375
TPC,nonlinnongauss2,1.5,10,0.5,0.125,0.375
TPC,nonlinnongauss2,1.5,11,0.5,0.125,0.375
TPC,nonlinnongauss2,1.5,12,0.25,0.125,0.125
TPC,nonlinnongauss2,1.5,13,0.5,0.125,0.375
TPC,nonlinnongauss2,1.5,14,0.5,0.125,0.375
TPC,nonlinnongauss2,1.5,15,0.5,0.125,0.375
TPC,nonlinnongauss2,1.5,16,0.5,0.125,0.375
TPC,nonlinnongauss2,1.5,17,0.25,0.125,0.125
TPC,nonlinnongauss2,1.5,18,0.5,0.125,0.375
TPC,nonlinnongauss2,1.5,19,0.5,0.125,0.375
TPC,nonlinnongauss2,1.5,20,0.5,0.125,0.375
TPC,nonlinnongauss2,1.5,21,0.5,0.125,0.375
TPC,nonlinnongauss2,1.5,22,0.25,0.125,0.125
TPC,nonlinnongauss2,1.5,23,0.5,0.125,0.375
TPC,nonlinnongauss2,1.5,24,0.25,0.125,0.125
TPC,nonlinnongauss2,1.5,25,0.5,0.125,0.375
TPC,nonlinnongauss2,1.5,26,0.5,0.125,0.375
TPC,nonlinnongauss2,1.5,27,0.5,0.25,0.25
TPC,nonlinnongauss2,1.5,28,0.5,0.125,0.375
TPC,nonlinnongauss2,1.5,29,0.5,0.125,0.375
TPC,nonlinnongauss2,1.5,30,0.5,0.125,0.375
TPC,nonlinnongauss2,1.5,31,0.25,0.125,0.125
TPC,nonlinnongauss2,1.5,32,0.25,0.125,0.125
TPC,nonlinnongauss2,1.5,33,0.25,0.125,0.125
TPC,nonlinnongauss2,1.5,34,0.5,0.125,0.375
TPC,nonlinnongauss2,1.5,35,0.5,0.125,0.375
TPC,nonlinnongauss2,1.5,36,0.5,0.125,0.375
TPC,nonlinnongauss2,1.5,37,0.5,0.125,0.375
TPC,nonlinnongauss2,1.5,38,0.5,0.25,0.25
TPC,nonlinnongauss2,1.5,39,0.25,0.125,0.125
TPC,nonlinnongauss2,1.5,40,0.5,0.125,0.375
TPC,nonlinnongauss2,1.5,41,0.25,0.125,0.125
TPC,nonlinnongauss2,1.5,42,0.5,0.125,0.375
TPC,nonlinnongauss2,1.5,43,0.5,0.125,0.375
TPC,nonlinnongauss2,1.5,44,0.5,0.125,0.375
TPC,nonlinnongauss2,1.5,45,0.5,0.125,0.375
TPC,nonlinnongauss2,1.5,46,0.5,0.125,0.375
TPC,nonlinnongauss2,1.5,47,0.5,0.125,0.375
TPC,nonlinnongauss2,1.5,48,0.5,0.125,0.375
TPC,nonlinnongauss2,1.5,49,0.5,0.125,0.375
TPC,nonlinnongauss2,2.0,0,0.25,0.125,0.125
TPC,nonlinnongauss2,2.0,1,0.25,0.25,0.0
TPC,nonlinnongauss2,2.0,2,0.5,0.125,0.375
TPC,nonlinnongauss2,2.0,3,0.25,0.125,0.125
TPC,nonlinnongauss2,2.0,4,0.5,0.125,0.375
TPC,nonlinnongauss2,2.0,5,0.25,0.125,0.125
TPC,nonlinnongauss2,2.0,6,0.5,0.0,0.5
TPC,nonlinnongauss2,2.0,7,0.25,0.125,0.125
TPC,nonlinnongauss2,2.0,8,0.25,0.125,0.125
TPC,nonlinnongauss2,2.0,9,0.25,0.125,0.125
TPC,nonlinnongauss2,2.0,10,0.25,0.125,0.125
TPC,nonlinnongauss2,2.0,11,0.25,0.125,0.125
TPC,nonlinnongauss2,2.0,12,0.25,0.125,0.125
TPC,nonlinnongauss2,2.0,13,0.25,0.125,0.125
TPC,nonlinnongauss2,2.0,14,0.5,0.125,0.375
TPC,nonlinnongauss2,2.0,15,0.25,0.0,0.25
TPC,nonlinnongauss2,2.0,16,0.5,0.125,0.375
TPC,nonlinnongauss2,2.0,17,0.25,0.0,0.25
TPC,nonlinnongauss2,2.0,18,0.25,0.125,0.125
TPC,nonlinnongauss2,2.0,19,0.25,0.125,0.125
TPC,nonlinnongauss2,2.0,20,0.25,0.125,0.125
TPC,nonlinnongauss2,2.0,21,0.5,0.125,0.375
TPC,nonlinnongauss2,2.0,22,0.25,0.125,0.125
TPC,nonlinnongauss2,2.0,23,0.25,0.125,0.125
TPC,nonlinnongauss2,2.0,24,0.25,0.125,0.125
TPC,nonlinnongauss2,2.0,25,0.25,0.125,0.125
TPC,nonlinnongauss2,2.0,26,0.25,0.25,0.0
TPC,nonlinnongauss2,2.0,27,0.5,0.125,0.375
TPC,nonlinnongauss2,2.0,28,0.5,0.125,0.375
TPC,nonlinnongauss2,2.0,29,0.25,0.125,0.125
TPC,nonlinnongauss2,2.0,30,0.5,0.125,0.375
TPC,nonlinnongauss2,2.0,31,0.25,0.125,0.125
TPC,nonlinnongauss2,2.0,32,0.25,0.125,0.125
TPC,nonlinnongauss2,2.0,33,0.25,0.125,0.125
TPC,nonlinnongauss2,2.0,34,0.25,0.125,0.125
TPC,nonlinnongauss2,2.0,35,0.25,0.125,0.125
TPC,nonlinnongauss2,2.0,36,0.25,0.125,0.125
TPC,nonlinnongauss2,2.0,37,0.5,0.125,0.375
TPC,nonlinnongauss2,2.0,38,0.5,0.25,0.25
TPC,nonlinnongauss2,2.0,39,0.25,0.125,0.125
TPC,nonlinnongauss2,2.0,40,0.25,0.125,0.125
TPC,nonlinnongauss2,2.0,41,0.25,0.125,0.125
TPC,nonlinnongauss2,2.0,42,0.25,0.125,0.125
TPC,nonlinnongauss2,2.0,43,0.25,0.125,0.125
TPC,nonlinnongauss2,2.0,44,0.5,0.125,0.375
TPC,nonlinnongauss2,2.0,45,0.25,0.125,0.125
TPC,nonlinnongauss2,2.0,46,0.25,0.125,0.125
TPC,nonlinnongauss2,2.0,47,0.5,0.125,0.375
TPC,nonlinnongauss2,2.0,48,0.25,0.125,0.125
TPC,nonlinnongauss2,2.0,49,0.25,0.125,0.125
TPC,nonlinnongauss2,2.5,0,0.25,0.125,0.125
TPC,nonlinnongauss2,2.5,1,0.25,0.25,0.0
TPC,nonlinnongauss2,2.5,2,0.25,0.125,0.125
TPC,nonlinnongauss2,2.5,3,0.25,0.125,0.125
TPC,nonlinnongauss2,2.5,4,0.5,0.0,0.5
TPC,nonlinnongauss2,2.5,5,0.25,0.0,0.25
TPC,nonlinnongauss2,2.5,6,0.25,0.125,0.125
TPC,nonlinnongauss2,2.5,7,0.25,0.0,0.25
TPC,nonlinnongauss2,2.5,8,0.25,0.0,0.25
TPC,nonlinnongauss2,2.5,9,0.25,0.0,0.25
TPC,nonlinnongauss2,2.5,10,0.25,0.0,0.25
TPC,nonlinnongauss2,2.5,11,0.25,0.0,0.25
TPC,nonlinnongauss2,2.5,12,0.25,0.125,0.125
TPC,nonlinnongauss2,2.5,13,0.25,0.0,0.25
TPC,nonlinnongauss2,2.5,14,0.25,0.0,0.25
TPC,nonlinnongauss2,2.5,15,0.25,0.125,0.125
TPC,nonlinnongauss2,2.5,16,0.25,0.0,0.25
TPC,nonlinnongauss2,2.5,17,0.25,0.0,0.25
TPC,nonlinnongauss2,2.5,18,0.25,0.125,0.125
TPC,nonlinnongauss2,2.5,19,0.25,0.125,0.125
TPC,nonlinnongauss2,2.5,20,0.25,0.0,0.25
TPC,nonlinnongauss2,2.5,21,0.25,0.0,0.25
TPC,nonlinnongauss2,2.5,22,0.25,0.125,0.125
TPC,nonlinnongauss2,2.5,23,0.25,0.0,0.25
TPC,nonlinnongauss2,2.5,24,0.25,0.0,0.25
TPC,nonlinnongauss2,2.5,25,0.25,0.0,0.25
TPC,nonlinnongauss2,2.5,26,0.25,0.0,0.25
TPC,nonlinnongauss2,2.5,27,0.25,0.0,0.25
TPC,nonlinnongauss2,2.5,28,0.25,0.125,0.125
TPC,nonlinnongauss2,2.5,29,0.25,0.0,0.25
TPC,nonlinnongauss2,2.5,30,0.25,0.0,0.25
TPC,nonlinnongauss2,2.5,31,0.5,0.125,0.375
TPC,nonlinnongauss2,2.5,32,0.25,0.0,0.25
TPC,nonlinnongauss2,2.5,33,0.25,0.0,0.25
TPC,nonlinnongauss2,2.5,34,0.25,0.125,0.125
TPC,nonlinnongauss2,2.5,35,0.25,0.125,0.125
TPC,nonlinnongauss2,2.5,36,0.25,0.25,0.0
TPC,nonlinnongauss2,2.5,37,0.25,0.125,0.125
TPC,nonlinnongauss2,2.5,38,0.25,0.125,0.125
TPC,nonlinnongauss2,2.5,39,0.25,0.125,0.125
TPC,nonlinnongauss2,2.5,40,0.25,0.0,0.25
TPC,nonlinnongauss2,2.5,41,0.25,0.125,0.125
TPC,nonlinnongauss2,2.5,42,0.25,0.0,0.25
TPC,nonlinnongauss2,2.5,43,0.25,0.125,0.125
TPC,nonlinnongauss2,2.5,44,0.25,0.0,0.25
TPC,nonlinnongauss2,2.5,45,0.25,0.0,0.25
TPC,nonlinnongauss2,2.5,46,0.25,0.0,0.25
TPC,nonlinnongauss2,2.5,47,0.25,0.125,0.125
TPC,nonlinnongauss2,2.5,48,0.25,0.0,0.25
TPC,nonlinnongauss2,2.5,49,0.25,0.0,0.25
TPC,nonlinnongauss2,3.0,0,0.25,0.125,0.125
TPC,nonlinnongauss2,3.0,1,0.25,0.125,0.125
TPC,nonlinnongauss2,3.0,2,0.25,0.0,0.25
TPC,nonlinnongauss2,3.0,3,0.5,0.0,0.5
TPC,nonlinnongauss2,3.0,4,0.5,0.0,0.5
TPC,nonlinnongauss2,3.0,5,0.25,0.0,0.25
TPC,nonlinnongauss2,3.0,6,0.25,0.0,0.25
TPC,nonlinnongauss2,3.0,7,0.25,0.0,0.25
TPC,nonlinnongauss2,3.0,8,0.25,0.0,0.25
TPC,nonlinnongauss2,3.0,9,0.25,0.0,0.25
TPC,nonlinnongauss2,3.0,10,0.25,0.0,0.25
TPC,nonlinnongauss2,3.0,11,0.25,0.0,0.25
TPC,nonlinnongauss2,3.0,12,0.25,0.125,0.125
TPC,nonlinnongauss2,3.0,13,0.25,0.0,0.25
TPC,nonlinnongauss2,3.0,14,0.25,0.0,0.25
TPC,nonlinnongauss2,3.0,15,0.25,0.0,0.25
TPC,nonlinnongauss2,3.0,16,0.25,0.0,0.25
TPC,nonlinnongauss2,3.0,17,0.25,0.0,0.25
TPC,nonlinnongauss2,3.0,18,0.25,0.0,0.25
TPC,nonlinnongauss2,3.0,19,0.25,0.0,0.25
TPC,nonlinnongauss2,3.0,20,0.25,0.0,0.25
TPC,nonlinnongauss2,3.0,21,0.25,0.0,0.25
TPC,nonlinnongauss2,3.0,22,0.25,0.0,0.25
TPC,nonlinnongauss2,3.0,23,0.25,0.0,0.25
TPC,nonlinnongauss2,3.0,24,0.5,0.0,0.5
TPC,nonlinnongauss2,3.0,25,0.25,0.0,0.25
TPC,nonlinnongauss2,3.0,26,0.25,0.0,0.25
TPC,nonlinnongauss2,3.0,27,0.25,0.125,0.125
TPC,nonlinnongauss2,3.0,28,0.25,0.0,0.25
TPC,nonlinnongauss2,3.0,29,0.25,0.0,0.25
TPC,nonlinnongauss2,3.0,30,0.25,0.0,0.25
TPC,nonlinnongauss2,3.0,31,0.25,0.0,0.25
TPC,nonlinnongauss2,3.0,32,0.25,0.0,0.25
TPC,nonlinnongauss2,3.0,33,0.25,0.0,0.25
TPC,nonlinnongauss2,3.0,34,0.25,0.0,0.25
TPC,nonlinnongauss2,3.0,35,0.25,0.0,0.25
TPC,nonlinnongauss2,3.0,36,0.25,0.125,0.125
TPC,nonlinnongauss2,3.0,37,0.25,0.0,0.25
TPC,nonlinnongauss2,3.0,38,0.25,0.125,0.125
TPC,nonlinnongauss2,3.0,39,0.25,0.0,0.25
TPC,nonlinnongauss2,3.0,40,0.5,0.0,0.5
TPC,nonlinnongauss2,3.0,41,0.25,0.0,0.25
TPC,nonlinnongauss2,3.0,42,0.25,0.0,0.25
TPC,nonlinnongauss2,3.0,43,0.25,0.0,0.25
TPC,nonlinnongauss2,3.0,44,0.25,0.0,0.25
TPC,nonlinnongauss2,3.0,45,0.25,0.0,0.25
TPC,nonlinnongauss2,3.0,46,0.25,0.0,0.25
TPC,nonlinnongauss2,3.0,47,0.25,0.125,0.125
TPC,nonlinnongauss2,3.0,48,0.25,0.0,0.25
TPC,nonlinnongauss2,3.0,49,0.25,0.125,0.125
TPC,nonlinnongauss2,3.5,0,0.25,0.0,0.25
TPC,nonlinnongauss2,3.5,1,0.25,0.125,0.125
TPC,nonlinnongauss2,3.5,2,0.25,0.0,0.25
TPC,nonlinnongauss2,3.5,3,0.5,0.0,0.5
TPC,nonlinnongauss2,3.5,4,0.25,0.0,0.25
TPC,nonlinnongauss2,3.5,5,0.25,0.0,0.25
TPC,nonlinnongauss2,3.5,6,0.25,0.0,0.25
TPC,nonlinnongauss2,3.5,7,0.25,0.0,0.25
TPC,nonlinnongauss2,3.5,8,0.25,0.125,0.125
TPC,nonlinnongauss2,3.5,9,0.25,0.0,0.25
TPC,nonlinnongauss2,3.5,10,0.5,0.0,0.5
TPC,nonlinnongauss2,3.5,11,0.25,0.0,0.25
TPC,nonlinnongauss2,3.5,12,0.25,0.125,0.125
TPC,nonlinnongauss2,3.5,13,0.25,0.0,0.25
TPC,nonlinnongauss2,3.5,14,0.25,0.0,0.25
TPC,nonlinnongauss2,3.5,15,0.25,0.0,0.25
TPC,nonlinnongauss2,3.5,16,0.25,0.0,0.25
TPC,nonlinnongauss2,3.5,17,0.25,0.0,0.25
TPC,nonlinnongauss2,3.5,18,0.25,0.0,0.25
TPC,nonlinnongauss2,3.5,19,0.25,0.0,0.25
TPC,nonlinnongauss2,3.5,20,0.25,0.0,0.25
TPC,nonlinnongauss2,3.5,21,0.25,0.0,0.25
TPC,nonlinnongauss2,3.5,22,0.25,0.0,0.25
TPC,nonlinnongauss2,3.5,23,0.25,0.0,0.25
TPC,nonlinnongauss2,3.5,24,0.25,0.125,0.125
TPC,nonlinnongauss2,3.5,25,0.25,0.0,0.25
TPC,nonlinnongauss2,3.5,26,0.25,0.0,0.25
TPC,nonlinnongauss2,3.5,27,0.25,0.125,0.125
TPC,nonlinnongauss2,3.5,28,0.25,0.0,0.25
TPC,nonlinnongauss2,3.5,29,0.25,0.0,0.25
TPC,nonlinnongauss2,3.5,30,0.25,0.0,0.25
TPC,nonlinnongauss2,3.5,31,0.25,0.0,0.25
TPC,nonlinnongauss2,3.5,32,0.25,0.0,0.25
TPC,nonlinnongauss2,3.5,33,0.25,0.0,0.25
TPC,nonlinnongauss2,3.5,34,0.5,0.0,0.5
TPC,nonlinnongauss2,3.5,35,0.25,0.0,0.25
TPC,nonlinnongauss2,3.5,36,0.25,0.125,0.125
TPC,nonlinnongauss2,3.5,37,0.25,0.0,0.25
TPC,nonlinnongauss2,3.5,38,0.25,0.0,0.25
TPC,nonlinnongauss2,3.5,39,0.25,0.0,0.25
TPC,nonlinnongauss2,3.5,40,0.25,0.0,0.25
TPC,nonlinnongauss2,3.5,41,0.25,0.0,0.25
TPC,nonlinnongauss2,3.5,42,0.25,0.0,0.25
TPC,nonlinnongauss2,3.5,43,0.5,0.0,0.5
TPC,nonlinnongauss2,3.5,44,0.25,0.0,0.25
TPC,nonlinnongauss2,3.5,45,0.25,0.0,0.25
TPC,nonlinnongauss2,3.5,46,0.25,0.0,0.25
TPC,nonlinnongauss2,3.5,47,0.25,0.125,0.125
TPC,nonlinnongauss2,3.5,48,0.25,0.0,0.25
TPC,nonlinnongauss2,3.5,49,0.25,0.0,0.25
